2026-07-12 21:56:16.956 | ERROR    | api.upstox_client:get:54 - Request failed for /market-quote/quotes: Event loop is closed
2026-07-12 21:56:57.290 | ERROR    | api.upstox_client:get:54 - Request failed for /market-quote/quotes: Event loop is closed
2026-07-12 21:57:05.357 | INFO     | services.instruments:fetch_index_constituents:77 - Fetched 200 constituents for NIFTY 200
2026-07-12 21:57:10.665 | ERROR    | api.upstox_client:get:54 - Request failed for /historical-candle/NSE_EQ|INE016A01026/day/2026-07-12/2026-06-12: Event loop is closed
2026-07-12 21:57:10.725 | ERROR    | api.upstox_client:get:54 - Request failed for /historical-candle/NSE_EQ|INE361B01024/day/2026-07-12/2026-06-12: Event loop is closed
2026-07-12 21:57:10.798 | ERROR    | api.upstox_client:get:54 - Request failed for /historical-candle/NSE_EQ|INE089A01031/day/2026-07-12/2026-06-12: Event loop is closed
2026-07-12 21:57:10.866 | ERROR    | api.upstox_client:get:54 - Request failed for /historical-candle/NSE_EQ|INE484J01027/day/2026-07-12/2026-06-12: Event loop is closed
2026-07-12 21:57:10.928 | ERROR    | api.upstox_client:get:54 - Request failed for /historical-candle/NSE_EQ|INE171A01029/day/2026-07-12/2026-06-12: Event loop is closed
2026-07-12 21:57:10.976 | ERROR    | api.upstox_client:get:54 - Request failed for /historical-candle/NSE_EQ|INE758T01015/day/2026-07-12/2026-06-12: Event loop is closed
2026-07-12 21:57:11.011 | ERROR    | api.upstox_client:get:54 - Request failed for /historical-candle/NSE_EQ|INE040A01034/day/2026-07-12/2026-06-12: Event loop is closed
2026-07-12 21:57:11.029 | ERROR    | api.upstox_client:get:54 - Request failed for /historical-candle/NSE_EQ|INE129A01019/day/2026-07-12/2026-06-12: Event loop is closed
2026-07-12 21:57:11.048 | ERROR    | api.upstox_client:get:54 - Request failed for /historical-candle/NSE_EQ|INE860A01027/day/2026-07-12/2026-06-12: Event loop is closed
2026-07-12 21:57:11.086 | ERROR    | api.upstox_client:get:54 - Request failed for /historical-candle/NSE_EQ|INE935N01020/day/2026-07-12/2026-06-12: Event loop is closed
2026-07-12 21:57:11.168 | ERROR    | api.upstox_client:get:54 - Request failed for /historical-candle/NSE_EQ|INE158A01026/day/2026-07-12/2026-06-12: Event loop is closed
2026-07-12 21:57:11.246 | ERROR    | api.upstox_client:get:54 - Request failed for /historical-candle/NSE_EQ|INE047A01021/day/2026-07-12/2026-06-12: Event loop is closed
2026-07-12 21:57:11.364 | ERROR    | api.upstox_client:get:54 - Request failed for /historical-candle/NSE_EQ|INE795G01014/day/2026-07-12/2026-06-12: Event loop is closed
2026-07-12 21:57:18.244 | INFO     | news:fetch_news:156 - Fetched 84 unique news items
2026-07-12 21:57:44.718 | ERROR    | api.upstox_client:get:54 - Request failed for /market-quote/quotes: Event loop is closed
2026-07-12 21:57:48.034 | INFO     | scanner:run_scan:98 - Starting Nifty 200 strategy scan...
2026-07-12 21:58:07.226 | INFO     | scanner:run_scan:118 - Scan complete: 200 stocks processed
2026-07-12 21:58:07.410 | ERROR    | api.upstox_client:get:54 - Request failed for /historical-candle/NSE_EQ|INE016A01026/day/2026-07-12/2026-06-12: Event loop is closed
2026-07-12 21:58:07.433 | ERROR    | api.upstox_client:get:54 - Request failed for /historical-candle/NSE_EQ|INE361B01024/day/2026-07-12/2026-06-12: Event loop is closed
2026-07-12 21:58:07.474 | ERROR    | api.upstox_client:get:54 - Request failed for /historical-candle/NSE_EQ|INE089A01031/day/2026-07-12/2026-06-12: Event loop is closed
2026-07-12 21:58:07.512 | ERROR    | api.upstox_client:get:54 - Request failed for /historical-candle/NSE_EQ|INE878B01027/day/2026-07-12/2026-06-12: Event loop is closed
2026-07-12 21:58:07.550 | ERROR    | api.upstox_client:get:54 - Request failed for /historical-candle/NSE_EQ|INE047A01021/day/2026-07-12/2026-06-12: Event loop is closed
2026-07-12 21:58:07.583 | ERROR    | api.upstox_client:get:54 - Request failed for /historical-candle/NSE_EQ|INE171A01029/day/2026-07-12/2026-06-12: Event loop is closed
2026-07-12 21:58:07.635 | ERROR    | api.upstox_client:get:54 - Request failed for /historical-candle/NSE_EQ|INE935N01020/day/2026-07-12/2026-06-12: Event loop is closed
2026-07-12 21:59:15.201 | ERROR    | api.upstox_client:get:54 - Request failed for /market-quote/quotes: Event loop is closed
2026-07-12 21:59:24.748 | ERROR    | api.upstox_client:get:54 - Request failed for /historical-candle/NSE_EQ|INE245A01021/day/2026-07-12/2026-06-12: Event loop is closed
2026-07-12 21:59:24.812 | ERROR    | api.upstox_client:get:54 - Request failed for /historical-candle/NSE_EQ|INE081A01020/day/2026-07-12/2026-06-12: Event loop is closed
2026-07-12 21:59:24.858 | ERROR    | api.upstox_client:get:54 - Request failed for /historical-candle/NSE_EQ|INE628A01036/day/2026-07-12/2026-06-12: Event loop is closed
2026-07-12 21:59:24.874 | ERROR    | api.upstox_client:get:54 - Request failed for /historical-candle/NSE_EQ|INE280A01028/day/2026-07-12/2026-06-12: Event loop is closed
2026-07-12 21:59:24.909 | ERROR    | api.upstox_client:get:54 - Request failed for /historical-candle/NSE_EQ|INE377N01017/day/2026-07-12/2026-06-12: Event loop is closed
2026-07-12 21:59:24.938 | ERROR    | api.upstox_client:get:54 - Request failed for /historical-candle/NSE_EQ|INE01EA01019/day/2026-07-12/2026-06-12: Event loop is closed
2026-07-12 21:59:24.941 | ERROR    | api.upstox_client:get:54 - Request failed for /historical-candle/NSE_EQ|INE481G01011/day/2026-07-12/2026-06-12: Event loop is closed
2026-07-12 21:59:24.960 | ERROR    | api.upstox_client:get:54 - Request failed for /historical-candle/NSE_EQ|INE849A01020/day/2026-07-12/2026-06-12: Event loop is closed
2026-07-12 21:59:24.970 | ERROR    | api.upstox_client:get:54 - Request failed for /historical-candle/NSE_EQ|INE528G01035/day/2026-07-12/2026-06-12: Event loop is closed
2026-07-12 21:59:24.979 | ERROR    | api.upstox_client:get:54 - Request failed for /historical-candle/NSE_EQ|INE669E01016/day/2026-07-12/2026-06-12: Event loop is closed
2026-07-12 21:59:25.000 | ERROR    | api.upstox_client:get:54 - Request failed for /historical-candle/NSE_EQ|INE854D01024/day/2026-07-12/2026-06-12: Event loop is closed
2026-07-12 21:59:25.010 | ERROR    | api.upstox_client:get:54 - Request failed for /historical-candle/NSE_EQ|INE200M01039/day/2026-07-12/2026-06-12: Event loop is closed
2026-07-12 21:59:25.024 | ERROR    | api.upstox_client:get:54 - Request failed for /historical-candle/NSE_EQ|INE226A01021/day/2026-07-12/2026-06-12: Event loop is closed
2026-07-12 21:59:25.051 | ERROR    | api.upstox_client:get:54 - Request failed for /historical-candle/NSE_EQ|INE669C01036/day/2026-07-12/2026-06-12: Event loop is closed
2026-07-12 21:59:28.758 | ERROR    | api.upstox_client:get:54 - Request failed for /historical-candle/NSE_EQ|INE245A01021/day/2026-07-12/2026-06-12: Event loop is closed
2026-07-12 21:59:28.773 | ERROR    | api.upstox_client:get:54 - Request failed for /historical-candle/NSE_EQ|INE081A01020/day/2026-07-12/2026-06-12: Event loop is closed
2026-07-12 21:59:28.832 | ERROR    | api.upstox_client:get:54 - Request failed for /historical-candle/NSE_EQ|INE280A01028/day/2026-07-12/2026-06-12: Event loop is closed
2026-07-12 21:59:28.865 | ERROR    | api.upstox_client:get:54 - Request failed for /historical-candle/NSE_EQ|INE481G01011/day/2026-07-12/2026-06-12: Event loop is closed
2026-07-12 21:59:28.896 | ERROR    | api.upstox_client:get:54 - Request failed for /historical-candle/NSE_EQ|INE01EA01019/day/2026-07-12/2026-06-12: Event loop is closed
2026-07-12 21:59:28.920 | ERROR    | api.upstox_client:get:54 - Request failed for /historical-candle/NSE_EQ|INE377N01017/day/2026-07-12/2026-06-12: Event loop is closed
2026-07-12 21:59:34.037 | INFO     | news:fetch_news:156 - Fetched 84 unique news items
2026-07-12 22:00:20.587 | ERROR    | api.upstox_client:get:54 - Request failed for /market-quote/quotes: Event loop is closed
2026-07-12 22:00:45.646 | ERROR    | api.upstox_client:get:54 - Request failed for /market-quote/quotes: Event loop is closed
2026-07-13 22:59:09.930 | ERROR    | api.upstox_client:get:54 - Request failed for /market-quote/quotes: Event loop is closed
2026-07-13 22:59:15.121 | INFO     | services.instruments:fetch_index_constituents:77 - Fetched 200 constituents for NIFTY 200
2026-07-13 22:59:20.702 | ERROR    | api.upstox_client:get:54 - Request failed for /historical-candle/NSE_EQ|INE016A01026/day/2026-07-13/2026-06-13: Event loop is closed
2026-07-13 22:59:20.751 | ERROR    | api.upstox_client:get:54 - Request failed for /historical-candle/NSE_EQ|INE066A01021/day/2026-07-13/2026-06-13: Event loop is closed
2026-07-13 22:59:20.758 | ERROR    | api.upstox_client:get:54 - Request failed for /historical-candle/NSE_EQ|INE361B01024/day/2026-07-13/2026-06-13: Event loop is closed
2026-07-13 22:59:20.786 | ERROR    | api.upstox_client:get:54 - Request failed for /historical-candle/NSE_EQ|INE758T01015/day/2026-07-13/2026-06-13: Event loop is closed
2026-07-13 22:59:20.809 | ERROR    | api.upstox_client:get:54 - Request failed for /historical-candle/NSE_EQ|INE484J01027/day/2026-07-13/2026-06-13: Event loop is closed
2026-07-13 22:59:20.878 | ERROR    | api.upstox_client:get:54 - Request failed for /historical-candle/NSE_EQ|INE047A01021/day/2026-07-13/2026-06-13: Event loop is closed
2026-07-13 22:59:20.967 | ERROR    | api.upstox_client:get:54 - Request failed for /historical-candle/NSE_EQ|INE089A01031/day/2026-07-13/2026-06-13: Event loop is closed
2026-07-13 22:59:20.993 | ERROR    | api.upstox_client:get:54 - Request failed for /historical-candle/NSE_EQ|INE795G01014/day/2026-07-13/2026-06-13: Event loop is closed
2026-07-13 22:59:21.034 | ERROR    | api.upstox_client:get:54 - Request failed for /historical-candle/NSE_EQ|INE302A01020/day/2026-07-13/2026-06-13: Event loop is closed
2026-07-13 22:59:21.130 | ERROR    | api.upstox_client:get:54 - Request failed for /historical-candle/NSE_EQ|INE061F01013/day/2026-07-13/2026-06-13: Event loop is closed
2026-07-13 22:59:21.200 | ERROR    | api.upstox_client:get:54 - Request failed for /historical-candle/NSE_EQ|INE776C01039/day/2026-07-13/2026-06-13: Event loop is closed
2026-07-13 22:59:21.291 | ERROR    | api.upstox_client:get:54 - Request failed for /historical-candle/NSE_EQ|INE388Y01029/day/2026-07-13/2026-06-13: Event loop is closed
2026-07-13 22:59:26.157 | INFO     | news:fetch_news:156 - Fetched 84 unique news items
2026-07-13 23:00:06.876 | INFO     | scanner:run_scan:98 - Starting Nifty 200 strategy scan...
2026-07-13 23:00:06.883 | ERROR    | api.upstox_client:get:54 - Request failed for /historical-candle/NSE_INDEX|Nifty 50/day/2026-07-13/2025-06-08: Event loop is closed
2026-07-13 23:00:26.571 | INFO     | scanner:run_scan:118 - Scan complete: 200 stocks processed
2026-07-13 23:00:42.356 | ERROR    | api.upstox_client:get:54 - Request failed for /historical-candle/NSE_EQ|INE016A01026/day/2026-07-13/2026-06-13: Event loop is closed
2026-07-22 09:25:15.854 | ERROR    | api.upstox_client:get:54 - Request failed for /market-quote/quotes: Event loop is closed
2026-07-22 09:25:36.817 | ERROR    | api.upstox_client:get:54 - Request failed for /market-quote/quotes: Event loop is closed
2026-07-22 09:25:49.449 | INFO     | services.instruments:fetch_index_constituents:77 - Fetched 200 constituents for NIFTY 200
2026-07-22 09:25:54.783 | ERROR    | api.upstox_client:get:54 - Request failed for /historical-candle/NSE_EQ|INE016A01026/day/2026-07-22/2026-06-22: Event loop is closed
2026-07-22 09:25:54.820 | ERROR    | api.upstox_client:get:54 - Request failed for /historical-candle/NSE_EQ|INE361B01024/day/2026-07-22/2026-06-22: Event loop is closed
2026-07-22 09:25:54.851 | ERROR    | api.upstox_client:get:54 - Request failed for /historical-candle/NSE_EQ|INE089A01031/day/2026-07-22/2026-06-22: Event loop is closed
2026-07-22 09:25:54.880 | ERROR    | api.upstox_client:get:54 - Request failed for /historical-candle/NSE_EQ|INE484J01027/day/2026-07-22/2026-06-22: Event loop is closed
2026-07-22 09:25:54.912 | ERROR    | api.upstox_client:get:54 - Request failed for /historical-candle/NSE_EQ|INE171A01029/day/2026-07-22/2026-06-22: Event loop is closed
2026-07-22 09:25:54.937 | ERROR    | api.upstox_client:get:54 - Request failed for /historical-candle/NSE_EQ|INE758T01015/day/2026-07-22/2026-06-22: Event loop is closed
2026-07-22 09:25:54.968 | ERROR    | api.upstox_client:get:54 - Request failed for /historical-candle/NSE_EQ|INE935N01020/day/2026-07-22/2026-06-22: Event loop is closed
2026-07-22 09:25:54.995 | ERROR    | api.upstox_client:get:54 - Request failed for /historical-candle/NSE_EQ|INE047A01021/day/2026-07-22/2026-06-22: Event loop is closed
2026-07-22 09:25:55.020 | ERROR    | api.upstox_client:get:54 - Request failed for /historical-candle/NSE_EQ|INE860A01027/day/2026-07-22/2026-06-22: Event loop is closed
2026-07-22 09:25:55.047 | ERROR    | api.upstox_client:get:54 - Request failed for /historical-candle/NSE_EQ|INE066A01021/day/2026-07-22/2026-06-22: Event loop is closed
2026-07-22 09:25:55.071 | ERROR    | api.upstox_client:get:54 - Request failed for /historical-candle/NSE_EQ|INE040A01034/day/2026-07-22/2026-06-22: Event loop is closed
2026-07-22 09:25:55.111 | ERROR    | api.upstox_client:get:54 - Request failed for /historical-candle/NSE_EQ|INE795G01014/day/2026-07-22/2026-06-22: Event loop is closed
2026-07-22 09:25:55.146 | ERROR    | api.upstox_client:get:54 - Request failed for /historical-candle/NSE_EQ|INE176B01034/day/2026-07-22/2026-06-22: Event loop is closed
2026-07-22 09:25:55.180 | ERROR    | api.upstox_client:get:54 - Request failed for /historical-candle/NSE_EQ|INE158A01026/day/2026-07-22/2026-06-22: Event loop is closed
2026-07-22 09:25:55.218 | ERROR    | api.upstox_client:get:54 - Request failed for /historical-candle/NSE_EQ|INE038A01020/day/2026-07-22/2026-06-22: Event loop is closed
2026-07-22 09:25:59.850 | ERROR    | api.upstox_client:get:54 - Request failed for /historical-candle/NSE_EQ|INE016A01026/day/2026-07-22/2026-06-22: Event loop is closed
2026-07-22 09:25:59.869 | ERROR    | api.upstox_client:get:54 - Request failed for /historical-candle/NSE_EQ|INE361B01024/day/2026-07-22/2026-06-22: Event loop is closed
2026-07-22 09:25:59.905 | ERROR    | api.upstox_client:get:54 - Request failed for /historical-candle/NSE_EQ|INE089A01031/day/2026-07-22/2026-06-22: Event loop is closed
2026-07-22 09:25:59.934 | ERROR    | api.upstox_client:get:54 - Request failed for /historical-candle/NSE_EQ|INE758E01017/day/2026-07-22/2026-06-22: Event loop is closed
2026-07-22 09:25:59.968 | ERROR    | api.upstox_client:get:54 - Request failed for /historical-candle/NSE_EQ|INE047A01021/day/2026-07-22/2026-06-22: Event loop is closed
2026-07-22 09:25:59.998 | ERROR    | api.upstox_client:get:54 - Request failed for /historical-candle/NSE_EQ|INE758T01015/day/2026-07-22/2026-06-22: Event loop is closed
2026-07-22 09:26:00.032 | ERROR    | api.upstox_client:get:54 - Request failed for /historical-candle/NSE_EQ|INE935N01020/day/2026-07-22/2026-06-22: Event loop is closed
2026-07-22 09:26:00.067 | ERROR    | api.upstox_client:get:54 - Request failed for /historical-candle/NSE_EQ|INE797F01020/day/2026-07-22/2026-06-22: Event loop is closed
2026-07-22 09:26:00.103 | ERROR    | api.upstox_client:get:54 - Request failed for /historical-candle/NSE_EQ|INE878B01027/day/2026-07-22/2026-06-22: Event loop is closed
2026-07-22 09:26:00.134 | ERROR    | api.upstox_client:get:54 - Request failed for /historical-candle/NSE_EQ|INE066A01021/day/2026-07-22/2026-06-22: Event loop is closed
2026-07-22 09:26:00.167 | ERROR    | api.upstox_client:get:54 - Request failed for /historical-candle/NSE_EQ|INE303R01014/day/2026-07-22/2026-06-22: Event loop is closed
2026-07-22 09:26:00.201 | ERROR    | api.upstox_client:get:54 - Request failed for /historical-candle/NSE_EQ|INE237A01036/day/2026-07-22/2026-06-22: Event loop is closed
2026-07-22 09:26:00.231 | ERROR    | api.upstox_client:get:54 - Request failed for /historical-candle/NSE_EQ|INE498L01015/day/2026-07-22/2026-06-22: Event loop is closed
2026-07-22 09:26:00.263 | ERROR    | api.upstox_client:get:54 - Request failed for /historical-candle/NSE_EQ|INE324D01010/day/2026-07-22/2026-06-22: Event loop is closed
2026-07-22 09:26:00.311 | ERROR    | api.upstox_client:get:54 - Request failed for /historical-candle/NSE_EQ|INE115A01026/day/2026-07-22/2026-06-22: Event loop is closed
2026-07-22 09:26:05.067 | ERROR    | api.upstox_client:get:54 - Request failed for /historical-candle/NSE_EQ|INE016A01026/day/2026-07-22/2026-06-22: Event loop is closed
2026-07-22 09:26:05.086 | ERROR    | api.upstox_client:get:54 - Request failed for /historical-candle/NSE_EQ|INE361B01024/day/2026-07-22/2026-06-22: Event loop is closed
2026-07-22 09:26:05.119 | ERROR    | api.upstox_client:get:54 - Request failed for /historical-candle/NSE_EQ|INE089A01031/day/2026-07-22/2026-06-22: Event loop is closed
2026-07-22 09:26:05.147 | ERROR    | api.upstox_client:get:54 - Request failed for /historical-candle/NSE_EQ|INE274J01014/day/2026-07-22/2026-06-22: Event loop is closed
2026-07-22 09:26:05.179 | ERROR    | api.upstox_client:get:54 - Request failed for /historical-candle/NSE_EQ|INE797F01020/day/2026-07-22/2026-06-22: Event loop is closed
2026-07-22 09:26:05.204 | ERROR    | api.upstox_client:get:54 - Request failed for /historical-candle/NSE_EQ|INE758T01015/day/2026-07-22/2026-06-22: Event loop is closed
2026-07-22 09:26:05.233 | ERROR    | api.upstox_client:get:54 - Request failed for /historical-candle/NSE_EQ|INE935N01020/day/2026-07-22/2026-06-22: Event loop is closed
2026-07-22 09:26:05.262 | ERROR    | api.upstox_client:get:54 - Request failed for /historical-candle/NSE_EQ|INE982J01020/day/2026-07-22/2026-06-22: Event loop is closed
2026-07-22 09:26:05.292 | ERROR    | api.upstox_client:get:54 - Request failed for /historical-candle/NSE_EQ|INE881D01027/day/2026-07-22/2026-06-22: Event loop is closed
2026-07-22 09:26:05.319 | ERROR    | api.upstox_client:get:54 - Request failed for /historical-candle/NSE_EQ|INE066A01021/day/2026-07-22/2026-06-22: Event loop is closed
2026-07-22 09:26:05.351 | ERROR    | api.upstox_client:get:54 - Request failed for /historical-candle/NSE_EQ|INE603J01030/day/2026-07-22/2026-06-22: Event loop is closed
2026-07-22 09:26:05.383 | ERROR    | api.upstox_client:get:54 - Request failed for /historical-candle/NSE_EQ|INE761H01022/day/2026-07-22/2026-06-22: Event loop is closed
2026-07-22 09:26:05.412 | ERROR    | api.upstox_client:get:54 - Request failed for /historical-candle/NSE_EQ|INE619A01035/day/2026-07-22/2026-06-22: Event loop is closed
2026-07-22 09:26:05.445 | ERROR    | api.upstox_client:get:54 - Request failed for /historical-candle/NSE_EQ|INE262H01021/day/2026-07-22/2026-06-22: Event loop is closed
2026-07-22 09:26:05.501 | ERROR    | api.upstox_client:get:54 - Request failed for /historical-candle/NSE_EQ|INE211B01039/day/2026-07-22/2026-06-22: Event loop is closed
2026-07-22 09:26:09.974 | ERROR    | api.upstox_client:get:54 - Request failed for /historical-candle/NSE_EQ|INE016A01026/day/2026-07-22/2026-06-22: Event loop is closed
2026-07-22 09:26:10.004 | ERROR    | api.upstox_client:get:54 - Request failed for /historical-candle/NSE_EQ|INE361B01024/day/2026-07-22/2026-06-22: Event loop is closed
2026-07-22 09:26:10.033 | ERROR    | api.upstox_client:get:54 - Request failed for /historical-candle/NSE_EQ|INE089A01031/day/2026-07-22/2026-06-22: Event loop is closed
2026-07-22 09:26:10.062 | ERROR    | api.upstox_client:get:54 - Request failed for /historical-candle/NSE_EQ|INE494B01023/day/2026-07-22/2026-06-22: Event loop is closed
2026-07-22 09:26:10.101 | ERROR    | api.upstox_client:get:54 - Request failed for /historical-candle/NSE_EQ|INE982J01020/day/2026-07-22/2026-06-22: Event loop is closed
2026-07-22 09:26:10.131 | ERROR    | api.upstox_client:get:54 - Request failed for /historical-candle/NSE_EQ|INE758T01015/day/2026-07-22/2026-06-22: Event loop is closed
2026-07-22 09:26:10.164 | ERROR    | api.upstox_client:get:54 - Request failed for /historical-candle/NSE_EQ|INE935N01020/day/2026-07-22/2026-06-22: Event loop is closed
2026-07-22 09:26:10.188 | ERROR    | api.upstox_client:get:54 - Request failed for /historical-candle/NSE_EQ|INE976I01016/day/2026-07-22/2026-06-22: Event loop is closed
2026-07-22 09:26:10.215 | ERROR    | api.upstox_client:get:54 - Request failed for /historical-candle/NSE_EQ|INE151A01013/day/2026-07-22/2026-06-22: Event loop is closed
2026-07-22 09:26:10.244 | ERROR    | api.upstox_client:get:54 - Request failed for /historical-candle/NSE_EQ|INE066A01021/day/2026-07-22/2026-06-22: Event loop is closed
2026-07-22 09:26:10.273 | ERROR    | api.upstox_client:get:54 - Request failed for /historical-candle/NSE_EQ|INE192A01025/day/2026-07-22/2026-06-22: Event loop is closed
2026-07-22 09:26:10.302 | ERROR    | api.upstox_client:get:54 - Request failed for /historical-candle/NSE_EQ|INE670A01012/day/2026-07-22/2026-06-22: Event loop is closed
2026-07-22 09:26:10.333 | ERROR    | api.upstox_client:get:54 - Request failed for /historical-candle/NSE_EQ|INE672A01026/day/2026-07-22/2026-06-22: Event loop is closed
2026-07-22 09:26:10.363 | ERROR    | api.upstox_client:get:54 - Request failed for /historical-candle/NSE_EQ|INE1TAE01010/day/2026-07-22/2026-06-22: Event loop is closed
2026-07-22 09:26:10.406 | ERROR    | api.upstox_client:get:54 - Request failed for /historical-candle/NSE_EQ|INE155A01022/day/2026-07-22/2026-06-22: Event loop is closed
2026-07-22 09:26:14.820 | ERROR    | api.upstox_client:get:54 - Request failed for /historical-candle/NSE_EQ|INE016A01026/day/2026-07-22/2026-06-22: Event loop is closed
2026-07-22 09:26:14.848 | ERROR    | api.upstox_client:get:54 - Request failed for /historical-candle/NSE_EQ|INE361B01024/day/2026-07-22/2026-06-22: Event loop is closed
2026-07-22 09:26:14.878 | ERROR    | api.upstox_client:get:54 - Request failed for /historical-candle/NSE_EQ|INE089A01031/day/2026-07-22/2026-06-22: Event loop is closed
2026-07-22 09:26:14.903 | ERROR    | api.upstox_client:get:54 - Request failed for /historical-candle/NSE_EQ|INE982J01020/day/2026-07-22/2026-06-22: Event loop is closed
2026-07-22 09:26:14.935 | ERROR    | api.upstox_client:get:54 - Request failed for /historical-candle/NSE_EQ|INE151A01013/day/2026-07-22/2026-06-22: Event loop is closed
2026-07-22 09:26:14.953 | ERROR    | api.upstox_client:get:54 - Request failed for /historical-candle/NSE_EQ|INE672A01026/day/2026-07-22/2026-06-22: Event loop is closed
2026-07-22 09:26:14.984 | ERROR    | api.upstox_client:get:54 - Request failed for /historical-candle/NSE_EQ|INE935N01020/day/2026-07-22/2026-06-22: Event loop is closed
2026-07-22 09:26:15.008 | ERROR    | api.upstox_client:get:54 - Request failed for /historical-candle/NSE_EQ|INE670A01012/day/2026-07-22/2026-06-22: Event loop is closed
2026-07-22 09:26:15.028 | ERROR    | api.upstox_client:get:54 - Request failed for /historical-candle/NSE_EQ|INE976I01016/day/2026-07-22/2026-06-22: Event loop is closed
2026-07-22 09:26:15.049 | ERROR    | api.upstox_client:get:54 - Request failed for /historical-candle/NSE_EQ|INE1TAE01010/day/2026-07-22/2026-06-22: Event loop is closed
2026-07-22 09:26:15.065 | ERROR    | api.upstox_client:get:54 - Request failed for /historical-candle/NSE_EQ|INE494B01023/day/2026-07-22/2026-06-22: Event loop is closed
2026-07-22 09:26:15.083 | ERROR    | api.upstox_client:get:54 - Request failed for /historical-candle/NSE_EQ|INE758T01015/day/2026-07-22/2026-06-22: Event loop is closed
2026-07-22 09:26:15.097 | ERROR    | api.upstox_client:get:54 - Request failed for /historical-candle/NSE_EQ|INE155A01022/day/2026-07-22/2026-06-22: Event loop is closed
2026-07-22 09:26:15.106 | ERROR    | api.upstox_client:get:54 - Request failed for /historical-candle/NSE_EQ|INE066A01021/day/2026-07-22/2026-06-22: Event loop is closed
2026-07-22 09:26:15.115 | ERROR    | api.upstox_client:get:54 - Request failed for /historical-candle/NSE_EQ|INE192A01025/day/2026-07-22/2026-06-22: Event loop is closed
2026-07-22 09:26:18.661 | ERROR    | api.upstox_client:get:54 - Request failed for /historical-candle/NSE_EQ|INE016A01026/day/2026-07-22/2026-06-22: Event loop is closed
2026-07-22 09:26:22.568 | ERROR    | api.upstox_client:get:54 - Request failed for /historical-candle/NSE_EQ|INE016A01026/day/2026-07-22/2026-06-22: Event loop is closed
2026-07-22 09:26:22.593 | ERROR    | api.upstox_client:get:54 - Request failed for /market-quote/quotes: Event loop is closed
2026-07-22 09:26:25.990 | ERROR    | api.upstox_client:get:54 - Request failed for /historical-candle/NSE_EQ|INE016A01026/day/2026-07-22/2026-06-22: Event loop is closed
2026-07-22 09:26:29.588 | ERROR    | api.upstox_client:get:54 - Request failed for /historical-candle/NSE_EQ|INE016A01026/day/2026-07-22/2026-06-22: Event loop is closed
2026-07-22 09:26:33.033 | ERROR    | api.upstox_client:get:54 - Request failed for /historical-candle/NSE_EQ|INE016A01026/day/2026-07-22/2026-06-22: Event loop is closed
2026-07-22 09:26:36.572 | ERROR    | api.upstox_client:get:54 - Request failed for /historical-candle/NSE_EQ|INE016A01026/day/2026-07-22/2026-06-22: Event loop is closed
2026-07-22 09:26:40.075 | ERROR    | api.upstox_client:get:54 - Request failed for /historical-candle/NSE_EQ|INE016A01026/day/2026-07-22/2026-06-22: Event loop is closed
2026-07-22 09:26:43.524 | ERROR    | api.upstox_client:get:54 - Request failed for /historical-candle/NSE_EQ|INE016A01026/day/2026-07-22/2026-06-22: Event loop is closed
2026-07-22 09:26:46.994 | ERROR    | api.upstox_client:get:54 - Request failed for /historical-candle/NSE_EQ|INE016A01026/day/2026-07-22/2026-06-22: Event loop is closed
2026-07-22 09:26:50.451 | ERROR    | api.upstox_client:get:54 - Request failed for /historical-candle/NSE_EQ|INE016A01026/day/2026-07-22/2026-06-22: Event loop is closed
2026-07-22 09:26:53.978 | ERROR    | api.upstox_client:get:54 - Request failed for /historical-candle/NSE_EQ|INE016A01026/day/2026-07-22/2026-06-22: Event loop is closed
2026-07-22 09:26:57.521 | ERROR    | api.upstox_client:get:54 - Request failed for /historical-candle/NSE_EQ|INE016A01026/day/2026-07-22/2026-06-22: Event loop is closed
2026-07-22 09:27:00.976 | ERROR    | api.upstox_client:get:54 - Request failed for /historical-candle/NSE_EQ|INE016A01026/day/2026-07-22/2026-06-22: Event loop is closed
2026-07-22 09:27:04.461 | ERROR    | api.upstox_client:get:54 - Request failed for /historical-candle/NSE_EQ|INE016A01026/day/2026-07-22/2026-06-22: Event loop is closed
2026-07-22 09:27:07.922 | ERROR    | api.upstox_client:get:54 - Request failed for /historical-candle/NSE_EQ|INE016A01026/day/2026-07-22/2026-06-22: Event loop is closed
2026-07-22 09:27:11.398 | ERROR    | api.upstox_client:get:54 - Request failed for /historical-candle/NSE_EQ|INE016A01026/day/2026-07-22/2026-06-22: Event loop is closed
2026-07-22 09:27:14.869 | ERROR    | api.upstox_client:get:54 - Request failed for /historical-candle/NSE_EQ|INE016A01026/day/2026-07-22/2026-06-22: Event loop is closed
2026-07-22 09:27:18.447 | ERROR    | api.upstox_client:get:54 - Request failed for /historical-candle/NSE_EQ|INE016A01026/day/2026-07-22/2026-06-22: Event loop is closed
2026-07-22 09:27:21.919 | ERROR    | api.upstox_client:get:54 - Request failed for /historical-candle/NSE_EQ|INE016A01026/day/2026-07-22/2026-06-22: Event loop is closed
2026-07-22 09:27:25.436 | ERROR    | api.upstox_client:get:54 - Request failed for /historical-candle/NSE_EQ|INE016A01026/day/2026-07-22/2026-06-22: Event loop is closed
2026-07-22 09:27:28.907 | ERROR    | api.upstox_client:get:54 - Request failed for /historical-candle/NSE_EQ|INE016A01026/day/2026-07-22/2026-06-22: Event loop is closed
2026-07-22 09:27:32.412 | ERROR    | api.upstox_client:get:54 - Request failed for /historical-candle/NSE_EQ|INE016A01026/day/2026-07-22/2026-06-22: Event loop is closed
2026-07-22 09:27:35.932 | ERROR    | api.upstox_client:get:54 - Request failed for /historical-candle/NSE_EQ|INE016A01026/day/2026-07-22/2026-06-22: Event loop is closed
2026-07-22 09:27:39.520 | ERROR    | api.upstox_client:get:54 - Request failed for /historical-candle/NSE_EQ|INE016A01026/day/2026-07-22/2026-06-22: Event loop is closed
2026-07-22 09:27:43.115 | ERROR    | api.upstox_client:get:54 - Request failed for /historical-candle/NSE_EQ|INE016A01026/day/2026-07-22/2026-06-22: Event loop is closed
2026-07-22 09:27:47.244 | ERROR    | api.upstox_client:get:54 - Request failed for /historical-candle/NSE_EQ|INE016A01026/day/2026-07-22/2026-06-22: Event loop is closed
2026-07-22 09:27:51.170 | ERROR    | api.upstox_client:get:54 - Request failed for /historical-candle/NSE_EQ|INE016A01026/day/2026-07-22/2026-06-22: Event loop is closed
2026-07-22 09:27:55.350 | ERROR    | api.upstox_client:get:54 - Request failed for /historical-candle/NSE_EQ|INE016A01026/day/2026-07-22/2026-06-22: Event loop is closed
2026-07-22 09:27:59.189 | ERROR    | api.upstox_client:get:54 - Request failed for /historical-candle/NSE_EQ|INE016A01026/day/2026-07-22/2026-06-22: Event loop is closed
2026-07-22 09:28:22.968 | INFO     | services.instruments:_get_upstox_instrument_master:73 - Loaded 0 NSE EQ instruments from Upstox master
2026-07-22 09:28:27.071 | INFO     | services.instruments:fetch_index_constituents:155 - Loaded 200 constituents for NIFTY 200
2026-07-22 09:28:37.710 | INFO     | services.instruments:_get_upstox_instrument_master:73 - Loaded 0 NSE EQ instruments from Upstox master
2026-07-22 09:28:39.931 | INFO     | services.instruments:fetch_index_constituents:155 - Loaded 200 constituents for NIFTY 200
2026-07-22 09:28:46.433 | ERROR    | api.upstox_client:get:54 - Request failed for /historical-candle/NSE_EQ|INE171A01029/day/2026-07-22/2026-06-22: Event loop is closed
2026-07-22 09:28:46.487 | ERROR    | api.upstox_client:get:54 - Request failed for /historical-candle/NSE_EQ|INE016A01026/day/2026-07-22/2026-06-22: Event loop is closed
2026-07-22 09:28:46.510 | ERROR    | api.upstox_client:get:54 - Request failed for /historical-candle/NSE_EQ|INE361B01024/day/2026-07-22/2026-06-22: Event loop is closed
2026-07-22 09:28:46.538 | ERROR    | api.upstox_client:get:54 - Request failed for /historical-candle/NSE_EQ|INE484J01027/day/2026-07-22/2026-06-22: Event loop is closed
2026-07-22 09:28:46.560 | ERROR    | api.upstox_client:get:54 - Request failed for /historical-candle/NSE_EQ|INE860A01027/day/2026-07-22/2026-06-22: Event loop is closed
2026-07-22 09:28:46.576 | ERROR    | api.upstox_client:get:54 - Request failed for /historical-candle/NSE_EQ|INE061F01013/day/2026-07-22/2026-06-22: Event loop is closed
2026-07-22 09:28:46.604 | ERROR    | api.upstox_client:get:54 - Request failed for /historical-candle/NSE_EQ|INE089A01031/day/2026-07-22/2026-06-22: Event loop is closed
2026-07-22 09:28:46.629 | ERROR    | api.upstox_client:get:54 - Request failed for /historical-candle/NSE_EQ|INE129A01019/day/2026-07-22/2026-06-22: Event loop is closed
2026-07-22 09:28:46.644 | ERROR    | api.upstox_client:get:54 - Request failed for /historical-candle/NSE_EQ|INE040A01034/day/2026-07-22/2026-06-22: Event loop is closed
2026-07-22 09:28:46.685 | ERROR    | api.upstox_client:get:54 - Request failed for /historical-candle/NSE_EQ|INE047A01021/day/2026-07-22/2026-06-22: Event loop is closed
2026-07-22 09:28:46.735 | ERROR    | api.upstox_client:get:54 - Request failed for /historical-candle/NSE_EQ|INE127D01025/day/2026-07-22/2026-06-22: Event loop is closed
2026-07-22 09:28:46.776 | ERROR    | api.upstox_client:get:54 - Request failed for /historical-candle/NSE_EQ|INE776C01039/day/2026-07-22/2026-06-22: Event loop is closed
2026-07-22 09:28:46.804 | ERROR    | api.upstox_client:get:54 - Request failed for /historical-candle/NSE_EQ|INE102D01028/day/2026-07-22/2026-06-22: Event loop is closed
2026-07-22 09:28:46.842 | ERROR    | api.upstox_client:get:54 - Request failed for /historical-candle/NSE_EQ|INE200A01026/day/2026-07-22/2026-06-22: Event loop is closed
2026-07-22 09:28:51.352 | ERROR    | api.upstox_client:get:54 - Request failed for /historical-candle/NSE_EQ|INE016A01026/day/2026-07-22/2026-06-22: Event loop is closed
2026-07-22 09:28:51.386 | ERROR    | api.upstox_client:get:54 - Request failed for /historical-candle/NSE_EQ|INE361B01024/day/2026-07-22/2026-06-22: Event loop is closed
2026-07-22 09:28:51.429 | ERROR    | api.upstox_client:get:54 - Request failed for /historical-candle/NSE_EQ|INE171A01029/day/2026-07-22/2026-06-22: Event loop is closed
2026-07-22 09:28:51.465 | ERROR    | api.upstox_client:get:54 - Request failed for /historical-candle/NSE_EQ|INE797F01020/day/2026-07-22/2026-06-22: Event loop is closed
2026-07-22 09:28:51.505 | ERROR    | api.upstox_client:get:54 - Request failed for /historical-candle/NSE_EQ|INE102D01028/day/2026-07-22/2026-06-22: Event loop is closed
2026-07-22 09:28:51.535 | ERROR    | api.upstox_client:get:54 - Request failed for /historical-candle/NSE_EQ|INE129A01019/day/2026-07-22/2026-06-22: Event loop is closed
2026-07-22 09:28:51.571 | ERROR    | api.upstox_client:get:54 - Request failed for /historical-candle/NSE_EQ|INE089A01031/day/2026-07-22/2026-06-22: Event loop is closed
2026-07-22 09:28:51.607 | ERROR    | api.upstox_client:get:54 - Request failed for /historical-candle/NSE_EQ|INE878B01027/day/2026-07-22/2026-06-22: Event loop is closed
2026-07-22 09:28:51.642 | ERROR    | api.upstox_client:get:54 - Request failed for /historical-candle/NSE_EQ|INE04I401011/day/2026-07-22/2026-06-22: Event loop is closed
2026-07-22 09:28:51.700 | ERROR    | api.upstox_client:get:54 - Request failed for /historical-candle/NSE_EQ|INE061F01013/day/2026-07-22/2026-06-22: Event loop is closed
2026-07-22 09:28:51.738 | ERROR    | api.upstox_client:get:54 - Request failed for /historical-candle/NSE_EQ|INE237A01036/day/2026-07-22/2026-06-22: Event loop is closed
2026-07-22 09:28:51.800 | ERROR    | api.upstox_client:get:54 - Request failed for /historical-candle/NSE_EQ|INE498L01015/day/2026-07-22/2026-06-22: Event loop is closed
2026-07-22 09:28:51.825 | ERROR    | api.upstox_client:get:54 - Request failed for /historical-candle/NSE_EQ|INE324D01010/day/2026-07-22/2026-06-22: Event loop is closed
2026-07-22 09:28:51.862 | ERROR    | api.upstox_client:get:54 - Request failed for /historical-candle/NSE_EQ|INE115A01026/day/2026-07-22/2026-06-22: Event loop is closed
2026-07-22 09:28:51.926 | ERROR    | api.upstox_client:get:54 - Request failed for /historical-candle/NSE_EQ|INE214T01019/day/2026-07-22/2026-06-22: Event loop is closed
2026-07-22 09:28:56.750 | ERROR    | api.upstox_client:get:54 - Request failed for /historical-candle/NSE_EQ|INE016A01026/day/2026-07-22/2026-06-22: Event loop is closed
2026-07-22 09:28:56.774 | ERROR    | api.upstox_client:get:54 - Request failed for /historical-candle/NSE_EQ|INE361B01024/day/2026-07-22/2026-06-22: Event loop is closed
2026-07-22 09:28:56.818 | ERROR    | api.upstox_client:get:54 - Request failed for /historical-candle/NSE_EQ|INE171A01029/day/2026-07-22/2026-06-22: Event loop is closed
2026-07-22 09:28:56.854 | ERROR    | api.upstox_client:get:54 - Request failed for /historical-candle/NSE_EQ|INE982J01020/day/2026-07-22/2026-06-22: Event loop is closed
2026-07-22 09:28:56.903 | ERROR    | api.upstox_client:get:54 - Request failed for /historical-candle/NSE_EQ|INE878B01027/day/2026-07-22/2026-06-22: Event loop is closed
2026-07-22 09:28:56.939 | ERROR    | api.upstox_client:get:54 - Request failed for /historical-candle/NSE_EQ|INE129A01019/day/2026-07-22/2026-06-22: Event loop is closed
2026-07-22 09:28:57.005 | ERROR    | api.upstox_client:get:54 - Request failed for /historical-candle/NSE_EQ|INE089A01031/day/2026-07-22/2026-06-22: Event loop is closed
2026-07-22 09:28:57.056 | ERROR    | api.upstox_client:get:54 - Request failed for /historical-candle/NSE_EQ|INE881D01027/day/2026-07-22/2026-06-22: Event loop is closed
2026-07-22 09:28:57.104 | ERROR    | api.upstox_client:get:54 - Request failed for /historical-candle/NSE_EQ|INE417T01026/day/2026-07-22/2026-06-22: Event loop is closed
2026-07-22 09:28:57.191 | ERROR    | api.upstox_client:get:54 - Request failed for /historical-candle/NSE_EQ|INE061F01013/day/2026-07-22/2026-06-22: Event loop is closed
2026-07-22 09:28:57.240 | ERROR    | api.upstox_client:get:54 - Request failed for /historical-candle/NSE_EQ|INE761H01022/day/2026-07-22/2026-06-22: Event loop is closed
2026-07-22 09:28:57.320 | ERROR    | api.upstox_client:get:54 - Request failed for /historical-candle/NSE_EQ|INE619A01035/day/2026-07-22/2026-06-22: Event loop is closed
2026-07-22 09:28:57.382 | ERROR    | api.upstox_client:get:54 - Request failed for /historical-candle/NSE_EQ|INE262H01021/day/2026-07-22/2026-06-22: Event loop is closed
2026-07-22 09:28:57.445 | ERROR    | api.upstox_client:get:54 - Request failed for /historical-candle/NSE_EQ|INE211B01039/day/2026-07-22/2026-06-22: Event loop is closed
2026-07-22 09:28:57.510 | ERROR    | api.upstox_client:get:54 - Request failed for /historical-candle/NSE_EQ|INE318A01026/day/2026-07-22/2026-06-22: Event loop is closed
2026-07-22 09:29:02.531 | ERROR    | api.upstox_client:get:54 - Request failed for /historical-candle/NSE_EQ|INE016A01026/day/2026-07-22/2026-06-22: Event loop is closed
2026-07-22 09:29:02.559 | ERROR    | api.upstox_client:get:54 - Request failed for /historical-candle/NSE_EQ|INE361B01024/day/2026-07-22/2026-06-22: Event loop is closed
2026-07-22 09:29:02.608 | ERROR    | api.upstox_client:get:54 - Request failed for /historical-candle/NSE_EQ|INE171A01029/day/2026-07-22/2026-06-22: Event loop is closed
2026-07-22 09:29:02.650 | ERROR    | api.upstox_client:get:54 - Request failed for /historical-candle/NSE_EQ|INE976I01016/day/2026-07-22/2026-06-22: Event loop is closed
2026-07-22 09:29:02.693 | ERROR    | api.upstox_client:get:54 - Request failed for /historical-candle/NSE_EQ|INE881D01027/day/2026-07-22/2026-06-22: Event loop is closed
2026-07-22 09:29:02.725 | ERROR    | api.upstox_client:get:54 - Request failed for /historical-candle/NSE_EQ|INE129A01019/day/2026-07-22/2026-06-22: Event loop is closed
2026-07-22 09:29:02.814 | ERROR    | api.upstox_client:get:54 - Request failed for /historical-candle/NSE_EQ|INE089A01031/day/2026-07-22/2026-06-22: Event loop is closed
2026-07-22 09:29:02.919 | ERROR    | api.upstox_client:get:54 - Request failed for /historical-candle/NSE_EQ|INE151A01013/day/2026-07-22/2026-06-22: Event loop is closed
2026-07-22 09:29:03.009 | ERROR    | api.upstox_client:get:54 - Request failed for /historical-candle/NSE_EQ|INE467B01029/day/2026-07-22/2026-06-22: Event loop is closed
2026-07-22 09:29:03.052 | ERROR    | api.upstox_client:get:54 - Request failed for /historical-candle/NSE_EQ|INE318A01026/day/2026-07-22/2026-06-22: Event loop is closed
2026-07-22 09:29:03.096 | ERROR    | api.upstox_client:get:54 - Request failed for /historical-candle/NSE_EQ|INE211B01039/day/2026-07-22/2026-06-22: Event loop is closed
2026-07-22 09:29:03.124 | ERROR    | api.upstox_client:get:54 - Request failed for /historical-candle/NSE_EQ|INE1TAE01010/day/2026-07-22/2026-06-22: Event loop is closed
2026-07-22 09:29:03.195 | ERROR    | api.upstox_client:get:54 - Request failed for /historical-candle/NSE_EQ|INE155A01022/day/2026-07-22/2026-06-22: Event loop is closed
2026-07-22 09:29:06.293 | ERROR    | api.upstox_client:get:54 - Request failed for /market-quote/quotes: Event loop is closed
2026-07-22 09:29:16.598 | ERROR    | api.upstox_client:get:54 - Request failed for /market-quote/quotes: Event loop is closed
2026-07-22 09:29:40.449 | ERROR    | api.upstox_client:get:54 - Request failed for /market-quote/quotes: Event loop is closed
2026-07-22 09:30:02.253 | ERROR    | api.upstox_client:get:54 - Request failed for /market-quote/quotes: Event loop is closed
2026-07-22 09:30:22.912 | ERROR    | api.upstox_client:get:54 - Request failed for /market-quote/quotes: Event loop is closed
2026-07-22 09:30:43.714 | ERROR    | api.upstox_client:get:54 - Request failed for /market-quote/quotes: Event loop is closed
2026-07-22 09:31:04.405 | ERROR    | api.upstox_client:get:54 - Request failed for /market-quote/quotes: Event loop is closed
2026-07-22 09:31:24.736 | ERROR    | api.upstox_client:get:54 - Request failed for /market-quote/quotes: Event loop is closed
2026-07-22 09:31:45.769 | ERROR    | api.upstox_client:get:54 - Request failed for /market-quote/quotes: Event loop is closed
2026-07-22 09:32:06.428 | ERROR    | api.upstox_client:get:54 - Request failed for /market-quote/quotes: Event loop is closed
2026-07-22 09:32:27.088 | ERROR    | api.upstox_client:get:54 - Request failed for /market-quote/quotes: Event loop is closed
2026-07-22 09:32:48.420 | ERROR    | api.upstox_client:get:54 - Request failed for /market-quote/quotes: Event loop is closed
2026-07-22 09:32:58.788 | ERROR    | api.upstox_client:get:50 - HTTP 401 for /market-quote/quotes: {"status":"error","errors":[{"errorCode":"UDAPI100050","message":"Invalid token used to access API","propertyPath":null,"invalidValue":null,"error_code":"UDAPI100050","property_path":null,"invalid_val
2026-07-22 09:33:09.063 | ERROR    | api.upstox_client:get:54 - Request failed for /market-quote/quotes: Event loop is closed
2026-07-22 09:33:19.431 | ERROR    | api.upstox_client:get:50 - HTTP 401 for /market-quote/quotes: {"status":"error","errors":[{"errorCode":"UDAPI100050","message":"Invalid token used to access API","propertyPath":null,"invalidValue":null,"error_code":"UDAPI100050","property_path":null,"invalid_val
2026-07-22 09:33:29.667 | ERROR    | api.upstox_client:get:54 - Request failed for /market-quote/quotes: Event loop is closed
2026-07-22 09:33:40.040 | ERROR    | api.upstox_client:get:50 - HTTP 401 for /market-quote/quotes: {"status":"error","errors":[{"errorCode":"UDAPI100050","message":"Invalid token used to access API","propertyPath":null,"invalidValue":null,"error_code":"UDAPI100050","property_path":null,"invalid_val
2026-07-22 09:33:50.188 | ERROR    | api.upstox_client:get:54 - Request failed for /market-quote/quotes: Event loop is closed
2026-07-22 09:34:00.516 | ERROR    | api.upstox_client:get:50 - HTTP 401 for /market-quote/quotes: {"status":"error","errors":[{"errorCode":"UDAPI100050","message":"Invalid token used to access API","propertyPath":null,"invalidValue":null,"error_code":"UDAPI100050","property_path":null,"invalid_val
2026-07-22 09:34:10.776 | ERROR    | api.upstox_client:get:54 - Request failed for /market-quote/quotes: Event loop is closed
2026-07-22 09:35:26.599 | ERROR    | api.upstox_client:get:54 - Request failed for /market-quote/quotes: Event loop is closed
2026-07-22 09:35:47.777 | ERROR    | api.upstox_client:get:54 - Request failed for /market-quote/quotes: Event loop is closed
2026-07-22 09:36:08.647 | ERROR    | api.upstox_client:get:54 - Request failed for /market-quote/quotes: Event loop is closed
2026-07-22 09:36:29.275 | ERROR    | api.upstox_client:get:54 - Request failed for /market-quote/quotes: Event loop is closed
2026-07-22 09:36:49.992 | ERROR    | api.upstox_client:get:54 - Request failed for /market-quote/quotes: Event loop is closed
2026-07-22 09:37:10.594 | ERROR    | api.upstox_client:get:54 - Request failed for /market-quote/quotes: Event loop is closed
2026-07-22 09:45:03.667 | ERROR    | api.upstox_client:get:54 - Request failed for /market-quote/quotes: Event loop is closed
2026-07-22 09:45:17.722 | INFO     | services.instruments:_get_upstox_instrument_master:73 - Loaded 0 NSE EQ instruments from Upstox master
2026-07-22 09:45:19.597 | INFO     | services.instruments:fetch_index_constituents:155 - Loaded 200 constituents for NIFTY 200
2026-07-22 09:45:19.658 | ERROR    | api.upstox_client:get:54 - Request failed for /historical-candle/NSE_EQ|INE466L01038/day/2026-07-22/2026-06-22: Event loop is closed
2026-07-22 09:45:24.641 | ERROR    | api.upstox_client:get:54 - Request failed for /historical-candle/NSE_EQ|INE466L01038/day/2026-07-22/2026-06-22: Event loop is closed
2026-07-22 09:45:24.662 | ERROR    | api.upstox_client:get:54 - Request failed for /historical-candle/NSE_EQ|INE016A01026/day/2026-07-22/2026-06-22: Event loop is closed
2026-07-22 09:45:24.698 | ERROR    | api.upstox_client:get:54 - Request failed for /historical-candle/NSE_EQ|INE935N01020/day/2026-07-22/2026-06-22: Event loop is closed
2026-07-22 09:45:24.727 | ERROR    | api.upstox_client:get:54 - Request failed for /historical-candle/NSE_EQ|INE102D01028/day/2026-07-22/2026-06-22: Event loop is closed
2026-07-22 09:45:24.762 | ERROR    | api.upstox_client:get:54 - Request failed for /historical-candle/NSE_EQ|INE388Y01029/day/2026-07-22/2026-06-22: Event loop is closed
2026-07-22 09:45:24.793 | ERROR    | api.upstox_client:get:54 - Request failed for /historical-candle/NSE_EQ|INE066A01021/day/2026-07-22/2026-06-22: Event loop is closed
2026-07-22 09:45:24.827 | ERROR    | api.upstox_client:get:54 - Request failed for /historical-candle/NSE_EQ|INE361B01024/day/2026-07-22/2026-06-22: Event loop is closed
2026-07-22 09:45:24.877 | ERROR    | api.upstox_client:get:54 - Request failed for /historical-candle/NSE_EQ|INE484J01027/day/2026-07-22/2026-06-22: Event loop is closed
2026-07-22 09:45:24.914 | ERROR    | api.upstox_client:get:54 - Request failed for /historical-candle/NSE_EQ|INE047A01021/day/2026-07-22/2026-06-22: Event loop is closed
2026-07-22 09:45:24.954 | ERROR    | api.upstox_client:get:54 - Request failed for /historical-candle/NSE_EQ|INE089A01031/day/2026-07-22/2026-06-22: Event loop is closed
2026-07-22 09:45:24.991 | ERROR    | api.upstox_client:get:54 - Request failed for /historical-candle/NSE_EQ|INE127D01025/day/2026-07-22/2026-06-22: Event loop is closed
2026-07-22 09:45:25.025 | ERROR    | api.upstox_client:get:54 - Request failed for /historical-candle/NSE_EQ|INE040A01034/day/2026-07-22/2026-06-22: Event loop is closed
2026-07-22 09:45:25.051 | ERROR    | api.upstox_client:get:54 - Request failed for /historical-candle/NSE_EQ|INE795G01014/day/2026-07-22/2026-06-22: Event loop is closed
2026-07-22 09:45:25.100 | ERROR    | api.upstox_client:get:54 - Request failed for /historical-candle/NSE_EQ|INE176B01034/day/2026-07-22/2026-06-22: Event loop is closed
2026-07-22 09:45:25.151 | ERROR    | api.upstox_client:get:54 - Request failed for /historical-candle/NSE_EQ|INE158A01026/day/2026-07-22/2026-06-22: Event loop is closed
2026-07-22 09:45:29.794 | ERROR    | api.upstox_client:get:54 - Request failed for /historical-candle/NSE_EQ|INE466L01038/day/2026-07-22/2026-06-22: Event loop is closed
2026-07-22 09:45:29.821 | ERROR    | api.upstox_client:get:54 - Request failed for /historical-candle/NSE_EQ|INE016A01026/day/2026-07-22/2026-06-22: Event loop is closed
2026-07-22 09:45:29.854 | ERROR    | api.upstox_client:get:54 - Request failed for /historical-candle/NSE_EQ|INE935N01020/day/2026-07-22/2026-06-22: Event loop is closed
2026-07-22 09:45:29.883 | ERROR    | api.upstox_client:get:54 - Request failed for /historical-candle/NSE_EQ|INE749A01030/day/2026-07-22/2026-06-22: Event loop is closed
2026-07-22 09:45:29.913 | ERROR    | api.upstox_client:get:54 - Request failed for /historical-candle/NSE_EQ|INE484J01027/day/2026-07-22/2026-06-22: Event loop is closed
2026-07-22 09:45:29.946 | ERROR    | api.upstox_client:get:54 - Request failed for /historical-candle/NSE_EQ|INE066A01021/day/2026-07-22/2026-06-22: Event loop is closed
2026-07-22 09:45:29.977 | ERROR    | api.upstox_client:get:54 - Request failed for /historical-candle/NSE_EQ|INE361B01024/day/2026-07-22/2026-06-22: Event loop is closed
2026-07-22 09:45:30.006 | ERROR    | api.upstox_client:get:54 - Request failed for /historical-candle/NSE_EQ|INE758E01017/day/2026-07-22/2026-06-22: Event loop is closed
2026-07-22 09:45:30.039 | ERROR    | api.upstox_client:get:54 - Request failed for /historical-candle/NSE_EQ|INE797F01020/day/2026-07-22/2026-06-22: Event loop is closed
2026-07-22 09:45:30.071 | ERROR    | api.upstox_client:get:54 - Request failed for /historical-candle/NSE_EQ|INE089A01031/day/2026-07-22/2026-06-22: Event loop is closed
2026-07-22 09:45:30.101 | ERROR    | api.upstox_client:get:54 - Request failed for /historical-candle/NSE_EQ|INE04I401011/day/2026-07-22/2026-06-22: Event loop is closed
2026-07-22 09:45:30.130 | ERROR    | api.upstox_client:get:54 - Request failed for /historical-candle/NSE_EQ|INE303R01014/day/2026-07-22/2026-06-22: Event loop is closed
2026-07-22 09:45:30.164 | ERROR    | api.upstox_client:get:54 - Request failed for /historical-candle/NSE_EQ|INE237A01036/day/2026-07-22/2026-06-22: Event loop is closed
2026-07-22 09:45:30.194 | ERROR    | api.upstox_client:get:54 - Request failed for /historical-candle/NSE_EQ|INE498L01015/day/2026-07-22/2026-06-22: Event loop is closed
2026-07-22 09:45:30.238 | ERROR    | api.upstox_client:get:54 - Request failed for /historical-candle/NSE_EQ|INE324D01010/day/2026-07-22/2026-06-22: Event loop is closed
2026-07-22 09:45:34.802 | ERROR    | api.upstox_client:get:54 - Request failed for /historical-candle/NSE_EQ|INE466L01038/day/2026-07-22/2026-06-22: Event loop is closed
2026-07-22 09:45:34.828 | ERROR    | api.upstox_client:get:54 - Request failed for /historical-candle/NSE_EQ|INE016A01026/day/2026-07-22/2026-06-22: Event loop is closed
2026-07-22 09:45:34.859 | ERROR    | api.upstox_client:get:54 - Request failed for /historical-candle/NSE_EQ|INE935N01020/day/2026-07-22/2026-06-22: Event loop is closed
2026-07-22 09:45:34.890 | ERROR    | api.upstox_client:get:54 - Request failed for /historical-candle/NSE_EQ|INE213A01029/day/2026-07-22/2026-06-22: Event loop is closed
2026-07-22 09:45:34.925 | ERROR    | api.upstox_client:get:54 - Request failed for /historical-candle/NSE_EQ|INE758E01017/day/2026-07-22/2026-06-22: Event loop is closed
2026-07-22 09:45:34.952 | ERROR    | api.upstox_client:get:54 - Request failed for /historical-candle/NSE_EQ|INE066A01021/day/2026-07-22/2026-06-22: Event loop is closed
2026-07-22 09:45:34.993 | ERROR    | api.upstox_client:get:54 - Request failed for /historical-candle/NSE_EQ|INE361B01024/day/2026-07-22/2026-06-22: Event loop is closed
2026-07-22 09:45:35.021 | ERROR    | api.upstox_client:get:54 - Request failed for /historical-candle/NSE_EQ|INE274J01014/day/2026-07-22/2026-06-22: Event loop is closed
2026-07-22 09:45:35.056 | ERROR    | api.upstox_client:get:54 - Request failed for /historical-candle/NSE_EQ|INE982J01020/day/2026-07-22/2026-06-22: Event loop is closed
2026-07-22 09:45:35.088 | ERROR    | api.upstox_client:get:54 - Request failed for /historical-candle/NSE_EQ|INE089A01031/day/2026-07-22/2026-06-22: Event loop is closed
2026-07-22 09:45:35.125 | ERROR    | api.upstox_client:get:54 - Request failed for /historical-candle/NSE_EQ|INE417T01026/day/2026-07-22/2026-06-22: Event loop is closed
2026-07-22 09:45:35.177 | ERROR    | api.upstox_client:get:54 - Request failed for /historical-candle/NSE_EQ|INE603J01030/day/2026-07-22/2026-06-22: Event loop is closed
2026-07-22 09:45:35.228 | ERROR    | api.upstox_client:get:54 - Request failed for /historical-candle/NSE_EQ|INE761H01022/day/2026-07-22/2026-06-22: Event loop is closed
2026-07-22 09:45:35.275 | ERROR    | api.upstox_client:get:54 - Request failed for /historical-candle/NSE_EQ|INE619A01035/day/2026-07-22/2026-06-22: Event loop is closed
2026-07-22 09:45:35.327 | ERROR    | api.upstox_client:get:54 - Request failed for /historical-candle/NSE_EQ|INE262H01021/day/2026-07-22/2026-06-22: Event loop is closed
2026-07-22 09:45:40.093 | ERROR    | api.upstox_client:get:54 - Request failed for /historical-candle/NSE_EQ|INE466L01038/day/2026-07-22/2026-06-22: Event loop is closed
2026-07-22 09:45:40.118 | ERROR    | api.upstox_client:get:54 - Request failed for /historical-candle/NSE_EQ|INE016A01026/day/2026-07-22/2026-06-22: Event loop is closed
2026-07-22 09:45:40.170 | ERROR    | api.upstox_client:get:54 - Request failed for /historical-candle/NSE_EQ|INE935N01020/day/2026-07-22/2026-06-22: Event loop is closed
2026-07-22 09:45:40.212 | ERROR    | api.upstox_client:get:54 - Request failed for /historical-candle/NSE_EQ|INE00H001014/day/2026-07-22/2026-06-22: Event loop is closed
2026-07-22 09:45:40.254 | ERROR    | api.upstox_client:get:54 - Request failed for /historical-candle/NSE_EQ|INE274J01014/day/2026-07-22/2026-06-22: Event loop is closed
2026-07-22 09:45:40.288 | ERROR    | api.upstox_client:get:54 - Request failed for /historical-candle/NSE_EQ|INE066A01021/day/2026-07-22/2026-06-22: Event loop is closed
2026-07-22 09:45:40.326 | ERROR    | api.upstox_client:get:54 - Request failed for /historical-candle/NSE_EQ|INE361B01024/day/2026-07-22/2026-06-22: Event loop is closed
2026-07-22 09:45:40.380 | ERROR    | api.upstox_client:get:54 - Request failed for /historical-candle/NSE_EQ|INE494B01023/day/2026-07-22/2026-06-22: Event loop is closed
2026-07-22 09:45:40.428 | ERROR    | api.upstox_client:get:54 - Request failed for /historical-candle/NSE_EQ|INE976I01016/day/2026-07-22/2026-06-22: Event loop is closed
2026-07-22 09:45:40.489 | ERROR    | api.upstox_client:get:54 - Request failed for /historical-candle/NSE_EQ|INE089A01031/day/2026-07-22/2026-06-22: Event loop is closed
2026-07-22 09:45:40.542 | ERROR    | api.upstox_client:get:54 - Request failed for /historical-candle/NSE_EQ|INE467B01029/day/2026-07-22/2026-06-22: Event loop is closed
2026-07-22 09:45:40.605 | ERROR    | api.upstox_client:get:54 - Request failed for /historical-candle/NSE_EQ|INE192A01025/day/2026-07-22/2026-06-22: Event loop is closed
2026-07-22 09:45:40.644 | ERROR    | api.upstox_client:get:54 - Request failed for /historical-candle/NSE_EQ|INE670A01012/day/2026-07-22/2026-06-22: Event loop is closed
2026-07-22 09:45:40.708 | ERROR    | api.upstox_client:get:54 - Request failed for /historical-candle/NSE_EQ|INE672A01026/day/2026-07-22/2026-06-22: Event loop is closed
2026-07-22 09:45:40.761 | ERROR    | api.upstox_client:get:54 - Request failed for /historical-candle/NSE_EQ|INE1TAE01010/day/2026-07-22/2026-06-22: Event loop is closed
2026-07-22 09:45:45.453 | ERROR    | api.upstox_client:get:54 - Request failed for /historical-candle/NSE_EQ|INE466L01038/day/2026-07-22/2026-06-22: Event loop is closed
2026-07-22 09:45:45.474 | ERROR    | api.upstox_client:get:54 - Request failed for /historical-candle/NSE_EQ|INE016A01026/day/2026-07-22/2026-06-22: Event loop is closed
2026-07-22 09:45:45.512 | ERROR    | api.upstox_client:get:54 - Request failed for /historical-candle/NSE_EQ|INE935N01020/day/2026-07-22/2026-06-22: Event loop is closed
2026-07-22 09:45:45.541 | ERROR    | api.upstox_client:get:54 - Request failed for /historical-candle/NSE_EQ|INE274J01014/day/2026-07-22/2026-06-22: Event loop is closed
2026-07-22 09:45:45.576 | ERROR    | api.upstox_client:get:54 - Request failed for /historical-candle/NSE_EQ|INE976I01016/day/2026-07-22/2026-06-22: Event loop is closed
2026-07-22 09:45:45.600 | ERROR    | api.upstox_client:get:54 - Request failed for /historical-candle/NSE_EQ|INE670A01012/day/2026-07-22/2026-06-22: Event loop is closed
2026-07-22 09:45:45.634 | ERROR    | api.upstox_client:get:54 - Request failed for /historical-candle/NSE_EQ|INE361B01024/day/2026-07-22/2026-06-22: Event loop is closed
2026-07-22 09:45:45.663 | ERROR    | api.upstox_client:get:54 - Request failed for /historical-candle/NSE_EQ|INE192A01025/day/2026-07-22/2026-06-22: Event loop is closed
2026-07-22 09:45:45.694 | ERROR    | api.upstox_client:get:54 - Request failed for /historical-candle/NSE_EQ|INE494B01023/day/2026-07-22/2026-06-22: Event loop is closed
2026-07-22 09:45:45.716 | ERROR    | api.upstox_client:get:54 - Request failed for /historical-candle/NSE_EQ|INE672A01026/day/2026-07-22/2026-06-22: Event loop is closed
2026-07-22 09:45:45.739 | ERROR    | api.upstox_client:get:54 - Request failed for /historical-candle/NSE_EQ|INE00H001014/day/2026-07-22/2026-06-22: Event loop is closed
2026-07-22 09:45:45.753 | ERROR    | api.upstox_client:get:54 - Request failed for /historical-candle/NSE_EQ|INE066A01021/day/2026-07-22/2026-06-22: Event loop is closed
2026-07-22 09:45:45.771 | ERROR    | api.upstox_client:get:54 - Request failed for /historical-candle/NSE_EQ|INE1TAE01010/day/2026-07-22/2026-06-22: Event loop is closed
2026-07-22 09:45:45.780 | ERROR    | api.upstox_client:get:54 - Request failed for /historical-candle/NSE_EQ|INE089A01031/day/2026-07-22/2026-06-22: Event loop is closed
2026-07-22 09:45:45.789 | ERROR    | api.upstox_client:get:54 - Request failed for /historical-candle/NSE_EQ|INE467B01029/day/2026-07-22/2026-06-22: Event loop is closed
2026-07-22 09:45:49.329 | ERROR    | api.upstox_client:get:54 - Request failed for /historical-candle/NSE_EQ|INE466L01038/day/2026-07-22/2026-06-22: Event loop is closed
2026-07-22 09:45:53.273 | ERROR    | api.upstox_client:get:54 - Request failed for /historical-candle/NSE_EQ|INE466L01038/day/2026-07-22/2026-06-22: Event loop is closed
2026-07-22 09:45:53.290 | ERROR    | api.upstox_client:get:54 - Request failed for /market-quote/quotes: Event loop is closed
2026-07-22 09:45:56.669 | ERROR    | api.upstox_client:get:54 - Request failed for /historical-candle/NSE_EQ|INE466L01038/day/2026-07-22/2026-06-22: Event loop is closed
2026-07-22 09:46:00.232 | ERROR    | api.upstox_client:get:54 - Request failed for /historical-candle/NSE_EQ|INE466L01038/day/2026-07-22/2026-06-22: Event loop is closed
2026-07-22 09:46:03.866 | ERROR    | api.upstox_client:get:54 - Request failed for /historical-candle/NSE_EQ|INE466L01038/day/2026-07-22/2026-06-22: Event loop is closed
2026-07-22 09:46:07.371 | ERROR    | api.upstox_client:get:54 - Request failed for /historical-candle/NSE_EQ|INE466L01038/day/2026-07-22/2026-06-22: Event loop is closed
2026-07-22 09:46:10.943 | ERROR    | api.upstox_client:get:54 - Request failed for /historical-candle/NSE_EQ|INE466L01038/day/2026-07-22/2026-06-22: Event loop is closed
2026-07-22 09:46:14.603 | ERROR    | api.upstox_client:get:54 - Request failed for /historical-candle/NSE_EQ|INE466L01038/day/2026-07-22/2026-06-22: Event loop is closed
2026-07-22 09:46:18.319 | ERROR    | api.upstox_client:get:54 - Request failed for /historical-candle/NSE_EQ|INE466L01038/day/2026-07-22/2026-06-22: Event loop is closed
2026-07-22 09:46:22.033 | ERROR    | api.upstox_client:get:54 - Request failed for /historical-candle/NSE_EQ|INE466L01038/day/2026-07-22/2026-06-22: Event loop is closed
2026-07-22 09:46:26.121 | ERROR    | api.upstox_client:get:54 - Request failed for /historical-candle/NSE_EQ|INE466L01038/day/2026-07-22/2026-06-22: Event loop is closed
2026-07-22 09:46:29.790 | ERROR    | api.upstox_client:get:54 - Request failed for /historical-candle/NSE_EQ|INE466L01038/day/2026-07-22/2026-06-22: Event loop is closed
2026-07-22 09:46:33.288 | ERROR    | api.upstox_client:get:54 - Request failed for /historical-candle/NSE_EQ|INE466L01038/day/2026-07-22/2026-06-22: Event loop is closed
2026-07-22 09:46:37.034 | ERROR    | api.upstox_client:get:54 - Request failed for /historical-candle/NSE_EQ|INE466L01038/day/2026-07-22/2026-06-22: Event loop is closed
2026-07-22 09:46:40.688 | ERROR    | api.upstox_client:get:54 - Request failed for /historical-candle/NSE_EQ|INE466L01038/day/2026-07-22/2026-06-22: Event loop is closed
2026-07-22 09:46:44.431 | ERROR    | api.upstox_client:get:54 - Request failed for /historical-candle/NSE_EQ|INE466L01038/day/2026-07-22/2026-06-22: Event loop is closed
2026-07-22 09:46:48.016 | ERROR    | api.upstox_client:get:54 - Request failed for /historical-candle/NSE_EQ|INE466L01038/day/2026-07-22/2026-06-22: Event loop is closed
2026-07-22 09:46:51.617 | ERROR    | api.upstox_client:get:54 - Request failed for /historical-candle/NSE_EQ|INE466L01038/day/2026-07-22/2026-06-22: Event loop is closed
2026-07-22 09:46:55.088 | ERROR    | api.upstox_client:get:54 - Request failed for /historical-candle/NSE_EQ|INE466L01038/day/2026-07-22/2026-06-22: Event loop is closed
2026-07-22 09:46:58.733 | ERROR    | api.upstox_client:get:54 - Request failed for /historical-candle/NSE_EQ|INE466L01038/day/2026-07-22/2026-06-22: Event loop is closed
2026-07-22 09:47:02.194 | ERROR    | api.upstox_client:get:54 - Request failed for /historical-candle/NSE_EQ|INE466L01038/day/2026-07-22/2026-06-22: Event loop is closed
2026-07-22 09:47:05.884 | ERROR    | api.upstox_client:get:54 - Request failed for /historical-candle/NSE_EQ|INE466L01038/day/2026-07-22/2026-06-22: Event loop is closed
2026-07-22 09:47:09.386 | ERROR    | api.upstox_client:get:54 - Request failed for /historical-candle/NSE_EQ|INE466L01038/day/2026-07-22/2026-06-22: Event loop is closed
2026-07-22 09:47:12.897 | ERROR    | api.upstox_client:get:54 - Request failed for /historical-candle/NSE_EQ|INE466L01038/day/2026-07-22/2026-06-22: Event loop is closed
2026-07-22 09:47:16.549 | ERROR    | api.upstox_client:get:54 - Request failed for /historical-candle/NSE_EQ|INE466L01038/day/2026-07-22/2026-06-22: Event loop is closed
2026-07-22 09:47:20.192 | ERROR    | api.upstox_client:get:54 - Request failed for /historical-candle/NSE_EQ|INE466L01038/day/2026-07-22/2026-06-22: Event loop is closed
2026-07-22 09:47:23.713 | ERROR    | api.upstox_client:get:54 - Request failed for /historical-candle/NSE_EQ|INE466L01038/day/2026-07-22/2026-06-22: Event loop is closed
2026-07-22 09:47:27.171 | ERROR    | api.upstox_client:get:54 - Request failed for /historical-candle/NSE_EQ|INE466L01038/day/2026-07-22/2026-06-22: Event loop is closed
2026-07-22 09:47:30.901 | ERROR    | api.upstox_client:get:54 - Request failed for /historical-candle/NSE_EQ|INE466L01038/day/2026-07-22/2026-06-22: Event loop is closed
2026-07-22 09:47:34.522 | ERROR    | api.upstox_client:get:54 - Request failed for /historical-candle/NSE_EQ|INE466L01038/day/2026-07-22/2026-06-22: Event loop is closed
2026-07-22 09:47:38.228 | ERROR    | api.upstox_client:get:54 - Request failed for /historical-candle/NSE_EQ|INE466L01038/day/2026-07-22/2026-06-22: Event loop is closed
2026-07-22 09:47:41.672 | ERROR    | api.upstox_client:get:54 - Request failed for /historical-candle/NSE_EQ|INE466L01038/day/2026-07-22/2026-06-22: Event loop is closed
2026-07-22 09:47:45.148 | ERROR    | api.upstox_client:get:54 - Request failed for /historical-candle/NSE_EQ|INE466L01038/day/2026-07-22/2026-06-22: Event loop is closed
2026-07-22 09:47:48.665 | ERROR    | api.upstox_client:get:54 - Request failed for /historical-candle/NSE_EQ|INE466L01038/day/2026-07-22/2026-06-22: Event loop is closed
2026-07-22 09:47:52.332 | ERROR    | api.upstox_client:get:54 - Request failed for /historical-candle/NSE_EQ|INE466L01038/day/2026-07-22/2026-06-22: Event loop is closed
2026-07-22 09:47:56.119 | ERROR    | api.upstox_client:get:54 - Request failed for /historical-candle/NSE_EQ|INE466L01038/day/2026-07-22/2026-06-22: Event loop is closed
2026-07-22 09:47:59.671 | ERROR    | api.upstox_client:get:54 - Request failed for /historical-candle/NSE_EQ|INE466L01038/day/2026-07-22/2026-06-22: Event loop is closed
2026-07-22 09:48:03.303 | ERROR    | api.upstox_client:get:54 - Request failed for /historical-candle/NSE_EQ|INE466L01038/day/2026-07-22/2026-06-22: Event loop is closed
2026-07-22 09:48:07.081 | ERROR    | api.upstox_client:get:54 - Request failed for /historical-candle/NSE_EQ|INE466L01038/day/2026-07-22/2026-06-22: Event loop is closed
2026-07-22 09:48:10.698 | ERROR    | api.upstox_client:get:54 - Request failed for /historical-candle/NSE_EQ|INE466L01038/day/2026-07-22/2026-06-22: Event loop is closed
2026-07-22 09:48:14.414 | ERROR    | api.upstox_client:get:54 - Request failed for /historical-candle/NSE_EQ|INE466L01038/day/2026-07-22/2026-06-22: Event loop is closed
2026-07-22 09:48:17.902 | ERROR    | api.upstox_client:get:54 - Request failed for /historical-candle/NSE_EQ|INE466L01038/day/2026-07-22/2026-06-22: Event loop is closed
2026-07-22 09:48:21.483 | ERROR    | api.upstox_client:get:54 - Request failed for /historical-candle/NSE_EQ|INE466L01038/day/2026-07-22/2026-06-22: Event loop is closed
2026-07-22 09:48:25.244 | ERROR    | api.upstox_client:get:54 - Request failed for /historical-candle/NSE_EQ|INE466L01038/day/2026-07-22/2026-06-22: Event loop is closed
2026-07-22 09:48:28.912 | ERROR    | api.upstox_client:get:54 - Request failed for /historical-candle/NSE_EQ|INE466L01038/day/2026-07-22/2026-06-22: Event loop is closed
2026-07-22 09:48:32.758 | ERROR    | api.upstox_client:get:54 - Request failed for /historical-candle/NSE_EQ|INE466L01038/day/2026-07-22/2026-06-22: Event loop is closed
2026-07-22 09:48:36.200 | ERROR    | api.upstox_client:get:54 - Request failed for /historical-candle/NSE_EQ|INE466L01038/day/2026-07-22/2026-06-22: Event loop is closed
2026-07-22 09:48:39.652 | ERROR    | api.upstox_client:get:54 - Request failed for /historical-candle/NSE_EQ|INE466L01038/day/2026-07-22/2026-06-22: Event loop is closed
2026-07-22 09:48:43.337 | ERROR    | api.upstox_client:get:54 - Request failed for /historical-candle/NSE_EQ|INE466L01038/day/2026-07-22/2026-06-22: Event loop is closed
2026-07-22 09:53:34.068 | INFO     | services.instruments:_get_upstox_instrument_master:73 - Loaded 0 NSE EQ instruments from Upstox master
2026-07-22 09:53:36.684 | INFO     | services.instruments:fetch_index_constituents:155 - Loaded 200 constituents for NIFTY 200
2026-07-22 09:54:14.474 | INFO     | scanner:run_scan:98 - Starting Nifty 200 strategy scan...
2026-07-22 09:54:27.137 | ERROR    | api.upstox_client:get:47 - Request failed for /historical-candle/NSE_EQ|INE257A01026/day/2026-07-22/2026-06-22: 
2026-07-22 09:54:28.324 | ERROR    | api.upstox_client:get:47 - Request failed for /historical-candle/NSE_EQ|INE029A01011/day/2026-07-22/2026-06-22: 
2026-07-22 09:54:28.336 | ERROR    | api.upstox_client:get:47 - Request failed for /historical-candle/NSE_EQ|INE397D01024/day/2026-07-22/2026-06-22: 
2026-07-22 09:54:33.936 | INFO     | scanner:run_scan:98 - Starting Nifty 200 strategy scan...
2026-07-22 10:00:54.244 | INFO     | services.instruments:_get_upstox_instrument_master:66 - Upstox master columns: ['instrument_key', 'exchange_token', 'tradingsymbol', 'name', 'last_price', 'expiry', 'strike', 'tick_size', 'lot_size', 'instrument_type', 'option_type', 'exchange']
2026-07-22 10:00:54.254 | INFO     | services.instruments:_get_upstox_instrument_master:76 - Loaded 88697 NSE EQ instruments from Upstox master
2026-07-22 10:01:10.880 | ERROR    | services.instruments:fetch_index_constituents:162 - Failed to fetch NIFTY 200: NSE CSV fetch failed: 
2026-07-22 10:01:20.938 | INFO     | services.instruments:fetch_index_constituents:158 - Loaded 200 constituents for NIFTY 200
2026-07-22 10:01:40.074 | INFO     | scanner:run_scan:98 - Starting Nifty 200 strategy scan...
2026-07-22 10:01:51.214 | ERROR    | api.upstox_client:get:47 - Request failed for /historical-candle/NSE_EQ|INE021A01026/day/2026-07-22/2026-06-22: ConnectTimeout: 
2026-07-22 10:02:10.225 | ERROR    | api.upstox_client:get:47 - Request failed for /historical-candle/NSE_EQ|INE029A01011/day/2026-07-22/2026-06-22: ConnectTimeout: 
2026-07-22 10:02:11.471 | ERROR    | api.upstox_client:get:47 - Request failed for /historical-candle/NSE_EQ|INE397D01024/day/2026-07-22/2026-06-22: ConnectTimeout: 
2026-07-22 10:02:12.671 | ERROR    | api.upstox_client:get:47 - Request failed for /historical-candle/NSE_EQ|INE0HOQ01053/day/2026-07-22/2026-06-22: ConnectTimeout: 
2026-07-22 10:03:34.125 | ERROR    | api.upstox_client:get:47 - Request failed for /historical-candle/NSE_EQ|INE202E01016/day/2026-07-22/2025-06-17: RuntimeError: cannot schedule new futures after shutdown
2026-07-22 10:03:34.133 | ERROR    | api.upstox_client:get:47 - Request failed for /historical-candle/NSE_EQ|INE121J01017/day/2026-07-22/2025-06-17: RuntimeError: cannot schedule new futures after shutdown
2026-07-22 10:03:34.141 | ERROR    | api.upstox_client:get:47 - Request failed for /historical-candle/NSE_EQ|INE095A01012/day/2026-07-22/2025-06-17: RuntimeError: cannot schedule new futures after shutdown
2026-07-22 10:03:34.153 | ERROR    | api.upstox_client:get:47 - Request failed for /historical-candle/NSE_EQ|INE663F01032/day/2026-07-22/2025-06-17: RuntimeError: cannot schedule new futures after shutdown
2026-07-22 10:03:34.161 | ERROR    | api.upstox_client:get:47 - Request failed for /historical-candle/NSE_EQ|INE009A01021/day/2026-07-22/2025-06-17: RuntimeError: cannot schedule new futures after shutdown
2026-07-22 10:03:34.170 | ERROR    | api.upstox_client:get:47 - Request failed for /historical-candle/NSE_EQ|INE646L01027/day/2026-07-22/2025-06-17: RuntimeError: cannot schedule new futures after shutdown
2026-07-22 10:03:34.178 | ERROR    | api.upstox_client:get:47 - Request failed for /historical-candle/NSE_EQ|INE121E01018/day/2026-07-22/2025-06-17: RuntimeError: cannot schedule new futures after shutdown
2026-07-22 10:03:34.188 | ERROR    | api.upstox_client:get:47 - Request failed for /historical-candle/NSE_EQ|INE019A01038/day/2026-07-22/2025-06-17: RuntimeError: cannot schedule new futures after shutdown
2026-07-22 10:03:42.052 | ERROR    | api.upstox_client:get:47 - Request failed for /historical-candle/NSE_EQ|INE749A01030/day/2026-07-22/2025-06-17: RuntimeError: cannot schedule new futures after shutdown
2026-07-22 10:03:42.059 | ERROR    | api.upstox_client:get:47 - Request failed for /historical-candle/NSE_EQ|INE758E01017/day/2026-07-22/2025-06-17: RuntimeError: cannot schedule new futures after shutdown
2026-07-22 10:03:42.068 | ERROR    | api.upstox_client:get:47 - Request failed for /historical-candle/NSE_EQ|INE797F01020/day/2026-07-22/2025-06-17: RuntimeError: cannot schedule new futures after shutdown
2026-07-22 10:03:42.076 | ERROR    | api.upstox_client:get:47 - Request failed for /historical-candle/NSE_EQ|INE878B01027/day/2026-07-22/2025-06-17: RuntimeError: cannot schedule new futures after shutdown
2026-07-22 10:03:42.086 | ERROR    | api.upstox_client:get:47 - Request failed for /historical-candle/NSE_EQ|INE04I401011/day/2026-07-22/2025-06-17: RuntimeError: cannot schedule new futures after shutdown
2026-07-22 10:03:42.093 | ERROR    | api.upstox_client:get:47 - Request failed for /historical-candle/NSE_EQ|INE303R01014/day/2026-07-22/2025-06-17: RuntimeError: cannot schedule new futures after shutdown
2026-07-22 10:03:42.105 | ERROR    | api.upstox_client:get:47 - Request failed for /historical-candle/NSE_EQ|INE237A01036/day/2026-07-22/2025-06-17: RuntimeError: cannot schedule new futures after shutdown
2026-07-22 10:03:42.116 | ERROR    | api.upstox_client:get:47 - Request failed for /historical-candle/NSE_EQ|INE498L01015/day/2026-07-22/2025-06-17: RuntimeError: cannot schedule new futures after shutdown
2026-07-22 10:03:50.181 | ERROR    | api.upstox_client:get:47 - Request failed for /historical-candle/NSE_EQ|INE335Y01020/day/2026-07-22/2025-06-17: ConnectTimeout: 
2026-07-22 10:03:50.188 | ERROR    | api.upstox_client:get:47 - Request failed for /historical-candle/NSE_EQ|INE324D01010/day/2026-07-22/2025-06-17: RuntimeError: cannot schedule new futures after shutdown
2026-07-22 10:03:50.197 | ERROR    | api.upstox_client:get:47 - Request failed for /historical-candle/NSE_EQ|INE115A01026/day/2026-07-22/2025-06-17: RuntimeError: cannot schedule new futures after shutdown
2026-07-22 10:03:50.207 | ERROR    | api.upstox_client:get:47 - Request failed for /historical-candle/NSE_EQ|INE214T01019/day/2026-07-22/2025-06-17: RuntimeError: cannot schedule new futures after shutdown
2026-07-22 10:03:50.217 | ERROR    | api.upstox_client:get:47 - Request failed for /historical-candle/NSE_EQ|INE018A01030/day/2026-07-22/2025-06-17: RuntimeError: cannot schedule new futures after shutdown
2026-07-22 10:03:50.225 | ERROR    | api.upstox_client:get:47 - Request failed for /historical-candle/NSE_EQ|INE947Q01028/day/2026-07-22/2025-06-17: RuntimeError: cannot schedule new futures after shutdown
2026-07-22 10:03:50.235 | ERROR    | api.upstox_client:get:47 - Request failed for /historical-candle/NSE_EQ|INE956O01016/day/2026-07-22/2025-06-17: RuntimeError: cannot schedule new futures after shutdown
2026-07-22 10:03:50.243 | ERROR    | api.upstox_client:get:47 - Request failed for /historical-candle/NSE_EQ|INE670K01029/day/2026-07-22/2025-06-17: RuntimeError: cannot schedule new futures after shutdown
2026-07-22 10:03:50.255 | ERROR    | api.upstox_client:get:47 - Request failed for /historical-candle/NSE_EQ|INE326A01037/day/2026-07-22/2025-06-17: RuntimeError: cannot schedule new futures after shutdown
2026-07-22 10:07:27.729 | INFO     | scanner:run_scan:98 - Starting Nifty 200 strategy scan...
2026-07-22 10:07:29.995 | INFO     | services.instruments:_get_upstox_instrument_master:73 - Loaded 9430 NSE EQ instruments from Upstox master
2026-07-22 10:07:32.469 | INFO     | services.instruments:fetch_index_constituents:155 - Loaded 200 constituents for NIFTY 200
2026-07-22 10:11:33.671 | INFO     | scanner:run_scan:123 - Scan complete: 199 stocks processed
2026-07-22 10:11:38.384 | ERROR    | api.upstox_client:get:47 - Request failed for /historical-candle/NSE_EQ|INE102D01028/day/2026-07-22/2026-06-22: ConnectError: 
2026-07-22 10:17:03.141 | INFO     | services.instruments:_get_upstox_instrument_master:73 - Loaded 9430 NSE EQ instruments from Upstox master
2026-07-22 10:17:05.868 | INFO     | services.instruments:fetch_index_constituents:155 - Loaded 200 constituents for NIFTY 200
2026-07-22 10:17:53.777 | ERROR    | api.upstox_client:get:47 - Request failed for /historical-candle/NSE_EQ|INE257A01026/day/2026-07-22/2026-06-22: ReadError: 
2026-07-22 10:25:20.906 | INFO     | services.instruments:_get_upstox_instrument_master:73 - Loaded 9430 NSE EQ instruments from Upstox master
2026-07-22 10:25:23.991 | INFO     | services.instruments:fetch_index_constituents:155 - Loaded 200 constituents for NIFTY 200
2026-07-22 10:36:36.176 | INFO     | services.instruments:_get_upstox_instrument_master:73 - Loaded 9430 NSE EQ instruments from Upstox master
2026-07-22 10:36:39.009 | INFO     | services.instruments:fetch_index_constituents:158 - Loaded 200 constituents for NIFTY 200
2026-07-22 10:44:03.308 | INFO     | services.instruments:_get_upstox_instrument_master:73 - Loaded 9430 NSE EQ instruments from Upstox master
2026-07-22 10:44:05.950 | INFO     | services.instruments:fetch_index_constituents:158 - Loaded 200 constituents for NIFTY 200
2026-07-22 10:44:09.510 | INFO     | services.instruments:_get_upstox_instrument_master:73 - Loaded 9430 NSE EQ instruments from Upstox master
2026-07-22 10:44:12.143 | INFO     | services.instruments:fetch_index_constituents:158 - Loaded 200 constituents for NIFTY 200
2026-07-22 10:44:46.604 | INFO     | services.instruments:_get_upstox_instrument_master:73 - Loaded 9430 NSE EQ instruments from Upstox master
2026-07-22 10:44:49.204 | INFO     | services.instruments:fetch_index_constituents:155 - Loaded 200 constituents for NIFTY 200
2026-07-22 10:44:50.256 | ERROR    | api.upstox_client:get:43 - HTTP 400 for /market-quote/quotes: {"status":"error","errors":[{"errorCode":"UDAPI1087","message":"One of either symbol or instrument_key is invalid.","propertyPath":null,"invalidValue":null,"error_code":"UDAPI1087","property_path":nul
2026-07-22 10:44:54.671 | ERROR    | api.upstox_client:get:43 - HTTP 400 for /market-quote/quotes: {"status":"error","errors":[{"errorCode":"UDAPI1087","message":"One of either symbol or instrument_key is invalid.","propertyPath":null,"invalidValue":null,"error_code":"UDAPI1087","property_path":nul
2026-07-22 10:44:59.254 | INFO     | services.instruments:_get_upstox_instrument_master:73 - Loaded 9430 NSE EQ instruments from Upstox master
2026-07-22 10:45:01.781 | INFO     | services.instruments:fetch_index_constituents:155 - Loaded 200 constituents for NIFTY 200
2026-07-22 10:45:02.857 | ERROR    | api.upstox_client:get:43 - HTTP 400 for /market-quote/quotes: {"status":"error","errors":[{"errorCode":"UDAPI1087","message":"One of either symbol or instrument_key is invalid.","propertyPath":null,"invalidValue":null,"error_code":"UDAPI1087","property_path":nul
2026-07-22 10:45:07.190 | ERROR    | api.upstox_client:get:43 - HTTP 400 for /market-quote/quotes: {"status":"error","errors":[{"errorCode":"UDAPI1087","message":"One of either symbol or instrument_key is invalid.","propertyPath":null,"invalidValue":null,"error_code":"UDAPI1087","property_path":nul
2026-07-22 10:45:11.578 | ERROR    | api.upstox_client:get:43 - HTTP 400 for /market-quote/quotes: {"status":"error","errors":[{"errorCode":"UDAPI1087","message":"One of either symbol or instrument_key is invalid.","propertyPath":null,"invalidValue":null,"error_code":"UDAPI1087","property_path":nul
2026-07-22 10:45:16.219 | ERROR    | api.upstox_client:get:43 - HTTP 400 for /market-quote/quotes: {"status":"error","errors":[{"errorCode":"UDAPI1087","message":"One of either symbol or instrument_key is invalid.","propertyPath":null,"invalidValue":null,"error_code":"UDAPI1087","property_path":nul
2026-07-22 10:45:20.889 | ERROR    | api.upstox_client:get:43 - HTTP 400 for /market-quote/quotes: {"status":"error","errors":[{"errorCode":"UDAPI1087","message":"One of either symbol or instrument_key is invalid.","propertyPath":null,"invalidValue":null,"error_code":"UDAPI1087","property_path":nul
2026-07-22 10:45:25.230 | ERROR    | api.upstox_client:get:43 - HTTP 400 for /market-quote/quotes: {"status":"error","errors":[{"errorCode":"UDAPI1087","message":"One of either symbol or instrument_key is invalid.","propertyPath":null,"invalidValue":null,"error_code":"UDAPI1087","property_path":nul
2026-07-22 10:45:29.829 | ERROR    | api.upstox_client:get:43 - HTTP 400 for /market-quote/quotes: {"status":"error","errors":[{"errorCode":"UDAPI1087","message":"One of either symbol or instrument_key is invalid.","propertyPath":null,"invalidValue":null,"error_code":"UDAPI1087","property_path":nul
2026-07-22 10:45:34.069 | ERROR    | api.upstox_client:get:43 - HTTP 400 for /market-quote/quotes: {"status":"error","errors":[{"errorCode":"UDAPI1087","message":"One of either symbol or instrument_key is invalid.","propertyPath":null,"invalidValue":null,"error_code":"UDAPI1087","property_path":nul
2026-07-22 10:45:38.460 | ERROR    | api.upstox_client:get:43 - HTTP 400 for /market-quote/quotes: {"status":"error","errors":[{"errorCode":"UDAPI1087","message":"One of either symbol or instrument_key is invalid.","propertyPath":null,"invalidValue":null,"error_code":"UDAPI1087","property_path":nul
2026-07-22 10:45:42.811 | ERROR    | api.upstox_client:get:43 - HTTP 400 for /market-quote/quotes: {"status":"error","errors":[{"errorCode":"UDAPI1087","message":"One of either symbol or instrument_key is invalid.","propertyPath":null,"invalidValue":null,"error_code":"UDAPI1087","property_path":nul
2026-07-22 10:45:47.310 | ERROR    | api.upstox_client:get:43 - HTTP 400 for /market-quote/quotes: {"status":"error","errors":[{"errorCode":"UDAPI1087","message":"One of either symbol or instrument_key is invalid.","propertyPath":null,"invalidValue":null,"error_code":"UDAPI1087","property_path":nul
2026-07-22 10:45:52.632 | INFO     | services.instruments:_get_upstox_instrument_master:73 - Loaded 9430 NSE EQ instruments from Upstox master
2026-07-22 10:45:55.173 | INFO     | services.instruments:fetch_index_constituents:151 - Loaded 200 constituents for NIFTY 200
2026-07-22 10:46:09.841 | INFO     | services.instruments:_get_upstox_instrument_master:73 - Loaded 9430 NSE EQ instruments from Upstox master
2026-07-22 10:46:12.220 | INFO     | services.instruments:fetch_index_constituents:151 - Loaded 200 constituents for NIFTY 200
2026-07-22 10:53:31.887 | INFO     | services.instruments:_get_upstox_instrument_master:73 - Loaded 9430 NSE EQ instruments from Upstox master
2026-07-22 10:53:35.122 | INFO     | services.instruments:fetch_index_constituents:151 - Loaded 200 constituents for NIFTY 200
2026-07-22 10:54:30.857 | INFO     | services.instruments:_get_upstox_instrument_master:73 - Loaded 9430 NSE EQ instruments from Upstox master
2026-07-22 10:54:33.589 | INFO     | services.instruments:fetch_index_constituents:151 - Loaded 200 constituents for NIFTY 200
2026-07-22 10:57:21.904 | INFO     | services.instruments:_get_upstox_instrument_master:73 - Loaded 9430 NSE EQ instruments from Upstox master
2026-07-22 10:57:24.810 | INFO     | services.instruments:fetch_index_constituents:151 - Loaded 200 constituents for NIFTY 200
2026-07-22 11:05:49.300 | INFO     | scanner:run_scan:98 - Starting Nifty 200 strategy scan...
2026-07-22 11:05:51.859 | INFO     | services.instruments:_get_upstox_instrument_master:73 - Loaded 9430 NSE EQ instruments from Upstox master
2026-07-22 11:05:54.808 | INFO     | services.instruments:fetch_index_constituents:151 - Loaded 200 constituents for NIFTY 200
2026-07-22 11:09:41.148 | INFO     | scanner:run_scan:123 - Scan complete: 199 stocks processed
2026-07-22 11:23:14.566 | INFO     | news:fetch_news:156 - Fetched 84 unique news items
2026-07-22 11:24:17.152 | INFO     | news:fetch_news:156 - Fetched 84 unique news items
2026-07-22 11:25:19.623 | INFO     | services.instruments:_get_upstox_instrument_master:73 - Loaded 9430 NSE EQ instruments from Upstox master
2026-07-22 11:25:22.458 | INFO     | services.instruments:fetch_index_constituents:151 - Loaded 200 constituents for NIFTY 200
2026-07-22 11:25:24.257 | INFO     | news:fetch_news:156 - Fetched 84 unique news items
2026-07-22 11:57:54.747 | INFO     | services.instruments:_get_upstox_instrument_master:73 - Loaded 9430 NSE EQ instruments from Upstox master
2026-07-22 11:57:57.657 | INFO     | services.instruments:fetch_index_constituents:151 - Loaded 200 constituents for NIFTY 200
2026-07-22 12:03:19.667 | INFO     | news:fetch_news:156 - Fetched 84 unique news items
2026-07-22 12:44:44.424 | INFO     | services.instruments:_get_upstox_instrument_master:73 - Loaded 9430 NSE EQ instruments from Upstox master
2026-07-22 12:44:48.102 | INFO     | services.instruments:fetch_index_constituents:151 - Loaded 200 constituents for NIFTY 200
2026-07-22 12:51:26.890 | INFO     | news:fetch_news:156 - Fetched 84 unique news items
2026-07-22 13:10:06.635 | INFO     | services.instruments:_get_upstox_instrument_master:73 - Loaded 9430 NSE EQ instruments from Upstox master
2026-07-22 13:10:09.581 | INFO     | services.instruments:fetch_index_constituents:151 - Loaded 200 constituents for NIFTY 200
2026-07-22 13:12:40.702 | INFO     | news:fetch_news:156 - Fetched 84 unique news items
2026-07-22 14:26:14.870 | INFO     | services.instruments:_get_upstox_instrument_master:73 - Loaded 9430 NSE EQ instruments from Upstox master
2026-07-22 14:26:17.895 | INFO     | services.instruments:fetch_index_constituents:151 - Loaded 200 constituents for NIFTY 200
2026-07-22 14:27:37.941 | INFO     | services.instruments:_get_upstox_instrument_master:73 - Loaded 9430 NSE EQ instruments from Upstox master
2026-07-22 14:27:40.866 | INFO     | services.instruments:fetch_index_constituents:151 - Loaded 200 constituents for NIFTY 200
2026-07-22 15:25:58.372 | INFO     | services.instruments:_get_upstox_instrument_master:73 - Loaded 9430 NSE EQ instruments from Upstox master
2026-07-22 15:26:01.595 | INFO     | services.instruments:fetch_index_constituents:151 - Loaded 200 constituents for NIFTY 200
2026-07-26 16:54:11.230 | ERROR    | api.upstox_client:get:43 - HTTP 401 for /market-quote/quotes: {"status":"error","errors":[{"errorCode":"UDAPI100050","message":"Invalid token used to access API","propertyPath":null,"invalidValue":null,"error_code":"UDAPI100050","property_path":null,"invalid_val
2026-07-26 16:55:36.995 | ERROR    | api.upstox_client:get:43 - HTTP 401 for /market-quote/quotes: {"status":"error","errors":[{"errorCode":"UDAPI100050","message":"Invalid token used to access API","propertyPath":null,"invalidValue":null,"error_code":"UDAPI100050","property_path":null,"invalid_val
2026-07-26 16:55:42.243 | INFO     | services.instruments:_get_upstox_instrument_master:73 - Loaded 9465 NSE EQ instruments from Upstox master
2026-07-26 16:55:45.537 | INFO     | services.instruments:fetch_index_constituents:151 - Loaded 200 constituents for NIFTY 200
2026-07-26 16:55:46.726 | ERROR    | api.upstox_client:get:43 - HTTP 401 for /market-quote/quotes: {"status":"error","errors":[{"errorCode":"UDAPI100050","message":"Invalid token used to access API","propertyPath":null,"invalidValue":null,"error_code":"UDAPI100050","property_path":null,"invalid_val
2026-07-26 16:55:55.298 | INFO     | news:fetch_news:156 - Fetched 84 unique news items
2026-07-26 17:04:06.200 | ERROR    | api.upstox_client:get:47 - Request failed for /historical-candle/NSE_EQ|INE257A01026/day/2026-07-26/2026-06-26: ConnectError: 
2026-07-26 17:04:15.519 | ERROR    | api.upstox_client:get:43 - HTTP 401 for /market-quote/quotes: {"status":"error","errors":[{"errorCode":"UDAPI100050","message":"Invalid token used to access API","propertyPath":null,"invalidValue":null,"error_code":"UDAPI100050","property_path":null,"invalid_val
2026-07-26 21:30:35.054 | INFO     | services.instruments:_get_upstox_instrument_master:73 - Loaded 9465 NSE EQ instruments from Upstox master
2026-07-26 21:30:37.920 | INFO     | services.instruments:fetch_index_constituents:151 - Loaded 200 constituents for NIFTY 200
2026-07-26 21:31:17.310 | INFO     | news:fetch_news:156 - Fetched 84 unique news items
2026-07-26 21:53:19.388 | INFO     | news:fetch_news:156 - Fetched 84 unique news items
2026-07-26 21:54:19.429 | ERROR    | api.upstox_client:get:47 - Request failed for /historical-candle/NSE_EQ|INE031A01017/day/2026-07-26/2026-06-26: ConnectError: 
2026-07-26 21:55:51.439 | INFO     | news:fetch_news:156 - Fetched 84 unique news items
2026-07-26 21:58:21.825 | INFO     | scanner:run_scan:98 - Starting Nifty 200 strategy scan...
2026-07-26 21:58:24.342 | INFO     | services.instruments:_get_upstox_instrument_master:73 - Loaded 9465 NSE EQ instruments from Upstox master
2026-07-26 21:58:26.902 | INFO     | services.instruments:fetch_index_constituents:151 - Loaded 200 constituents for NIFTY 200
2026-07-26 22:03:16.143 | INFO     | scanner:run_scan:123 - Scan complete: 199 stocks processed
2026-07-26 22:04:29.766 | INFO     | services.instruments:_get_upstox_instrument_master:73 - Loaded 9465 NSE EQ instruments from Upstox master
2026-07-26 22:04:32.916 | INFO     | services.instruments:fetch_index_constituents:151 - Loaded 200 constituents for NIFTY 200
2026-07-26 22:05:39.183 | ERROR    | api.upstox_client:get:47 - Request failed for /historical-candle/NSE_EQ|INE257A01026/day/2026-07-26/2026-06-26: ConnectError: 
2026-07-27 22:37:56.803 | ERROR    | api.upstox_client:get:43 - HTTP 401 for /market-quote/quotes: {"status":"error","errors":[{"errorCode":"UDAPI100050","message":"Invalid token used to access API","propertyPath":null,"invalidValue":null,"error_code":"UDAPI100050","property_path":null,"invalid_val
2026-07-27 22:39:24.968 | ERROR    | api.upstox_client:get:43 - HTTP 401 for /market-quote/quotes: {"status":"error","errors":[{"errorCode":"UDAPI100050","message":"Invalid token used to access API","propertyPath":null,"invalidValue":null,"error_code":"UDAPI100050","property_path":null,"invalid_val
2026-07-27 22:39:37.192 | INFO     | services.instruments:_get_upstox_instrument_master:73 - Loaded 9465 NSE EQ instruments from Upstox master
2026-07-27 22:39:40.127 | INFO     | services.instruments:fetch_index_constituents:151 - Loaded 200 constituents for NIFTY 200
2026-07-27 22:40:11.077 | ERROR    | api.upstox_client:get:43 - HTTP 401 for /market-quote/quotes: {"status":"error","errors":[{"errorCode":"UDAPI100050","message":"Invalid token used to access API","propertyPath":null,"invalidValue":null,"error_code":"UDAPI100050","property_path":null,"invalid_val
2026-07-27 22:40:18.437 | ERROR    | api.upstox_client:get:43 - HTTP 401 for /market-quote/quotes: {"status":"error","errors":[{"errorCode":"UDAPI100050","message":"Invalid token used to access API","propertyPath":null,"invalidValue":null,"error_code":"UDAPI100050","property_path":null,"invalid_val
2026-07-27 22:40:29.501 | INFO     | news:fetch_news:156 - Fetched 84 unique news items
2026-07-27 22:41:52.337 | ERROR    | api.upstox_client:get:43 - HTTP 401 for /market-quote/quotes: {"status":"error","errors":[{"errorCode":"UDAPI100050","message":"Invalid token used to access API","propertyPath":null,"invalidValue":null,"error_code":"UDAPI100050","property_path":null,"invalid_val
2026-07-27 22:46:58.995 | ERROR    | api.upstox_client:get:43 - HTTP 401 for /market-quote/quotes: {"status":"error","errors":[{"errorCode":"UDAPI100050","message":"Invalid token used to access API","propertyPath":null,"invalidValue":null,"error_code":"UDAPI100050","property_path":null,"invalid_val
2026-07-28 22:42:12.756 | ERROR    | api.upstox_client:get:43 - HTTP 401 for /market-quote/quotes: {"status":"error","errors":[{"errorCode":"UDAPI100050","message":"Invalid token used to access API","propertyPath":null,"invalidValue":null,"error_code":"UDAPI100050","property_path":null,"invalid_val
2026-07-28 22:43:14.897 | ERROR    | api.upstox_client:get:43 - HTTP 401 for /market-quote/quotes: {"status":"error","errors":[{"errorCode":"UDAPI100050","message":"Invalid token used to access API","propertyPath":null,"invalidValue":null,"error_code":"UDAPI100050","property_path":null,"invalid_val
2026-07-28 22:43:26.427 | INFO     | services.instruments:_get_upstox_instrument_master:73 - Loaded 9447 NSE EQ instruments from Upstox master
2026-07-28 22:43:29.388 | INFO     | services.instruments:fetch_index_constituents:151 - Loaded 200 constituents for NIFTY 200
2026-07-28 22:48:35.437 | ERROR    | api.upstox_client:get:43 - HTTP 401 for /market-quote/quotes: {"status":"error","errors":[{"errorCode":"UDAPI100050","message":"Invalid token used to access API","propertyPath":null,"invalidValue":null,"error_code":"UDAPI100050","property_path":null,"invalid_val
2026-07-28 22:53:17.717 | ERROR    | api.upstox_client:get:43 - HTTP 401 for /market-quote/quotes: {"status":"error","errors":[{"errorCode":"UDAPI100050","message":"Invalid token used to access API","propertyPath":null,"invalidValue":null,"error_code":"UDAPI100050","property_path":null,"invalid_val
2026-07-28 22:53:25.951 | INFO     | news:fetch_news:156 - Fetched 84 unique news items
2026-07-29 09:29:44.923 | ERROR    | api.upstox_client:get:43 - HTTP 401 for /market-quote/quotes: {"status":"error","errors":[{"errorCode":"UDAPI100050","message":"Invalid token used to access API","propertyPath":null,"invalidValue":null,"error_code":"UDAPI100050","property_path":null,"invalid_val
2026-07-29 09:30:55.794 | ERROR    | api.upstox_client:get:43 - HTTP 401 for /market-quote/quotes: {"status":"error","errors":[{"errorCode":"UDAPI100050","message":"Invalid token used to access API","propertyPath":null,"invalidValue":null,"error_code":"UDAPI100050","property_path":null,"invalid_val
2026-07-29 09:31:21.889 | INFO     | services.instruments:_get_upstox_instrument_master:73 - Loaded 9448 NSE EQ instruments from Upstox master
2026-07-29 09:31:24.599 | INFO     | services.instruments:fetch_index_constituents:151 - Loaded 200 constituents for NIFTY 200
2026-07-29 09:31:25.704 | ERROR    | api.upstox_client:get:43 - HTTP 401 for /market-quote/quotes: {"status":"error","errors":[{"errorCode":"UDAPI100050","message":"Invalid token used to access API","propertyPath":null,"invalidValue":null,"error_code":"UDAPI100050","property_path":null,"invalid_val
2026-07-29 09:33:08.982 | ERROR    | api.upstox_client:get:43 - HTTP 401 for /market-quote/quotes: {"status":"error","errors":[{"errorCode":"UDAPI100050","message":"Invalid token used to access API","propertyPath":null,"invalidValue":null,"error_code":"UDAPI100050","property_path":null,"invalid_val
2026-07-29 09:33:15.277 | ERROR    | api.upstox_client:get:43 - HTTP 401 for /market-quote/quotes: {"status":"error","errors":[{"errorCode":"UDAPI100050","message":"Invalid token used to access API","propertyPath":null,"invalidValue":null,"error_code":"UDAPI100050","property_path":null,"invalid_val
2026-07-29 09:33:17.817 | ERROR    | api.upstox_client:get:43 - HTTP 401 for /market-quote/quotes: {"status":"error","errors":[{"errorCode":"UDAPI100050","message":"Invalid token used to access API","propertyPath":null,"invalidValue":null,"error_code":"UDAPI100050","property_path":null,"invalid_val
2026-07-29 09:33:25.963 | ERROR    | api.upstox_client:get:43 - HTTP 401 for /market-quote/quotes: {"status":"error","errors":[{"errorCode":"UDAPI100050","message":"Invalid token used to access API","propertyPath":null,"invalidValue":null,"error_code":"UDAPI100050","property_path":null,"invalid_val
2026-07-29 09:35:25.070 | ERROR    | api.upstox_client:get:43 - HTTP 401 for /market-quote/quotes: {"status":"error","errors":[{"errorCode":"UDAPI100050","message":"Invalid token used to access API","propertyPath":null,"invalidValue":null,"error_code":"UDAPI100050","property_path":null,"invalid_val
2026-07-29 09:36:40.239 | ERROR    | api.upstox_client:get:43 - HTTP 401 for /market-quote/quotes: {"status":"error","errors":[{"errorCode":"UDAPI100050","message":"Invalid token used to access API","propertyPath":null,"invalidValue":null,"error_code":"UDAPI100050","property_path":null,"invalid_val
2026-07-29 09:46:58.804 | ERROR    | api.upstox_client:get:43 - HTTP 401 for /market-quote/quotes: {"status":"error","errors":[{"errorCode":"UDAPI100050","message":"Invalid token used to access API","propertyPath":null,"invalidValue":null,"error_code":"UDAPI100050","property_path":null,"invalid_val
2026-07-29 09:54:11.817 | ERROR    | api.upstox_client:get:43 - HTTP 401 for /market-quote/quotes: {"status":"error","errors":[{"errorCode":"UDAPI100050","message":"Invalid token used to access API","propertyPath":null,"invalidValue":null,"error_code":"UDAPI100050","property_path":null,"invalid_val
2026-07-29 09:54:16.036 | ERROR    | api.upstox_client:get:43 - HTTP 401 for /market-quote/quotes: {"status":"error","errors":[{"errorCode":"UDAPI100050","message":"Invalid token used to access API","propertyPath":null,"invalidValue":null,"error_code":"UDAPI100050","property_path":null,"invalid_val
2026-07-29 09:54:51.417 | ERROR    | api.upstox_client:get:47 - Request failed for /historical-candle/NSE_EQ|INE102D01028/day/2026-07-29/2026-06-29: ReadError: 
2026-07-29 09:55:14.248 | ERROR    | api.upstox_client:get:43 - HTTP 401 for /market-quote/quotes: {"status":"error","errors":[{"errorCode":"UDAPI100050","message":"Invalid token used to access API","propertyPath":null,"invalidValue":null,"error_code":"UDAPI100050","property_path":null,"invalid_val
2026-07-30 21:34:29.791 | ERROR    | api.upstox_client:get:43 - HTTP 401 for /market-quote/quotes: {"status":"error","errors":[{"errorCode":"UDAPI100050","message":"Invalid token used to access API","propertyPath":null,"invalidValue":null,"error_code":"UDAPI100050","property_path":null,"invalid_val
2026-07-30 21:37:09.366 | ERROR    | api.upstox_client:get:43 - HTTP 401 for /market-quote/quotes: {"status":"error","errors":[{"errorCode":"UDAPI100050","message":"Invalid token used to access API","propertyPath":null,"invalidValue":null,"error_code":"UDAPI100050","property_path":null,"invalid_val
2026-07-30 21:37:22.259 | INFO     | services.instruments:_get_upstox_instrument_master:73 - Loaded 9454 NSE EQ instruments from Upstox master
2026-07-30 21:37:25.078 | INFO     | services.instruments:fetch_index_constituents:151 - Loaded 200 constituents for NIFTY 200
2026-07-30 21:43:39.324 | ERROR    | api.upstox_client:get:43 - HTTP 401 for /market-quote/quotes: {"status":"error","errors":[{"errorCode":"UDAPI100050","message":"Invalid token used to access API","propertyPath":null,"invalidValue":null,"error_code":"UDAPI100050","property_path":null,"invalid_val
2026-07-30 21:44:52.616 | ERROR    | api.upstox_client:get:43 - HTTP 401 for /market-quote/quotes: {"status":"error","errors":[{"errorCode":"UDAPI100050","message":"Invalid token used to access API","propertyPath":null,"invalidValue":null,"error_code":"UDAPI100050","property_path":null,"invalid_val
2026-07-30 21:46:09.435 | ERROR    | api.upstox_client:get:43 - HTTP 401 for /market-quote/quotes: {"status":"error","errors":[{"errorCode":"UDAPI100050","message":"Invalid token used to access API","propertyPath":null,"invalidValue":null,"error_code":"UDAPI100050","property_path":null,"invalid_val
2026-07-30 21:48:28.218 | ERROR    | api.upstox_client:get:43 - HTTP 401 for /market-quote/quotes: {"status":"error","errors":[{"errorCode":"UDAPI100050","message":"Invalid token used to access API","propertyPath":null,"invalidValue":null,"error_code":"UDAPI100050","property_path":null,"invalid_val
2026-07-30 21:48:44.264 | INFO     | news:fetch_news:156 - Fetched 84 unique news items
2026-07-30 21:49:17.904 | ERROR    | api.upstox_client:get:43 - HTTP 401 for /market-quote/quotes: {"status":"error","errors":[{"errorCode":"UDAPI100050","message":"Invalid token used to access API","propertyPath":null,"invalidValue":null,"error_code":"UDAPI100050","property_path":null,"invalid_val
2026-07-30 21:49:38.694 | ERROR    | api.upstox_client:get:43 - HTTP 401 for /market-quote/quotes: {"status":"error","errors":[{"errorCode":"UDAPI100050","message":"Invalid token used to access API","propertyPath":null,"invalidValue":null,"error_code":"UDAPI100050","property_path":null,"invalid_val
2026-07-30 21:50:33.136 | INFO     | news:fetch_news:156 - Fetched 84 unique news items
2026-07-30 21:50:37.119 | ERROR    | api.upstox_client:get:43 - HTTP 401 for /market-quote/quotes: {"status":"error","errors":[{"errorCode":"UDAPI100050","message":"Invalid token used to access API","propertyPath":null,"invalidValue":null,"error_code":"UDAPI100050","property_path":null,"invalid_val
2026-07-30 21:50:43.125 | ERROR    | api.upstox_client:get:43 - HTTP 401 for /market-quote/quotes: {"status":"error","errors":[{"errorCode":"UDAPI100050","message":"Invalid token used to access API","propertyPath":null,"invalidValue":null,"error_code":"UDAPI100050","property_path":null,"invalid_val
2026-07-30 21:51:05.452 | ERROR    | api.upstox_client:get:43 - HTTP 401 for /market-quote/quotes: {"status":"error","errors":[{"errorCode":"UDAPI100050","message":"Invalid token used to access API","propertyPath":null,"invalidValue":null,"error_code":"UDAPI100050","property_path":null,"invalid_val
2026-07-30 21:51:22.153 | ERROR    | api.upstox_client:get:43 - HTTP 401 for /market-quote/quotes: {"status":"error","errors":[{"errorCode":"UDAPI100050","message":"Invalid token used to access API","propertyPath":null,"invalidValue":null,"error_code":"UDAPI100050","property_path":null,"invalid_val
2026-07-30 21:53:17.523 | INFO     | news:fetch_news:156 - Fetched 84 unique news items
2026-07-31 09:44:24.808 | ERROR    | api.upstox_client:get:43 - HTTP 401 for /market-quote/quotes: {"status":"error","errors":[{"errorCode":"UDAPI100050","message":"Invalid token used to access API","propertyPath":null,"invalidValue":null,"error_code":"UDAPI100050","property_path":null,"invalid_val
2026-07-31 09:46:05.436 | INFO     | services.instruments:_get_upstox_instrument_master:73 - Loaded 9459 NSE EQ instruments from Upstox master
2026-07-31 09:46:09.299 | INFO     | services.instruments:fetch_index_constituents:151 - Loaded 200 constituents for NIFTY 200
2026-07-31 09:46:10.477 | ERROR    | api.upstox_client:get:43 - HTTP 401 for /market-quote/quotes: {"status":"error","errors":[{"errorCode":"UDAPI100050","message":"Invalid token used to access API","propertyPath":null,"invalidValue":null,"error_code":"UDAPI100050","property_path":null,"invalid_val
2026-07-31 09:47:10.802 | ERROR    | api.upstox_client:get:43 - HTTP 401 for /market-quote/quotes: {"status":"error","errors":[{"errorCode":"UDAPI100050","message":"Invalid token used to access API","propertyPath":null,"invalidValue":null,"error_code":"UDAPI100050","property_path":null,"invalid_val
2026-07-31 09:48:03.530 | ERROR    | api.upstox_client:get:43 - HTTP 401 for /market-quote/quotes: {"status":"error","errors":[{"errorCode":"UDAPI100050","message":"Invalid token used to access API","propertyPath":null,"invalidValue":null,"error_code":"UDAPI100050","property_path":null,"invalid_val
2026-07-31 09:50:10.159 | ERROR    | api.upstox_client:get:43 - HTTP 401 for /market-quote/quotes: {"status":"error","errors":[{"errorCode":"UDAPI100050","message":"Invalid token used to access API","propertyPath":null,"invalidValue":null,"error_code":"UDAPI100050","property_path":null,"invalid_val
2026-07-31 09:52:29.396 | ERROR    | api.upstox_client:get:43 - HTTP 401 for /market-quote/quotes: {"status":"error","errors":[{"errorCode":"UDAPI100050","message":"Invalid token used to access API","propertyPath":null,"invalidValue":null,"error_code":"UDAPI100050","property_path":null,"invalid_val
2026-07-31 09:52:41.211 | INFO     | services.instruments:_get_upstox_instrument_master:73 - Loaded 9459 NSE EQ instruments from Upstox master
2026-07-31 09:52:44.099 | INFO     | services.instruments:fetch_index_constituents:151 - Loaded 200 constituents for NIFTY 200
2026-07-31 09:52:45.183 | ERROR    | api.upstox_client:get:43 - HTTP 401 for /market-quote/quotes: {"status":"error","errors":[{"errorCode":"UDAPI100050","message":"Invalid token used to access API","propertyPath":null,"invalidValue":null,"error_code":"UDAPI100050","property_path":null,"invalid_val
2026-07-31 09:54:57.374 | ERROR    | api.upstox_client:get:43 - HTTP 401 for /market-quote/quotes: {"status":"error","errors":[{"errorCode":"UDAPI100050","message":"Invalid token used to access API","propertyPath":null,"invalidValue":null,"error_code":"UDAPI100050","property_path":null,"invalid_val
2026-07-31 09:56:28.784 | ERROR    | api.upstox_client:get:43 - HTTP 401 for /market-quote/quotes: {"status":"error","errors":[{"errorCode":"UDAPI100050","message":"Invalid token used to access API","propertyPath":null,"invalidValue":null,"error_code":"UDAPI100050","property_path":null,"invalid_val
2026-07-31 09:57:23.164 | ERROR    | api.upstox_client:get:43 - HTTP 401 for /market-quote/quotes: {"status":"error","errors":[{"errorCode":"UDAPI100050","message":"Invalid token used to access API","propertyPath":null,"invalidValue":null,"error_code":"UDAPI100050","property_path":null,"invalid_val
2026-07-31 09:57:30.569 | ERROR    | api.upstox_client:get:43 - HTTP 401 for /market-quote/quotes: {"status":"error","errors":[{"errorCode":"UDAPI100050","message":"Invalid token used to access API","propertyPath":null,"invalidValue":null,"error_code":"UDAPI100050","property_path":null,"invalid_val
2026-07-31 09:57:34.762 | ERROR    | api.upstox_client:get:43 - HTTP 401 for /market-quote/quotes: {"status":"error","errors":[{"errorCode":"UDAPI100050","message":"Invalid token used to access API","propertyPath":null,"invalidValue":null,"error_code":"UDAPI100050","property_path":null,"invalid_val
2026-07-31 09:59:32.267 | ERROR    | api.upstox_client:get:43 - HTTP 401 for /market-quote/quotes: {"status":"error","errors":[{"errorCode":"UDAPI100050","message":"Invalid token used to access API","propertyPath":null,"invalidValue":null,"error_code":"UDAPI100050","property_path":null,"invalid_val
2026-07-31 10:01:26.464 | INFO     | services.instruments:_get_upstox_instrument_master:73 - Loaded 9459 NSE EQ instruments from Upstox master
2026-07-31 10:01:29.247 | INFO     | services.instruments:fetch_index_constituents:151 - Loaded 200 constituents for NIFTY 200
2026-07-31 10:27:48.927 | INFO     | services.instruments:_get_upstox_instrument_master:73 - Loaded 9459 NSE EQ instruments from Upstox master
2026-07-31 10:27:51.572 | INFO     | services.instruments:fetch_index_constituents:151 - Loaded 200 constituents for NIFTY 200
2026-07-31 10:28:17.161 | INFO     | news:fetch_news:156 - Fetched 84 unique news items
2026-07-31 14:33:44.117 | INFO     | services.instruments:_get_upstox_instrument_master:73 - Loaded 9459 NSE EQ instruments from Upstox master
2026-07-31 14:33:46.912 | INFO     | services.instruments:fetch_index_constituents:151 - Loaded 200 constituents for NIFTY 200
2026-08-01 10:44:14.407 | ERROR    | api.upstox_client:get:43 - HTTP 401 for /market-quote/quotes: {"status":"error","errors":[{"errorCode":"UDAPI100050","message":"Invalid token used to access API","propertyPath":null,"invalidValue":null,"error_code":"UDAPI100050","property_path":null,"invalid_val
2026-08-01 10:46:12.248 | INFO     | services.instruments:_get_upstox_instrument_master:73 - Loaded 9483 NSE EQ instruments from Upstox master
2026-08-01 10:46:15.198 | INFO     | services.instruments:fetch_index_constituents:151 - Loaded 200 constituents for NIFTY 200
2026-08-01 10:46:16.465 | ERROR    | api.upstox_client:get:43 - HTTP 401 for /market-quote/quotes: {"status":"error","errors":[{"errorCode":"UDAPI100050","message":"Invalid token used to access API","propertyPath":null,"invalidValue":null,"error_code":"UDAPI100050","property_path":null,"invalid_val
2026-08-01 10:46:24.381 | INFO     | news:fetch_news:156 - Fetched 84 unique news items
2026-08-01 10:49:27.526 | INFO     | scanner:run_scan:98 - Starting Nifty 200 strategy scan...
2026-08-01 10:52:57.564 | INFO     | scanner:run_scan:119 - Scan complete: 199 stocks processed
2026-08-01 10:54:27.085 | ERROR    | api.upstox_client:get:43 - HTTP 401 for /market-quote/quotes: {"status":"error","errors":[{"errorCode":"UDAPI100050","message":"Invalid token used to access API","propertyPath":null,"invalidValue":null,"error_code":"UDAPI100050","property_path":null,"invalid_val
2026-08-01 10:54:59.583 | ERROR    | api.upstox_client:get:43 - HTTP 401 for /market-quote/quotes: {"status":"error","errors":[{"errorCode":"UDAPI100050","message":"Invalid token used to access API","propertyPath":null,"invalidValue":null,"error_code":"UDAPI100050","property_path":null,"invalid_val
2026-08-01 11:02:20.364 | ERROR    | api.upstox_client:get:43 - HTTP 401 for /market-quote/quotes: {"status":"error","errors":[{"errorCode":"UDAPI100050","message":"Invalid token used to access API","propertyPath":null,"invalidValue":null,"error_code":"UDAPI100050","property_path":null,"invalid_val
2026-08-01 11:02:48.361 | ERROR    | api.upstox_client:get:43 - HTTP 401 for /market-quote/quotes: {"status":"error","errors":[{"errorCode":"UDAPI100050","message":"Invalid token used to access API","propertyPath":null,"invalidValue":null,"error_code":"UDAPI100050","property_path":null,"invalid_val
2026-08-01 11:02:53.671 | ERROR    | api.upstox_client:get:43 - HTTP 401 for /market-quote/quotes: {"status":"error","errors":[{"errorCode":"UDAPI100050","message":"Invalid token used to access API","propertyPath":null,"invalidValue":null,"error_code":"UDAPI100050","property_path":null,"invalid_val
2026-08-01 11:03:45.434 | ERROR    | api.upstox_client:get:43 - HTTP 401 for /market-quote/quotes: {"status":"error","errors":[{"errorCode":"UDAPI100050","message":"Invalid token used to access API","propertyPath":null,"invalidValue":null,"error_code":"UDAPI100050","property_path":null,"invalid_val
2026-08-01 11:04:17.631 | INFO     | news:fetch_news:156 - Fetched 84 unique news items
2026-08-01 11:04:22.921 | ERROR    | api.upstox_client:get:43 - HTTP 401 for /market-quote/quotes: {"status":"error","errors":[{"errorCode":"UDAPI100050","message":"Invalid token used to access API","propertyPath":null,"invalidValue":null,"error_code":"UDAPI100050","property_path":null,"invalid_val
2026-08-01 11:11:19.171 | ERROR    | api.upstox_client:get:43 - HTTP 401 for /market-quote/quotes: {"status":"error","errors":[{"errorCode":"UDAPI100050","message":"Invalid token used to access API","propertyPath":null,"invalidValue":null,"error_code":"UDAPI100050","property_path":null,"invalid_val
2026-08-01 11:13:04.674 | INFO     | services.instruments:_get_upstox_instrument_master:73 - Loaded 9483 NSE EQ instruments from Upstox master
2026-08-01 11:13:07.742 | INFO     | services.instruments:fetch_index_constituents:151 - Loaded 200 constituents for NIFTY 200
2026-08-01 11:13:07.745 | INFO     | scanner:run_scan:98 - Starting Nifty 200 strategy scan...
2026-08-01 11:13:59.556 | INFO     | services.instruments:_get_upstox_instrument_master:73 - Loaded 9483 NSE EQ instruments from Upstox master
2026-08-01 11:14:02.413 | INFO     | services.instruments:fetch_index_constituents:151 - Loaded 200 constituents for NIFTY 200
2026-08-01 11:14:02.417 | INFO     | scanner:run_scan:98 - Starting Nifty 200 strategy scan...
2026-08-01 11:14:31.997 | INFO     | scanner:run_scan:98 - Starting Nifty 200 strategy scan...
2026-08-01 11:15:11.446 | ERROR    | api.upstox_client:get:47 - Request failed for /historical-candle/NSE_EQ|INE259A01022/day/2026-08-01/2025-11-14: ConnectError: 
2026-08-01 11:15:57.628 | INFO     | services.instruments:_get_upstox_instrument_master:73 - Loaded 9483 NSE EQ instruments from Upstox master
2026-08-01 11:16:00.819 | INFO     | services.instruments:fetch_index_constituents:151 - Loaded 200 constituents for NIFTY 200
2026-08-01 11:16:00.828 | INFO     | scanner:run_scan:98 - Starting Nifty 200 strategy scan...
2026-08-01 11:18:31.674 | INFO     | services.instruments:_get_upstox_instrument_master:73 - Loaded 9483 NSE EQ instruments from Upstox master
2026-08-01 11:18:34.204 | INFO     | services.instruments:fetch_index_constituents:151 - Loaded 200 constituents for NIFTY 200
2026-08-01 11:18:38.595 | INFO     | scanner:run_scan:98 - Starting Nifty 200 strategy scan...
2026-08-01 11:18:57.825 | INFO     | scanner:run_scan:98 - Starting Nifty 200 strategy scan...
2026-08-01 11:19:35.010 | ERROR    | api.upstox_client:get:47 - Request failed for /historical-candle/NSE_EQ|INE918I01026/day/2026-08-01/2025-11-14: ConnectError: 
2026-08-01 11:19:54.433 | ERROR    | api.upstox_client:get:47 - Request failed for /historical-candle/NSE_EQ|INE259A01022/day/2026-08-01/2025-11-14: ConnectError: 
2026-08-01 11:20:14.252 | ERROR    | api.upstox_client:get:47 - Request failed for /historical-candle/NSE_EQ|INE129A01019/day/2026-08-01/2025-11-14: RemoteProtocolError: Server disconnected without sending a response.
2026-08-01 11:20:15.572 | ERROR    | api.upstox_client:get:47 - Request failed for /historical-candle/NSE_EQ|INE200A01026/day/2026-08-01/2025-11-14: ConnectError: 
2026-08-01 11:20:16.465 | ERROR    | api.upstox_client:get:47 - Request failed for /historical-candle/NSE_EQ|INE758T01015/day/2026-08-01/2025-11-14: ConnectError: 
2026-08-01 11:20:41.633 | ERROR    | api.upstox_client:get:47 - Request failed for /historical-candle/NSE_EQ|INE030A01027/day/2026-08-01/2025-11-14: ReadError: 
2026-08-01 11:20:41.642 | ERROR    | api.upstox_client:get:47 - Request failed for /historical-candle/NSE_EQ|INE267A01025/day/2026-08-01/2025-11-14: ReadError: 
2026-08-01 11:20:42.462 | ERROR    | api.upstox_client:get:47 - Request failed for /historical-candle/NSE_EQ|INE158A01026/day/2026-08-01/2025-11-14: ConnectError: 
2026-08-01 11:20:42.470 | ERROR    | api.upstox_client:get:47 - Request failed for /historical-candle/NSE_EQ|INE176B01034/day/2026-08-01/2025-11-14: ConnectError: 
2026-08-01 11:21:03.368 | ERROR    | api.upstox_client:get:47 - Request failed for /historical-candle/NSE_EQ|INE202E01016/day/2026-08-01/2025-11-14: ReadError: 
2026-08-01 11:21:06.382 | ERROR    | api.upstox_client:get:47 - Request failed for /historical-candle/NSE_EQ|INE121J01017/day/2026-08-01/2025-11-14: ReadError: 
2026-08-01 11:21:07.842 | ERROR    | api.upstox_client:get:47 - Request failed for /historical-candle/NSE_EQ|INE095A01012/day/2026-08-01/2025-11-14: ReadError: 
2026-08-01 11:21:08.781 | ERROR    | api.upstox_client:get:47 - Request failed for /historical-candle/NSE_EQ|INE242A01010/day/2026-08-01/2025-11-14: ConnectError: 
2026-08-01 11:21:25.737 | ERROR    | api.upstox_client:get:47 - Request failed for /historical-candle/NSE_EQ|INE324D01010/day/2026-08-01/2025-11-14: RemoteProtocolError: Server disconnected without sending a response.
2026-08-01 11:21:29.419 | ERROR    | api.upstox_client:get:47 - Request failed for /historical-candle/NSE_EQ|INE878B01027/day/2026-08-01/2025-11-14: RemoteProtocolError: Server disconnected without sending a response.
2026-08-01 11:21:29.522 | ERROR    | api.upstox_client:get:47 - Request failed for /historical-candle/NSE_EQ|INE115A01026/day/2026-08-01/2025-11-14: ReadError: 
2026-08-01 11:21:30.742 | ERROR    | api.upstox_client:get:47 - Request failed for /historical-candle/NSE_EQ|INE214T01019/day/2026-08-01/2025-11-14: ConnectError: 
2026-08-01 11:22:08.448 | INFO     | services.instruments:_get_upstox_instrument_master:73 - Loaded 9483 NSE EQ instruments from Upstox master
2026-08-01 11:22:12.507 | INFO     | services.instruments:fetch_index_constituents:151 - Loaded 200 constituents for NIFTY 200
2026-08-01 11:22:12.512 | INFO     | scanner:run_scan:98 - Starting Nifty 200 strategy scan...
2026-08-01 11:23:00.161 | ERROR    | api.upstox_client:get:47 - Request failed for /historical-candle/NSE_EQ|INE257A01026/day/2026-08-01/2025-11-14: ConnectError: 
2026-08-01 11:23:36.071 | INFO     | scanner:run_scan:98 - Starting Nifty 200 strategy scan...
2026-08-01 11:23:48.742 | ERROR    | api.upstox_client:get:47 - Request failed for /historical-candle/NSE_EQ|INE031A01017/day/2026-08-01/2025-11-14: RuntimeError: cannot schedule new futures after shutdown
2026-08-01 11:23:48.750 | ERROR    | api.upstox_client:get:47 - Request failed for /historical-candle/NSE_EQ|INE0V6F01027/day/2026-08-01/2025-11-14: RuntimeError: cannot schedule new futures after shutdown
2026-08-01 11:23:48.758 | ERROR    | api.upstox_client:get:47 - Request failed for /historical-candle/NSE_EQ|INE090A01021/day/2026-08-01/2025-11-14: RuntimeError: cannot schedule new futures after shutdown
2026-08-01 11:23:48.765 | ERROR    | api.upstox_client:get:47 - Request failed for /historical-candle/NSE_EQ|INE765G01017/day/2026-08-01/2025-11-14: RuntimeError: cannot schedule new futures after shutdown
2026-08-01 11:23:48.774 | ERROR    | api.upstox_client:get:47 - Request failed for /historical-candle/NSE_EQ|INE346A01027/day/2026-08-01/2025-11-14: RuntimeError: cannot schedule new futures after shutdown
2026-08-01 11:23:48.780 | ERROR    | api.upstox_client:get:47 - Request failed for /historical-candle/NSE_EQ|INE092T01019/day/2026-08-01/2025-11-14: RuntimeError: cannot schedule new futures after shutdown
2026-08-01 11:24:07.798 | INFO     | services.instruments:_get_upstox_instrument_master:73 - Loaded 9483 NSE EQ instruments from Upstox master
2026-08-01 11:24:10.701 | INFO     | services.instruments:fetch_index_constituents:151 - Loaded 200 constituents for NIFTY 200
2026-08-01 11:24:10.706 | INFO     | scanner:run_scan:98 - Starting Nifty 200 strategy scan...
2026-08-01 11:24:52.877 | INFO     | news:fetch_news:156 - Fetched 84 unique news items
2026-08-01 11:24:58.842 | INFO     | scanner:run_scan:98 - Starting Nifty 200 strategy scan...
2026-08-01 11:25:09.461 | ERROR    | api.upstox_client:get:47 - Request failed for /historical-candle/NSE_EQ|INE257A01026/day/2026-08-01/2025-11-14: ConnectError: 
2026-08-01 11:25:11.167 | ERROR    | api.upstox_client:get:47 - Request failed for /historical-candle/NSE_EQ|INE029A01011/day/2026-08-01/2025-11-14: ReadError: 
2026-08-01 11:25:36.866 | ERROR    | api.upstox_client:get:47 - Request failed for /historical-candle/NSE_EQ|INE111A01025/day/2026-08-01/2025-11-14: ReadError: 
2026-08-01 11:25:38.248 | ERROR    | api.upstox_client:get:47 - Request failed for /historical-candle/NSE_EQ|INE169A01031/day/2026-08-01/2025-11-14: ConnectError: 
2026-08-01 11:25:38.257 | ERROR    | api.upstox_client:get:47 - Request failed for /historical-candle/NSE_EQ|INE298A01020/day/2026-08-01/2025-11-14: ConnectError: 
2026-08-01 11:25:57.896 | ERROR    | api.upstox_client:get:47 - Request failed for /historical-candle/NSE_EQ|INE776C01039/day/2026-08-01/2025-11-14: RemoteProtocolError: Server disconnected without sending a response.
2026-08-01 11:25:57.904 | ERROR    | api.upstox_client:get:47 - Request failed for /historical-candle/NSE_EQ|INE935A01035/day/2026-08-01/2025-11-14: RemoteProtocolError: Server disconnected without sending a response.
2026-08-01 11:26:01.653 | ERROR    | api.upstox_client:get:47 - Request failed for /historical-candle/NSE_EQ|INE260B01028/day/2026-08-01/2025-11-14: RemoteProtocolError: Server disconnected without sending a response.
2026-08-01 11:26:22.000 | ERROR    | api.upstox_client:get:47 - Request failed for /historical-candle/NSE_EQ|INE031A01017/day/2026-08-01/2025-11-14: ConnectError: 
2026-08-01 11:26:30.193 | ERROR    | api.upstox_client:get:47 - Request failed for /historical-candle/NSE_EQ|INE031A01017/day/2026-08-01/2025-11-14: ConnectError: 
2026-08-01 11:26:44.098 | ERROR    | api.upstox_client:get:47 - Request failed for /historical-candle/NSE_EQ|INE009A01021/day/2026-08-01/2025-11-14: ReadError: 
2026-08-01 11:26:50.731 | ERROR    | api.upstox_client:get:47 - Request failed for /historical-candle/NSE_EQ|INE663F01032/day/2026-08-01/2025-11-14: RemoteProtocolError: Server disconnected without sending a response.
2026-08-01 11:27:17.886 | ERROR    | api.upstox_client:get:47 - Request failed for /historical-candle/NSE_EQ|INE018A01030/day/2026-08-01/2025-11-14: ReadError: 
2026-08-01 11:27:20.163 | ERROR    | api.upstox_client:get:47 - Request failed for /historical-candle/NSE_EQ|INE947Q01028/day/2026-08-01/2025-11-14: ConnectError: 
2026-08-01 11:27:20.189 | ERROR    | api.upstox_client:get:47 - Request failed for /historical-candle/NSE_EQ|INE956O01016/day/2026-08-01/2025-11-14: ConnectError: 
2026-08-01 11:27:26.785 | ERROR    | api.upstox_client:get:47 - Request failed for /historical-candle/NSE_EQ|INE326A01037/day/2026-08-01/2025-11-14: ConnectError: 
2026-08-01 11:27:26.809 | ERROR    | api.upstox_client:get:47 - Request failed for /historical-candle/NSE_EQ|INE883A01011/day/2026-08-01/2025-11-14: ConnectError: 
2026-08-01 11:27:26.823 | ERROR    | api.upstox_client:get:47 - Request failed for /historical-candle/NSE_EQ|INE101A01026/day/2026-08-01/2025-11-14: ConnectError: 
2026-08-01 11:27:26.839 | ERROR    | api.upstox_client:get:47 - Request failed for /historical-candle/NSE_EQ|INE774D01024/day/2026-08-01/2025-11-14: ConnectError: 
2026-08-01 11:27:33.172 | ERROR    | api.upstox_client:get:47 - Request failed for /historical-candle/NSE_EQ|INE018A01030/day/2026-08-01/2025-11-14: ConnectTimeout: 
2026-08-01 11:27:33.188 | ERROR    | api.upstox_client:get:47 - Request failed for /historical-candle/NSE_EQ|INE947Q01028/day/2026-08-01/2025-11-14: ConnectTimeout: 
2026-08-01 11:27:33.205 | ERROR    | api.upstox_client:get:47 - Request failed for /historical-candle/NSE_EQ|INE956O01016/day/2026-08-01/2025-11-14: ConnectTimeout: 
2026-08-01 11:27:34.461 | ERROR    | api.upstox_client:get:47 - Request failed for /historical-candle/NSE_EQ|INE670K01029/day/2026-08-01/2025-11-14: ReadError: 
2026-08-01 11:27:36.736 | ERROR    | api.upstox_client:get:47 - Request failed for /historical-candle/NSE_EQ|INE585B01010/day/2026-08-01/2025-11-14: ReadError: 
2026-08-01 11:27:36.749 | ERROR    | api.upstox_client:get:47 - Request failed for /historical-candle/NSE_EQ|INE196A01026/day/2026-08-01/2025-11-14: ReadError: 
2026-08-01 11:27:36.771 | ERROR    | api.upstox_client:get:47 - Request failed for /historical-candle/NSE_EQ|INE027H01010/day/2026-08-01/2025-11-14: ConnectError: 
2026-08-01 11:27:36.796 | ERROR    | api.upstox_client:get:47 - Request failed for /historical-candle/NSE_EQ|INE249Z01020/day/2026-08-01/2025-11-14: ConnectError: 
2026-08-01 11:27:39.899 | ERROR    | api.upstox_client:get:47 - Request failed for /historical-candle/NSE_EQ|INE670K01029/day/2026-08-01/2025-11-14: ConnectTimeout: 
2026-08-01 11:27:47.288 | ERROR    | api.upstox_client:get:47 - Request failed for /historical-candle/NSE_EQ|INE634S01028/day/2026-08-01/2025-11-14: ReadError: 
2026-08-01 11:27:48.829 | ERROR    | api.upstox_client:get:47 - Request failed for /historical-candle/NSE_EQ|INE180A01020/day/2026-08-01/2025-11-14: ReadError: 
2026-08-01 11:27:50.322 | ERROR    | api.upstox_client:get:47 - Request failed for /historical-candle/NSE_EQ|INE356A01018/day/2026-08-01/2025-11-14: ConnectError: 
2026-08-01 11:27:51.929 | ERROR    | api.upstox_client:get:47 - Request failed for /historical-candle/NSE_EQ|INE745G01043/day/2026-08-01/2025-11-14: ConnectError: 
2026-08-01 11:27:51.941 | ERROR    | api.upstox_client:get:47 - Request failed for /historical-candle/NSE_EQ|INE414G01012/day/2026-08-01/2025-11-14: ConnectError: 
2026-08-01 11:27:51.951 | ERROR    | api.upstox_client:get:47 - Request failed for /historical-candle/NSE_EQ|INE338I01027/day/2026-08-01/2025-11-14: ReadError: 
2026-08-01 11:27:57.442 | ERROR    | api.upstox_client:get:47 - Request failed for /historical-candle/NSE_EQ|INE584A01023/day/2026-08-01/2025-11-14: ConnectError: 
2026-08-01 11:27:57.454 | ERROR    | api.upstox_client:get:47 - Request failed for /historical-candle/NSE_EQ|INE733E01010/day/2026-08-01/2025-11-14: ConnectError: 
2026-08-01 11:27:57.463 | ERROR    | api.upstox_client:get:47 - Request failed for /historical-candle/NSE_EQ|INE848E01016/day/2026-08-01/2025-11-14: ConnectError: 
2026-08-01 11:27:57.473 | ERROR    | api.upstox_client:get:47 - Request failed for /historical-candle/NSE_EQ|INE139A01034/day/2026-08-01/2025-11-14: ConnectError: 
2026-08-01 11:28:04.060 | ERROR    | api.upstox_client:get:47 - Request failed for /historical-candle/NSE_EQ|INE848E01016/day/2026-08-01/2025-11-14: RemoteProtocolError: Server disconnected without sending a response.
2026-08-01 11:28:04.291 | ERROR    | api.upstox_client:get:47 - Request failed for /historical-candle/NSE_EQ|INE239A01024/day/2026-08-01/2025-11-14: ReadError: 
2026-08-01 11:28:27.949 | ERROR    | api.upstox_client:get:47 - Request failed for /historical-candle/NSE_EQ|INE318A01026/day/2026-08-01/2025-11-14: RemoteProtocolError: Server disconnected without sending a response.
2026-08-01 11:28:27.960 | ERROR    | api.upstox_client:get:47 - Request failed for /historical-candle/NSE_EQ|INE455K01017/day/2026-08-01/2025-11-14: RemoteProtocolError: Server disconnected without sending a response.
2026-08-01 11:28:27.968 | ERROR    | api.upstox_client:get:47 - Request failed for /historical-candle/NSE_EQ|INE134E01011/day/2026-08-01/2025-11-14: RemoteProtocolError: Server disconnected without sending a response.
2026-08-01 11:28:27.976 | ERROR    | api.upstox_client:get:47 - Request failed for /historical-candle/NSE_EQ|INE211B01039/day/2026-08-01/2025-11-14: RemoteProtocolError: Server disconnected without sending a response.
2026-08-01 11:28:33.127 | ERROR    | api.upstox_client:get:47 - Request failed for /historical-candle/NSE_EQ|INE752E01010/day/2026-08-01/2025-11-14: ReadError: 
2026-08-01 11:28:38.534 | ERROR    | api.upstox_client:get:47 - Request failed for /historical-candle/NSE_EQ|INE318A01026/day/2026-08-01/2025-11-14: ConnectError: 
2026-08-01 11:29:01.217 | ERROR    | api.upstox_client:get:47 - Request failed for /historical-candle/NSE_EQ|INE721A01047/day/2026-08-01/2025-11-14: ConnectError: 
2026-08-01 11:29:22.190 | INFO     | scanner:run_scan:119 - Scan complete: 15 stocks processed
2026-08-01 11:29:23.863 | INFO     | scanner:run_scan:119 - Scan complete: 190 stocks processed
2026-08-01 11:32:51.496 | INFO     | services.instruments:_get_upstox_instrument_master:73 - Loaded 9483 NSE EQ instruments from Upstox master
2026-08-01 11:32:54.378 | INFO     | services.instruments:fetch_index_constituents:151 - Loaded 200 constituents for NIFTY 200
2026-08-01 11:43:17.044 | INFO     | services.instruments:_get_upstox_instrument_master:73 - Loaded 9483 NSE EQ instruments from Upstox master
2026-08-01 11:43:19.951 | INFO     | services.instruments:fetch_index_constituents:151 - Loaded 200 constituents for NIFTY 200
2026-08-01 11:43:31.970 | INFO     | news:fetch_news:156 - Fetched 84 unique news items
2026-08-01 11:43:37.590 | INFO     | scanner:run_scan:98 - Starting Nifty 200 strategy scan...
2026-08-01 11:43:48.076 | INFO     | scanner:run_scan:98 - Starting Nifty 200 strategy scan...
2026-08-01 11:44:43.527 | ERROR    | api.upstox_client:get:47 - Request failed for /historical-candle/NSE_EQ|INE323A01026/day/2026-08-01/2025-11-14: ConnectError: 
2026-08-01 11:44:43.536 | ERROR    | api.upstox_client:get:47 - Request failed for /historical-candle/NSE_EQ|INE472A01039/day/2026-08-01/2025-11-14: ConnectError: 
2026-08-01 11:44:53.735 | ERROR    | api.upstox_client:get:47 - Request failed for /historical-candle/NSE_EQ|INE259A01022/day/2026-08-01/2025-11-14: ConnectError: 
2026-08-01 11:44:54.880 | ERROR    | api.upstox_client:get:47 - Request failed for /historical-candle/NSE_EQ|INE111A01025/day/2026-08-01/2025-11-14: ConnectError: 
2026-08-01 11:44:54.889 | ERROR    | api.upstox_client:get:47 - Request failed for /historical-candle/NSE_EQ|INE169A01031/day/2026-08-01/2025-11-14: ConnectError: 
2026-08-01 11:44:54.896 | ERROR    | api.upstox_client:get:47 - Request failed for /historical-candle/NSE_EQ|INE298A01020/day/2026-08-01/2025-11-14: ConnectError: 
2026-08-01 11:45:10.990 | ERROR    | api.upstox_client:get:47 - Request failed for /historical-candle/NSE_EQ|INE935N01020/day/2026-08-01/2025-11-14: ConnectError: 
2026-08-01 11:45:38.805 | ERROR    | api.upstox_client:get:47 - Request failed for /historical-candle/NSE_EQ|INE07Y701011/day/2026-08-01/2025-11-14: ConnectError: 
2026-08-01 11:45:39.919 | ERROR    | api.upstox_client:get:47 - Request failed for /historical-candle/NSE_EQ|INE031A01017/day/2026-08-01/2025-11-14: RemoteProtocolError: Server disconnected without sending a response.
2026-08-01 11:46:02.491 | ERROR    | api.upstox_client:get:47 - Request failed for /historical-candle/NSE_EQ|INE663F01032/day/2026-08-01/2025-11-14: ReadError: 
2026-08-01 11:46:03.966 | ERROR    | api.upstox_client:get:47 - Request failed for /historical-candle/NSE_EQ|INE009A01021/day/2026-08-01/2025-11-14: ConnectError: 
2026-08-01 11:46:30.524 | ERROR    | api.upstox_client:get:47 - Request failed for /historical-candle/NSE_EQ|INE018A01030/day/2026-08-01/2025-11-14: RemoteProtocolError: Server disconnected without sending a response.
2026-08-01 11:46:35.056 | ERROR    | api.upstox_client:get:47 - Request failed for /historical-candle/NSE_EQ|INE956O01016/day/2026-08-01/2025-11-14: ConnectError: 
2026-08-01 11:46:38.365 | ERROR    | api.upstox_client:get:47 - Request failed for /historical-candle/NSE_EQ|INE947Q01028/day/2026-08-01/2025-11-14: ConnectError: 
2026-08-01 11:46:42.415 | ERROR    | api.upstox_client:get:47 - Request failed for /historical-candle/NSE_EQ|INE947Q01028/day/2026-08-01/2025-11-14: RemoteProtocolError: Server disconnected without sending a response.
2026-08-01 11:46:43.894 | ERROR    | api.upstox_client:get:47 - Request failed for /historical-candle/NSE_EQ|INE956O01016/day/2026-08-01/2025-11-14: ConnectError: 
2026-08-01 11:47:01.674 | ERROR    | api.upstox_client:get:47 - Request failed for /historical-candle/NSE_EQ|INE414G01012/day/2026-08-01/2025-11-14: RemoteProtocolError: Server disconnected without sending a response.
2026-08-01 11:47:09.355 | ERROR    | api.upstox_client:get:47 - Request failed for /historical-candle/NSE_EQ|INE848E01016/day/2026-08-01/2025-11-14: ConnectError: 
2026-08-01 11:47:25.455 | ERROR    | api.upstox_client:get:47 - Request failed for /historical-candle/NSE_EQ|INE211B01039/day/2026-08-01/2025-11-14: ConnectError: 
2026-08-01 11:47:27.456 | ERROR    | api.upstox_client:get:47 - Request failed for /historical-candle/NSE_EQ|INE211B01039/day/2026-08-01/2025-11-14: RemoteProtocolError: Server disconnected without sending a response.
2026-08-01 11:47:30.886 | ERROR    | api.upstox_client:get:47 - Request failed for /historical-candle/NSE_EQ|INE318A01026/day/2026-08-01/2025-11-14: ReadError: 
2026-08-01 11:47:49.426 | ERROR    | api.upstox_client:get:47 - Request failed for /historical-candle/NSE_EQ|INE070A01015/day/2026-08-01/2025-11-14: RemoteProtocolError: Server disconnected without sending a response.
2026-08-01 11:47:51.163 | ERROR    | api.upstox_client:get:47 - Request failed for /historical-candle/NSE_EQ|INE721A01047/day/2026-08-01/2025-11-14: ReadError: 
2026-08-01 12:02:16.947 | INFO     | services.instruments:_get_upstox_instrument_master:73 - Loaded 9483 NSE EQ instruments from Upstox master
2026-08-01 12:02:20.320 | INFO     | services.instruments:fetch_index_constituents:151 - Loaded 200 constituents for NIFTY 200
2026-08-01 12:02:20.325 | INFO     | scanner:run_scan:98 - Starting Nifty 200 strategy scan...
2026-08-01 12:02:22.730 | INFO     | services.instruments:fetch_index_constituents:151 - Loaded 200 constituents for NIFTY 200
2026-08-01 12:04:40.019 | ERROR    | api.upstox_client:get:47 - Request failed for /historical-candle/NSE_EQ|INE303R01014/day/2026-08-01/2025-11-14: ConnectError: 
2026-08-01 12:05:50.044 | ERROR    | api.upstox_client:get:47 - Request failed for /historical-candle/NSE_EQ|INE160A01022/day/2026-08-01/2025-11-14: ConnectError: 
2026-08-01 12:06:15.341 | ERROR    | api.upstox_client:get:47 - Request failed for /historical-candle/NSE_EQ|INE114A01011/day/2026-08-01/2025-11-14: RemoteProtocolError: Server disconnected without sending a response.
2026-08-01 12:39:50.377 | INFO     | services.instruments:_get_upstox_instrument_master:73 - Loaded 9483 NSE EQ instruments from Upstox master
2026-08-01 12:39:53.365 | INFO     | services.instruments:fetch_index_constituents:151 - Loaded 200 constituents for NIFTY 200
2026-08-01 12:42:57.135 | INFO     | news:fetch_news:156 - Fetched 84 unique news items
2026-08-01 12:44:41.830 | INFO     | scanner:run_scan:98 - Starting Nifty 200 strategy scan...
2026-08-01 12:46:09.242 | INFO     | scanner:run_scan:98 - Starting Nifty 200 strategy scan...
2026-08-01 12:46:22.517 | ERROR    | api.upstox_client:get:47 - Request failed for /historical-candle/NSE_EQ|INE066F01020/day/2026-08-01/2025-11-14: ConnectError: 
2026-08-01 12:46:49.702 | ERROR    | api.upstox_client:get:47 - Request failed for /historical-candle/NSE_EQ|INE335Y01020/day/2026-08-01/2025-11-14: ReadError: 
2026-08-01 12:47:27.917 | ERROR    | api.upstox_client:get:47 - Request failed for /historical-candle/NSE_EQ|INE237A01036/day/2026-08-01/2025-11-14: ConnectError: 
2026-08-01 12:47:39.406 | ERROR    | api.upstox_client:get:47 - Request failed for /historical-candle/NSE_EQ|INE585B01010/day/2026-08-01/2025-11-14: ConnectError: 
2026-08-01 12:47:52.156 | ERROR    | api.upstox_client:get:47 - Request failed for /historical-candle/NSE_EQ|INE249Z01020/day/2026-08-01/2025-11-14: RemoteProtocolError: Server disconnected without sending a response.
2026-08-01 12:47:55.230 | ERROR    | api.upstox_client:get:47 - Request failed for /historical-candle/NSE_EQ|INE338I01027/day/2026-08-01/2025-11-14: ConnectError: 
2026-08-01 12:48:07.087 | ERROR    | api.upstox_client:get:47 - Request failed for /historical-candle/NSE_EQ|INE982J01020/day/2026-08-01/2025-11-14: ConnectError: 
2026-08-01 12:48:07.100 | ERROR    | api.upstox_client:get:47 - Request failed for /historical-candle/NSE_EQ|INE881D01027/day/2026-08-01/2025-11-14: ConnectError: 
2026-08-01 12:48:25.309 | ERROR    | api.upstox_client:get:47 - Request failed for /historical-candle/NSE_EQ|INE761H01022/day/2026-08-01/2025-11-14: ConnectError: 
2026-08-01 12:48:25.318 | ERROR    | api.upstox_client:get:47 - Request failed for /historical-candle/NSE_EQ|INE619A01035/day/2026-08-01/2025-11-14: ConnectError: 
2026-08-01 12:48:36.026 | ERROR    | api.upstox_client:get:47 - Request failed for /historical-candle/NSE_EQ|INE020B01018/day/2026-08-01/2025-11-14: RemoteProtocolError: Server disconnected without sending a response.
2026-08-01 12:48:36.038 | ERROR    | api.upstox_client:get:47 - Request failed for /historical-candle/NSE_EQ|INE944F01028/day/2026-08-01/2025-11-14: RemoteProtocolError: Server disconnected without sending a response.
2026-08-01 12:48:48.903 | ERROR    | api.upstox_client:get:47 - Request failed for /historical-candle/NSE_EQ|INE018E01016/day/2026-08-01/2025-11-14: RemoteProtocolError: Server disconnected without sending a response.
2026-08-01 12:48:48.916 | ERROR    | api.upstox_client:get:47 - Request failed for /historical-candle/NSE_EQ|INE123W01016/day/2026-08-01/2025-11-14: RemoteProtocolError: Server disconnected without sending a response.
2026-08-01 12:49:05.444 | ERROR    | api.upstox_client:get:47 - Request failed for /historical-candle/NSE_EQ|INE040H01021/day/2026-08-01/2025-11-14: ConnectError: 
2026-08-01 12:49:36.233 | INFO     | scanner:run_scan:119 - Scan complete: 45 stocks processed
2026-08-01 12:49:37.471 | INFO     | scanner:run_scan:119 - Scan complete: 40 stocks processed
2026-08-01 12:51:04.798 | INFO     | services.instruments:_get_upstox_instrument_master:73 - Loaded 9483 NSE EQ instruments from Upstox master
2026-08-01 12:51:07.480 | INFO     | services.instruments:fetch_index_constituents:151 - Loaded 200 constituents for NIFTY 200
2026-08-01 12:52:38.550 | INFO     | news:fetch_news:156 - Fetched 84 unique news items
2026-08-01 12:53:16.584 | INFO     | scanner:run_scan:98 - Starting Nifty 200 strategy scan...
2026-08-01 12:53:58.358 | INFO     | scanner:run_scan:98 - Starting Nifty 200 strategy scan...
2026-08-01 12:54:25.199 | ERROR    | api.upstox_client:get:47 - Request failed for /historical-candle/NSE_EQ|INE259A01022/day/2026-08-01/2025-11-14: ConnectError: 
2026-08-01 12:54:46.779 | ERROR    | api.upstox_client:get:47 - Request failed for /historical-candle/NSE_EQ|INE129A01019/day/2026-08-01/2025-11-14: ReadError: 
2026-08-01 12:54:47.484 | INFO     | scanner:run_scan:98 - Starting Nifty 200 strategy scan...
2026-08-01 12:55:14.748 | ERROR    | api.upstox_client:get:47 - Request failed for /historical-candle/NSE_EQ|INE260B01028/day/2026-08-01/2025-11-14: ConnectTimeout: 
2026-08-01 12:55:14.779 | ERROR    | api.upstox_client:get:47 - Request failed for /historical-candle/NSE_EQ|INE102D01028/day/2026-08-01/2025-11-14: ConnectTimeout: 
2026-08-01 12:55:14.799 | ERROR    | api.upstox_client:get:47 - Request failed for /historical-candle/NSE_EQ|INE484J01027/day/2026-08-01/2025-11-14: ConnectTimeout: 
2026-08-01 12:55:14.842 | ERROR    | api.upstox_client:get:47 - Request failed for /historical-candle/NSE_EQ|INE047A01021/day/2026-08-01/2025-11-14: ConnectTimeout: 
2026-08-01 12:55:24.423 | ERROR    | api.upstox_client:get:47 - Request failed for /historical-candle/NSE_EQ|INE127D01025/day/2026-08-01/2025-11-14: ConnectTimeout: 
2026-08-01 12:55:24.433 | ERROR    | api.upstox_client:get:47 - Request failed for /historical-candle/NSE_EQ|INE860A01027/day/2026-08-01/2025-11-14: ConnectTimeout: 
2026-08-01 12:55:24.445 | ERROR    | api.upstox_client:get:47 - Request failed for /historical-candle/NSE_EQ|INE795G01014/day/2026-08-01/2025-11-14: ConnectError: 
2026-08-01 12:55:28.739 | ERROR    | api.upstox_client:get:47 - Request failed for /historical-candle/NSE_EQ|INE040A01034/day/2026-08-01/2025-11-14: ConnectTimeout: 
2026-08-01 12:55:30.505 | ERROR    | api.upstox_client:get:47 - Request failed for /historical-candle/NSE_EQ|INE066F01020/day/2026-08-01/2025-11-14: RemoteProtocolError: Server disconnected without sending a response.
2026-08-01 12:55:33.283 | ERROR    | api.upstox_client:get:47 - Request failed for /historical-candle/NSE_EQ|INE094A01015/day/2026-08-01/2025-11-14: ConnectTimeout: 
2026-08-01 12:55:33.298 | ERROR    | api.upstox_client:get:47 - Request failed for /historical-candle/NSE_EQ|INE158A01026/day/2026-08-01/2025-11-14: ConnectError: 
2026-08-01 12:55:33.310 | ERROR    | api.upstox_client:get:47 - Request failed for /historical-candle/NSE_EQ|INE176B01034/day/2026-08-01/2025-11-14: ConnectError: 
2026-08-01 12:55:33.321 | ERROR    | api.upstox_client:get:47 - Request failed for /historical-candle/NSE_EQ|INE038A01020/day/2026-08-01/2025-11-14: ConnectError: 
2026-08-01 12:55:33.337 | ERROR    | api.upstox_client:get:47 - Request failed for /historical-candle/NSE_EQ|INE030A01027/day/2026-08-01/2025-11-14: ConnectError: 
2026-08-01 12:55:33.348 | ERROR    | api.upstox_client:get:47 - Request failed for /historical-candle/NSE_EQ|INE066F01020/day/2026-08-01/2025-11-14: ConnectError: 
2026-08-01 12:55:33.360 | ERROR    | api.upstox_client:get:47 - Request failed for /historical-candle/NSE_EQ|INE267A01025/day/2026-08-01/2025-11-14: ConnectError: 
2026-08-01 12:55:33.375 | ERROR    | api.upstox_client:get:47 - Request failed for /historical-candle/NSE_EQ|INE094A01015/day/2026-08-01/2025-11-14: ConnectError: 
2026-08-01 12:55:35.733 | ERROR    | api.upstox_client:get:47 - Request failed for /historical-candle/NSE_EQ|INE030A01027/day/2026-08-01/2025-11-14: ConnectTimeout: 
2026-08-01 12:55:50.315 | ERROR    | api.upstox_client:get:47 - Request failed for /historical-candle/NSE_EQ|INE090A01021/day/2026-08-01/2025-11-14: ConnectError: 
2026-08-01 12:55:50.329 | ERROR    | api.upstox_client:get:47 - Request failed for /historical-candle/NSE_EQ|INE07Y701011/day/2026-08-01/2025-11-14: ConnectError: 
2026-08-01 12:55:50.343 | ERROR    | api.upstox_client:get:47 - Request failed for /historical-candle/NSE_EQ|INE0V6F01027/day/2026-08-01/2025-11-14: ConnectError: 
2026-08-01 12:55:50.360 | ERROR    | api.upstox_client:get:47 - Request failed for /historical-candle/NSE_EQ|INE031A01017/day/2026-08-01/2025-11-14: ConnectError: 
2026-08-01 12:55:58.166 | ERROR    | api.upstox_client:get:47 - Request failed for /historical-candle/NSE_EQ|INE765G01017/day/2026-08-01/2025-11-14: ConnectError: 
2026-08-01 12:55:58.180 | ERROR    | api.upstox_client:get:47 - Request failed for /historical-candle/NSE_EQ|INE346A01027/day/2026-08-01/2025-11-14: ConnectError: 
2026-08-01 12:55:58.195 | ERROR    | api.upstox_client:get:47 - Request failed for /historical-candle/NSE_EQ|INE092T01019/day/2026-08-01/2025-11-14: ConnectError: 
2026-08-01 12:55:58.217 | ERROR    | api.upstox_client:get:47 - Request failed for /historical-candle/NSE_EQ|INE154A01025/day/2026-08-01/2025-11-14: ConnectError: 
2026-08-01 12:56:06.278 | ERROR    | api.upstox_client:get:47 - Request failed for /historical-candle/NSE_EQ|INE335Y01020/day/2026-08-01/2025-11-14: ConnectError: 
2026-08-01 12:56:06.309 | ERROR    | api.upstox_client:get:47 - Request failed for /historical-candle/NSE_EQ|INE053A01029/day/2026-08-01/2025-11-14: ConnectError: 
2026-08-01 12:56:06.332 | ERROR    | api.upstox_client:get:47 - Request failed for /historical-candle/NSE_EQ|INE202E01016/day/2026-08-01/2025-11-14: ConnectError: 
2026-08-01 12:56:06.344 | ERROR    | api.upstox_client:get:47 - Request failed for /historical-candle/NSE_EQ|INE562A01011/day/2026-08-01/2025-11-14: ConnectError: 
2026-08-01 12:56:06.358 | ERROR    | api.upstox_client:get:47 - Request failed for /historical-candle/NSE_EQ|INE121J01017/day/2026-08-01/2025-11-14: ConnectError: 
2026-08-01 12:56:06.380 | ERROR    | api.upstox_client:get:47 - Request failed for /historical-candle/NSE_EQ|INE242A01010/day/2026-08-01/2025-11-14: ConnectError: 
2026-08-01 12:56:06.394 | ERROR    | api.upstox_client:get:47 - Request failed for /historical-candle/NSE_EQ|INE053F01010/day/2026-08-01/2025-11-14: ConnectError: 
2026-08-01 12:56:10.137 | ERROR    | api.upstox_client:get:47 - Request failed for /historical-candle/NSE_EQ|INE346A01027/day/2026-08-01/2025-11-14: ConnectError: 
2026-08-01 12:56:10.150 | ERROR    | api.upstox_client:get:47 - Request failed for /historical-candle/NSE_EQ|INE092T01019/day/2026-08-01/2025-11-14: ConnectError: 
2026-08-01 12:56:11.554 | ERROR    | api.upstox_client:get:47 - Request failed for /historical-candle/NSE_EQ|INE121J01017/day/2026-08-01/2025-11-14: ConnectError: 
2026-08-01 12:56:11.667 | ERROR    | api.upstox_client:get:47 - Request failed for /historical-candle/NSE_EQ|INE095A01012/day/2026-08-01/2025-11-14: ConnectError: 
2026-08-01 12:56:17.907 | INFO     | scanner:run_scan:98 - Starting Nifty 200 strategy scan...
2026-08-01 12:56:27.845 | ERROR    | api.upstox_client:get:47 - Request failed for /historical-candle/NSE_EQ|INE646L01027/day/2026-08-01/2025-11-14: ConnectError: 
2026-08-01 12:56:31.317 | ERROR    | api.upstox_client:get:47 - Request failed for /historical-candle/NSE_EQ|INE121E01018/day/2026-08-01/2025-11-14: ConnectError: 
2026-08-01 12:56:31.544 | ERROR    | api.upstox_client:get:47 - Request failed for /historical-candle/NSE_EQ|INE758E01017/day/2026-08-01/2025-11-14: ConnectError: 
2026-08-01 12:56:31.643 | ERROR    | api.upstox_client:get:47 - Request failed for /historical-candle/NSE_EQ|INE749A01030/day/2026-08-01/2025-11-14: ConnectError: 
2026-08-01 12:56:39.201 | ERROR    | api.upstox_client:get:47 - Request failed for /historical-candle/NSE_EQ|INE019A01038/day/2026-08-01/2025-11-14: ConnectError: 
2026-08-01 12:56:39.219 | ERROR    | api.upstox_client:get:47 - Request failed for /historical-candle/NSE_EQ|INE095A01012/day/2026-08-01/2025-11-14: ReadError: 
2026-08-01 12:56:39.260 | ERROR    | api.upstox_client:get:47 - Request failed for /historical-candle/NSE_EQ|INE009A01021/day/2026-08-01/2025-11-14: ReadError: 
2026-08-01 12:56:39.274 | ERROR    | api.upstox_client:get:47 - Request failed for /historical-candle/NSE_EQ|INE663F01032/day/2026-08-01/2025-11-14: ReadError: 
2026-08-01 12:56:47.662 | ERROR    | api.upstox_client:get:47 - Request failed for /historical-candle/NSE_EQ|INE498L01015/day/2026-08-01/2025-11-14: RemoteProtocolError: Server disconnected without sending a response.
2026-08-01 12:56:47.679 | ERROR    | api.upstox_client:get:47 - Request failed for /historical-candle/NSE_EQ|INE303R01014/day/2026-08-01/2025-11-14: ReadError: 
2026-08-01 12:56:47.692 | ERROR    | api.upstox_client:get:47 - Request failed for /historical-candle/NSE_EQ|INE237A01036/day/2026-08-01/2025-11-14: ReadError: 
2026-08-01 12:56:47.806 | ERROR    | api.upstox_client:get:47 - Request failed for /historical-candle/NSE_EQ|INE878B01027/day/2026-08-01/2025-11-14: ConnectError: 
2026-08-01 12:56:47.868 | ERROR    | api.upstox_client:get:47 - Request failed for /historical-candle/NSE_EQ|INE04I401011/day/2026-08-01/2025-11-14: ConnectError: 
2026-08-01 12:56:47.914 | ERROR    | api.upstox_client:get:47 - Request failed for /historical-candle/NSE_EQ|INE498L01015/day/2026-08-01/2025-11-14: ConnectError: 
2026-08-01 12:56:47.934 | ERROR    | api.upstox_client:get:47 - Request failed for /historical-candle/NSE_EQ|INE797F01020/day/2026-08-01/2025-11-14: ConnectError: 
2026-08-01 12:56:48.005 | ERROR    | api.upstox_client:get:47 - Request failed for /historical-candle/NSE_EQ|INE303R01014/day/2026-08-01/2025-11-14: ConnectError: 
2026-08-01 12:56:48.086 | ERROR    | api.upstox_client:get:47 - Request failed for /historical-candle/NSE_EQ|INE237A01036/day/2026-08-01/2025-11-14: ConnectError: 
2026-08-01 12:56:57.408 | ERROR    | api.upstox_client:get:47 - Request failed for /historical-candle/NSE_EQ|INE324D01010/day/2026-08-01/2025-11-14: ReadError: 
2026-08-01 12:56:57.459 | ERROR    | api.upstox_client:get:47 - Request failed for /historical-candle/NSE_EQ|INE115A01026/day/2026-08-01/2025-11-14: ReadError: 
2026-08-01 12:57:02.204 | ERROR    | api.upstox_client:get:47 - Request failed for /historical-candle/NSE_EQ|INE758E01017/day/2026-08-01/2025-11-14: ConnectTimeout: 
2026-08-01 12:57:02.870 | ERROR    | api.upstox_client:get:47 - Request failed for /historical-candle/NSE_EQ|INE214T01019/day/2026-08-01/2025-11-14: ConnectError: 
2026-08-01 12:57:02.903 | ERROR    | api.upstox_client:get:47 - Request failed for /historical-candle/NSE_EQ|INE947Q01028/day/2026-08-01/2025-11-14: ConnectError: 
2026-08-01 12:57:02.952 | ERROR    | api.upstox_client:get:47 - Request failed for /historical-candle/NSE_EQ|INE018A01030/day/2026-08-01/2025-11-14: ConnectError: 
2026-08-01 12:57:02.972 | ERROR    | api.upstox_client:get:47 - Request failed for /historical-candle/NSE_EQ|INE956O01016/day/2026-08-01/2025-11-14: ConnectError: 
2026-08-01 12:57:04.295 | ERROR    | api.upstox_client:get:47 - Request failed for /historical-candle/NSE_EQ|INE797F01020/day/2026-08-01/2025-11-14: ConnectTimeout: 
2026-08-01 12:57:04.331 | ERROR    | api.upstox_client:get:47 - Request failed for /historical-candle/NSE_EQ|INE878B01027/day/2026-08-01/2025-11-14: ConnectTimeout: 
2026-08-01 12:57:04.762 | ERROR    | api.upstox_client:get:47 - Request failed for /historical-candle/NSE_EQ|INE324D01010/day/2026-08-01/2025-11-14: ConnectError: 
2026-08-01 12:57:06.730 | ERROR    | api.upstox_client:get:47 - Request failed for /historical-candle/NSE_EQ|INE115A01026/day/2026-08-01/2025-11-14: ConnectError: 
2026-08-01 12:57:08.351 | ERROR    | api.upstox_client:get:47 - Request failed for /historical-candle/NSE_EQ|INE04I401011/day/2026-08-01/2025-11-14: ConnectTimeout: 
2026-08-01 12:57:08.375 | ERROR    | api.upstox_client:get:47 - Request failed for /historical-candle/NSE_EQ|INE303R01014/day/2026-08-01/2025-11-14: ConnectTimeout: 
2026-08-01 12:57:08.731 | ERROR    | api.upstox_client:get:47 - Request failed for /historical-candle/NSE_EQ|INE214T01019/day/2026-08-01/2025-11-14: ConnectError: 
2026-08-01 12:57:08.750 | ERROR    | api.upstox_client:get:47 - Request failed for /historical-candle/NSE_EQ|INE947Q01028/day/2026-08-01/2025-11-14: ConnectError: 
2026-08-01 12:57:13.192 | ERROR    | api.upstox_client:get:47 - Request failed for /historical-candle/NSE_EQ|INE498L01015/day/2026-08-01/2025-11-14: ReadError: 
2026-08-01 12:57:13.225 | ERROR    | api.upstox_client:get:47 - Request failed for /historical-candle/NSE_EQ|INE115A01026/day/2026-08-01/2025-11-14: ReadError: 
2026-08-01 12:57:13.239 | ERROR    | api.upstox_client:get:47 - Request failed for /historical-candle/NSE_EQ|INE018A01030/day/2026-08-01/2025-11-14: ReadError: 
2026-08-01 12:57:13.251 | ERROR    | api.upstox_client:get:47 - Request failed for /historical-candle/NSE_EQ|INE214T01019/day/2026-08-01/2025-11-14: ReadError: 
2026-08-01 12:57:13.262 | ERROR    | api.upstox_client:get:47 - Request failed for /historical-candle/NSE_EQ|INE324D01010/day/2026-08-01/2025-11-14: ReadError: 
2026-08-01 12:57:13.273 | ERROR    | api.upstox_client:get:47 - Request failed for /historical-candle/NSE_EQ|INE237A01036/day/2026-08-01/2025-11-14: ReadError: 
2026-08-01 12:57:13.285 | ERROR    | api.upstox_client:get:47 - Request failed for /historical-candle/NSE_EQ|INE947Q01028/day/2026-08-01/2025-11-14: ReadError: 
2026-08-01 12:57:13.362 | ERROR    | api.upstox_client:get:47 - Request failed for /historical-candle/NSE_EQ|INE326A01037/day/2026-08-01/2025-11-14: ConnectError: 
2026-08-01 12:57:13.424 | ERROR    | api.upstox_client:get:47 - Request failed for /historical-candle/NSE_EQ|INE018A01030/day/2026-08-01/2025-11-14: ConnectError: 
2026-08-01 12:57:13.452 | ERROR    | api.upstox_client:get:47 - Request failed for /historical-candle/NSE_EQ|INE956O01016/day/2026-08-01/2025-11-14: ConnectError: 
2026-08-01 12:57:13.493 | ERROR    | api.upstox_client:get:47 - Request failed for /historical-candle/NSE_EQ|INE670K01029/day/2026-08-01/2025-11-14: ConnectError: 
2026-08-01 12:57:13.543 | ERROR    | api.upstox_client:get:47 - Request failed for /historical-candle/NSE_EQ|INE883A01011/day/2026-08-01/2025-11-14: ConnectError: 
2026-08-01 12:57:26.125 | INFO     | scanner:run_scan:98 - Starting Nifty 200 strategy scan...
2026-08-01 12:57:30.961 | ERROR    | api.upstox_client:get:47 - Request failed for /historical-candle/NSE_EQ|INE585B01010/day/2026-08-01/2025-11-14: ConnectError: 
2026-08-01 12:57:31.183 | ERROR    | api.upstox_client:get:47 - Request failed for /historical-candle/NSE_EQ|INE101A01026/day/2026-08-01/2025-11-14: ConnectError: 
2026-08-01 12:57:31.250 | ERROR    | api.upstox_client:get:47 - Request failed for /historical-candle/NSE_EQ|INE774D01024/day/2026-08-01/2025-11-14: ConnectError: 
2026-08-01 12:57:31.443 | ERROR    | api.upstox_client:get:47 - Request failed for /historical-candle/NSE_EQ|INE634S01028/day/2026-08-01/2025-11-14: ConnectError: 
2026-08-01 12:57:31.576 | ERROR    | api.upstox_client:get:47 - Request failed for /historical-candle/NSE_EQ|INE196A01026/day/2026-08-01/2025-11-14: ConnectError: 
2026-08-01 12:57:31.701 | ERROR    | api.upstox_client:get:47 - Request failed for /historical-candle/NSE_EQ|INE180A01020/day/2026-08-01/2025-11-14: ConnectError: 
2026-08-01 12:57:31.837 | ERROR    | api.upstox_client:get:47 - Request failed for /historical-candle/NSE_EQ|INE027H01010/day/2026-08-01/2025-11-14: ConnectError: 
2026-08-01 12:57:41.129 | ERROR    | api.upstox_client:get:47 - Request failed for /historical-candle/NSE_EQ|INE326A01037/day/2026-08-01/2025-11-14: RemoteProtocolError: Server disconnected without sending a response.
2026-08-01 12:57:41.206 | ERROR    | api.upstox_client:get:47 - Request failed for /historical-candle/NSE_EQ|INE670K01029/day/2026-08-01/2025-11-14: RemoteProtocolError: Server disconnected without sending a response.
2026-08-01 12:57:41.326 | ERROR    | api.upstox_client:get:47 - Request failed for /historical-candle/NSE_EQ|INE774D01024/day/2026-08-01/2025-11-14: ConnectError: 
2026-08-01 12:57:41.529 | ERROR    | api.upstox_client:get:47 - Request failed for /historical-candle/NSE_EQ|INE101A01026/day/2026-08-01/2025-11-14: ConnectError: 
2026-08-01 12:57:41.788 | ERROR    | api.upstox_client:get:47 - Request failed for /historical-candle/NSE_EQ|INE883A01011/day/2026-08-01/2025-11-14: ReadError: 
2026-08-01 12:57:47.346 | ERROR    | api.upstox_client:get:47 - Request failed for /historical-candle/NSE_EQ|INE027H01010/day/2026-08-01/2025-11-14: RemoteProtocolError: Server disconnected without sending a response.
2026-08-01 12:57:47.514 | ERROR    | api.upstox_client:get:47 - Request failed for /historical-candle/NSE_EQ|INE249Z01020/day/2026-08-01/2025-11-14: RemoteProtocolError: Server disconnected without sending a response.
2026-08-01 12:57:59.653 | ERROR    | api.upstox_client:get:47 - Request failed for /historical-candle/NSE_EQ|INE634S01028/day/2026-08-01/2025-11-14: ConnectError: 
2026-08-01 12:58:03.079 | ERROR    | api.upstox_client:get:47 - Request failed for /historical-candle/NSE_EQ|INE338I01027/day/2026-08-01/2025-11-14: ConnectError: 
2026-08-01 12:58:03.161 | ERROR    | api.upstox_client:get:47 - Request failed for /historical-candle/NSE_EQ|INE356A01018/day/2026-08-01/2025-11-14: ConnectError: 
2026-08-01 12:58:03.299 | ERROR    | api.upstox_client:get:47 - Request failed for /historical-candle/NSE_EQ|INE249Z01020/day/2026-08-01/2025-11-14: ConnectError: 
2026-08-01 12:58:03.702 | ERROR    | api.upstox_client:get:47 - Request failed for /historical-candle/NSE_EQ|INE196A01026/day/2026-08-01/2025-11-14: ConnectError: 
2026-08-01 12:58:11.018 | ERROR    | api.upstox_client:get:47 - Request failed for /historical-candle/NSE_EQ|INE634S01028/day/2026-08-01/2025-11-14: ConnectTimeout: 
2026-08-01 12:58:11.122 | ERROR    | api.upstox_client:get:47 - Request failed for /historical-candle/NSE_EQ|INE196A01026/day/2026-08-01/2025-11-14: ConnectTimeout: 
2026-08-01 12:58:13.705 | ERROR    | api.upstox_client:get:47 - Request failed for /historical-candle/NSE_EQ|INE584A01023/day/2026-08-01/2025-11-14: ConnectTimeout: 
2026-08-01 12:58:13.791 | ERROR    | api.upstox_client:get:47 - Request failed for /historical-candle/NSE_EQ|INE848E01016/day/2026-08-01/2025-11-14: ConnectTimeout: 
2026-08-01 12:58:15.774 | ERROR    | api.upstox_client:get:47 - Request failed for /historical-candle/NSE_EQ|INE848E01016/day/2026-08-01/2025-11-14: ConnectTimeout: 
2026-08-01 12:58:15.850 | ERROR    | api.upstox_client:get:47 - Request failed for /historical-candle/NSE_EQ|INE733E01010/day/2026-08-01/2025-11-14: ConnectTimeout: 
2026-08-01 12:58:16.057 | ERROR    | api.upstox_client:get:47 - Request failed for /historical-candle/NSE_EQ|INE584A01023/day/2026-08-01/2025-11-14: ConnectTimeout: 
2026-08-01 12:58:16.160 | ERROR    | api.upstox_client:get:47 - Request failed for /historical-candle/NSE_EQ|INE745G01043/day/2026-08-01/2025-11-14: ConnectTimeout: 
2026-08-01 12:58:16.209 | ERROR    | api.upstox_client:get:47 - Request failed for /historical-candle/NSE_EQ|INE414G01012/day/2026-08-01/2025-11-14: ConnectTimeout: 
2026-08-01 12:58:16.234 | ERROR    | api.upstox_client:get:47 - Request failed for /historical-candle/NSE_EQ|INE338I01027/day/2026-08-01/2025-11-14: ConnectTimeout: 
2026-08-01 12:58:16.347 | ERROR    | api.upstox_client:get:47 - Request failed for /historical-candle/NSE_EQ|INE356A01018/day/2026-08-01/2025-11-14: ConnectTimeout: 
2026-08-01 12:58:16.442 | ERROR    | api.upstox_client:get:47 - Request failed for /historical-candle/NSE_EQ|INE745G01043/day/2026-08-01/2025-11-14: ConnectTimeout: 
2026-08-01 12:58:19.475 | ERROR    | api.upstox_client:get:47 - Request failed for /historical-candle/NSE_EQ|INE585B01010/day/2026-08-01/2025-11-14: ConnectTimeout: 
2026-08-01 12:58:19.523 | ERROR    | api.upstox_client:get:47 - Request failed for /historical-candle/NSE_EQ|INE180A01020/day/2026-08-01/2025-11-14: ConnectTimeout: 
2026-08-01 12:58:19.619 | ERROR    | api.upstox_client:get:47 - Request failed for /historical-candle/NSE_EQ|INE027H01010/day/2026-08-01/2025-11-14: ConnectTimeout: 
2026-08-01 12:58:19.677 | ERROR    | api.upstox_client:get:47 - Request failed for /historical-candle/NSE_EQ|INE249Z01020/day/2026-08-01/2025-11-14: ConnectTimeout: 
2026-08-01 12:58:22.180 | ERROR    | api.upstox_client:get:47 - Request failed for /historical-candle/NSE_EQ|INE733E01010/day/2026-08-01/2025-11-14: ConnectTimeout: 
2026-08-01 12:58:26.613 | ERROR    | api.upstox_client:get:47 - Request failed for /historical-candle/NSE_EQ|INE239A01024/day/2026-08-01/2025-11-14: ConnectTimeout: 
2026-08-01 12:58:26.678 | ERROR    | api.upstox_client:get:47 - Request failed for /historical-candle/NSE_EQ|INE139A01034/day/2026-08-01/2025-11-14: ConnectTimeout: 
2026-08-01 12:58:26.751 | ERROR    | api.upstox_client:get:47 - Request failed for /historical-candle/NSE_EQ|INE093I01010/day/2026-08-01/2025-11-14: ConnectTimeout: 
2026-08-01 12:58:26.841 | ERROR    | api.upstox_client:get:47 - Request failed for /historical-candle/NSE_EQ|INE274J01014/day/2026-08-01/2025-11-14: ConnectTimeout: 
2026-08-01 12:58:26.908 | ERROR    | api.upstox_client:get:47 - Request failed for /historical-candle/NSE_EQ|INE213A01029/day/2026-08-01/2025-11-14: ConnectTimeout: 
2026-08-01 12:58:28.460 | ERROR    | api.upstox_client:get:47 - Request failed for /historical-candle/NSE_EQ|INE249Z01020/day/2026-08-01/2025-11-14: ConnectError: 
2026-08-01 12:58:28.519 | ERROR    | api.upstox_client:get:47 - Request failed for /historical-candle/NSE_EQ|INE585B01010/day/2026-08-01/2025-11-14: ConnectTimeout: 
2026-08-01 12:58:28.560 | ERROR    | api.upstox_client:get:47 - Request failed for /historical-candle/NSE_EQ|INE180A01020/day/2026-08-01/2025-11-14: ConnectTimeout: 
2026-08-01 12:58:28.604 | ERROR    | api.upstox_client:get:47 - Request failed for /historical-candle/NSE_EQ|INE027H01010/day/2026-08-01/2025-11-14: ConnectTimeout: 
2026-08-01 12:58:36.525 | ERROR    | api.upstox_client:get:47 - Request failed for /historical-candle/NSE_EQ|INE356A01018/day/2026-08-01/2025-11-14: ConnectTimeout: 
2026-08-01 12:58:36.574 | ERROR    | api.upstox_client:get:47 - Request failed for /historical-candle/NSE_EQ|INE414G01012/day/2026-08-01/2025-11-14: ConnectTimeout: 
2026-08-01 12:58:36.637 | ERROR    | api.upstox_client:get:47 - Request failed for /historical-candle/NSE_EQ|INE848E01016/day/2026-08-01/2025-11-14: ConnectTimeout: 
2026-08-01 12:58:36.739 | ERROR    | api.upstox_client:get:47 - Request failed for /historical-candle/NSE_EQ|INE338I01027/day/2026-08-01/2025-11-14: ConnectTimeout: 
2026-08-01 12:58:36.894 | ERROR    | api.upstox_client:get:47 - Request failed for /historical-candle/NSE_EQ|INE745G01043/day/2026-08-01/2025-11-14: ConnectError: 
2026-08-01 12:58:37.121 | ERROR    | api.upstox_client:get:47 - Request failed for /historical-candle/NSE_EQ|INE239A01024/day/2026-08-01/2025-11-14: ConnectTimeout: 
2026-08-01 12:58:37.235 | ERROR    | api.upstox_client:get:47 - Request failed for /historical-candle/NSE_EQ|INE093I01010/day/2026-08-01/2025-11-14: ConnectTimeout: 
2026-08-01 12:58:37.293 | ERROR    | api.upstox_client:get:47 - Request failed for /historical-candle/NSE_EQ|INE139A01034/day/2026-08-01/2025-11-14: ConnectTimeout: 
2026-08-01 12:58:37.376 | ERROR    | api.upstox_client:get:47 - Request failed for /historical-candle/NSE_EQ|INE213A01029/day/2026-08-01/2025-11-14: ConnectTimeout: 
2026-08-01 12:58:37.439 | ERROR    | api.upstox_client:get:47 - Request failed for /historical-candle/NSE_EQ|INE274J01014/day/2026-08-01/2025-11-14: ConnectTimeout: 
2026-08-01 12:58:37.510 | ERROR    | api.upstox_client:get:47 - Request failed for /historical-candle/NSE_EQ|INE982J01020/day/2026-08-01/2025-11-14: ConnectTimeout: 
2026-08-01 12:58:37.534 | ERROR    | api.upstox_client:get:47 - Request failed for /historical-candle/NSE_EQ|INE881D01027/day/2026-08-01/2025-11-14: ConnectTimeout: 
2026-08-01 12:58:45.034 | ERROR    | api.upstox_client:get:47 - Request failed for /historical-candle/NSE_EQ|INE584A01023/day/2026-08-01/2025-11-14: ConnectTimeout: 
2026-08-01 12:58:45.107 | ERROR    | api.upstox_client:get:47 - Request failed for /historical-candle/NSE_EQ|INE848E01016/day/2026-08-01/2025-11-14: ConnectTimeout: 
2026-08-01 12:58:45.162 | ERROR    | api.upstox_client:get:47 - Request failed for /historical-candle/NSE_EQ|INE414G01012/day/2026-08-01/2025-11-14: ConnectTimeout: 
2026-08-01 12:58:45.247 | ERROR    | api.upstox_client:get:47 - Request failed for /historical-candle/NSE_EQ|INE733E01010/day/2026-08-01/2025-11-14: ConnectTimeout: 
2026-08-01 12:58:45.316 | ERROR    | api.upstox_client:get:47 - Request failed for /historical-candle/NSE_EQ|INE139A01034/day/2026-08-01/2025-11-14: ConnectTimeout: 
2026-08-01 12:58:48.802 | ERROR    | api.upstox_client:get:47 - Request failed for /historical-candle/NSE_EQ|INE982J01020/day/2026-08-01/2025-11-14: ConnectTimeout: 
2026-08-01 12:58:53.276 | ERROR    | api.upstox_client:get:47 - Request failed for /historical-candle/NSE_EQ|INE881D01027/day/2026-08-01/2025-11-14: ConnectTimeout: 
2026-08-01 12:58:53.422 | ERROR    | api.upstox_client:get:47 - Request failed for /historical-candle/NSE_EQ|INE417T01026/day/2026-08-01/2025-11-14: ConnectTimeout: 
2026-08-01 12:58:58.254 | ERROR    | api.upstox_client:get:47 - Request failed for /historical-candle/NSE_EQ|INE584A01023/day/2026-08-01/2025-11-14: ConnectTimeout: 
2026-08-01 12:58:58.355 | ERROR    | api.upstox_client:get:47 - Request failed for /historical-candle/NSE_EQ|INE139A01034/day/2026-08-01/2025-11-14: ConnectTimeout: 
2026-08-01 12:58:58.433 | ERROR    | api.upstox_client:get:47 - Request failed for /historical-candle/NSE_EQ|INE733E01010/day/2026-08-01/2025-11-14: ConnectTimeout: 
2026-08-01 12:58:58.465 | ERROR    | api.upstox_client:get:47 - Request failed for /historical-candle/NSE_EQ|INE239A01024/day/2026-08-01/2025-11-14: ConnectTimeout: 
2026-08-01 12:59:01.555 | ERROR    | api.upstox_client:get:47 - Request failed for /historical-candle/NSE_EQ|INE603J01030/day/2026-08-01/2025-11-14: ConnectTimeout: 
2026-08-01 12:59:01.604 | ERROR    | api.upstox_client:get:47 - Request failed for /historical-candle/NSE_EQ|INE619A01035/day/2026-08-01/2025-11-14: ConnectTimeout: 
2026-08-01 12:59:01.669 | ERROR    | api.upstox_client:get:47 - Request failed for /historical-candle/NSE_EQ|INE262H01021/day/2026-08-01/2025-11-14: ConnectTimeout: 
2026-08-01 12:59:01.736 | ERROR    | api.upstox_client:get:47 - Request failed for /historical-candle/NSE_EQ|INE761H01022/day/2026-08-01/2025-11-14: ConnectTimeout: 
2026-08-01 12:59:06.343 | ERROR    | api.upstox_client:get:47 - Request failed for /historical-candle/NSE_EQ|INE093I01010/day/2026-08-01/2025-11-14: ConnectError: 
2026-08-01 12:59:06.517 | ERROR    | api.upstox_client:get:47 - Request failed for /historical-candle/NSE_EQ|INE213A01029/day/2026-08-01/2025-11-14: ConnectError: 
2026-08-01 12:59:06.584 | ERROR    | api.upstox_client:get:47 - Request failed for /historical-candle/NSE_EQ|INE239A01024/day/2026-08-01/2025-11-14: ConnectError: 
2026-08-01 12:59:07.311 | ERROR    | api.upstox_client:get:47 - Request failed for /historical-candle/NSE_EQ|INE417T01026/day/2026-08-01/2025-11-14: ConnectTimeout: 
2026-08-01 12:59:11.614 | ERROR    | api.upstox_client:get:47 - Request failed for /historical-candle/NSE_EQ|INE603J01030/day/2026-08-01/2025-11-14: ConnectTimeout: 
2026-08-01 12:59:16.169 | ERROR    | api.upstox_client:get:47 - Request failed for /historical-candle/NSE_EQ|INE274J01014/day/2026-08-01/2025-11-14: ConnectTimeout: 
2026-08-01 12:59:16.221 | ERROR    | api.upstox_client:get:47 - Request failed for /historical-candle/NSE_EQ|INE881D01027/day/2026-08-01/2025-11-14: ConnectTimeout: 
2026-08-01 12:59:16.381 | ERROR    | api.upstox_client:get:47 - Request failed for /historical-candle/NSE_EQ|INE982J01020/day/2026-08-01/2025-11-14: ConnectTimeout: 
2026-08-01 12:59:16.514 | ERROR    | api.upstox_client:get:47 - Request failed for /historical-candle/NSE_EQ|INE093I01010/day/2026-08-01/2025-11-14: ConnectTimeout: 
2026-08-01 12:59:16.692 | ERROR    | api.upstox_client:get:47 - Request failed for /historical-candle/NSE_EQ|INE213A01029/day/2026-08-01/2025-11-14: ConnectTimeout: 
2026-08-01 12:59:17.091 | ERROR    | api.upstox_client:get:47 - Request failed for /historical-candle/NSE_EQ|INE761H01022/day/2026-08-01/2025-11-14: ConnectTimeout: 
2026-08-01 12:59:17.177 | ERROR    | api.upstox_client:get:47 - Request failed for /historical-candle/NSE_EQ|INE262H01021/day/2026-08-01/2025-11-14: ConnectTimeout: 
2026-08-01 12:59:17.239 | ERROR    | api.upstox_client:get:47 - Request failed for /historical-candle/NSE_EQ|INE318A01026/day/2026-08-01/2025-11-14: ConnectTimeout: 
2026-08-01 12:59:17.278 | ERROR    | api.upstox_client:get:47 - Request failed for /historical-candle/NSE_EQ|INE455K01017/day/2026-08-01/2025-11-14: ConnectTimeout: 
2026-08-01 12:59:17.390 | ERROR    | api.upstox_client:get:47 - Request failed for /historical-candle/NSE_EQ|INE619A01035/day/2026-08-01/2025-11-14: ConnectTimeout: 
2026-08-01 12:59:17.510 | ERROR    | api.upstox_client:get:47 - Request failed for /historical-candle/NSE_EQ|INE211B01039/day/2026-08-01/2025-11-14: ConnectTimeout: 
2026-08-01 12:59:19.947 | ERROR    | api.upstox_client:get:47 - Request failed for /historical-candle/NSE_EQ|INE211B01039/day/2026-08-01/2025-11-14: ConnectTimeout: 
2026-08-01 12:59:20.018 | ERROR    | api.upstox_client:get:47 - Request failed for /historical-candle/NSE_EQ|INE318A01026/day/2026-08-01/2025-11-14: ConnectTimeout: 
2026-08-01 12:59:20.241 | ERROR    | api.upstox_client:get:47 - Request failed for /historical-candle/NSE_EQ|INE619A01035/day/2026-08-01/2025-11-14: ConnectTimeout: 
2026-08-01 12:59:20.316 | ERROR    | api.upstox_client:get:47 - Request failed for /historical-candle/NSE_EQ|INE274J01014/day/2026-08-01/2025-11-14: ConnectTimeout: 
2026-08-01 12:59:20.402 | ERROR    | api.upstox_client:get:47 - Request failed for /historical-candle/NSE_EQ|INE881D01027/day/2026-08-01/2025-11-14: ConnectTimeout: 
2026-08-01 12:59:20.467 | ERROR    | api.upstox_client:get:47 - Request failed for /historical-candle/NSE_EQ|INE603J01030/day/2026-08-01/2025-11-14: ConnectTimeout: 
2026-08-01 12:59:20.531 | ERROR    | api.upstox_client:get:47 - Request failed for /historical-candle/NSE_EQ|INE982J01020/day/2026-08-01/2025-11-14: ConnectTimeout: 
2026-08-01 12:59:20.612 | ERROR    | api.upstox_client:get:47 - Request failed for /historical-candle/NSE_EQ|INE761H01022/day/2026-08-01/2025-11-14: ConnectTimeout: 
2026-08-01 12:59:20.656 | ERROR    | api.upstox_client:get:47 - Request failed for /historical-candle/NSE_EQ|INE417T01026/day/2026-08-01/2025-11-14: ConnectTimeout: 
2026-08-01 12:59:28.322 | ERROR    | api.upstox_client:get:47 - Request failed for /historical-candle/NSE_EQ|INE455K01017/day/2026-08-01/2025-11-14: ConnectTimeout: 
2026-08-01 12:59:29.526 | ERROR    | api.upstox_client:get:47 - Request failed for /historical-candle/NSE_EQ|INE417T01026/day/2026-08-01/2025-11-14: ConnectTimeout: 
2026-08-01 12:59:32.080 | ERROR    | api.upstox_client:get:47 - Request failed for /historical-candle/NSE_EQ|INE134E01011/day/2026-08-01/2025-11-14: ConnectTimeout: 
2026-08-01 12:59:32.143 | ERROR    | api.upstox_client:get:47 - Request failed for /historical-candle/NSE_EQ|INE752E01010/day/2026-08-01/2025-11-14: ConnectTimeout: 
2026-08-01 12:59:32.220 | ERROR    | api.upstox_client:get:47 - Request failed for /historical-candle/NSE_EQ|INE0BS701011/day/2026-08-01/2025-11-14: ConnectTimeout: 
2026-08-01 12:59:32.333 | ERROR    | api.upstox_client:get:47 - Request failed for /historical-candle/NSE_EQ|INE811K01011/day/2026-08-01/2025-11-14: ConnectTimeout: 
2026-08-01 12:59:32.484 | ERROR    | api.upstox_client:get:47 - Request failed for /historical-candle/NSE_EQ|INE160A01022/day/2026-08-01/2025-11-14: ConnectTimeout: 
2026-08-01 12:59:41.212 | ERROR    | api.upstox_client:get:47 - Request failed for /historical-candle/NSE_EQ|INE603J01030/day/2026-08-01/2025-11-14: ConnectTimeout: 
2026-08-01 12:59:41.247 | ERROR    | api.upstox_client:get:47 - Request failed for /historical-candle/NSE_EQ|INE619A01035/day/2026-08-01/2025-11-14: ConnectTimeout: 
2026-08-01 12:59:41.271 | ERROR    | api.upstox_client:get:47 - Request failed for /historical-candle/NSE_EQ|INE761H01022/day/2026-08-01/2025-11-14: ConnectTimeout: 
2026-08-01 12:59:41.906 | ERROR    | api.upstox_client:get:47 - Request failed for /historical-candle/NSE_EQ|INE944F01028/day/2026-08-01/2025-11-14: ConnectError: 
2026-08-01 12:59:42.075 | ERROR    | api.upstox_client:get:47 - Request failed for /historical-candle/NSE_EQ|INE160A01022/day/2026-08-01/2025-11-14: ConnectTimeout: 
2026-08-01 12:59:42.180 | ERROR    | api.upstox_client:get:47 - Request failed for /historical-candle/NSE_EQ|INE752E01010/day/2026-08-01/2025-11-14: ConnectTimeout: 
2026-08-01 12:59:42.296 | ERROR    | api.upstox_client:get:47 - Request failed for /historical-candle/NSE_EQ|INE020B01018/day/2026-08-01/2025-11-14: ConnectTimeout: 
2026-08-01 12:59:42.327 | ERROR    | api.upstox_client:get:47 - Request failed for /historical-candle/NSE_EQ|INE0BS701011/day/2026-08-01/2025-11-14: ConnectTimeout: 
2026-08-01 12:59:42.380 | ERROR    | api.upstox_client:get:47 - Request failed for /historical-candle/NSE_EQ|INE134E01011/day/2026-08-01/2025-11-14: ConnectTimeout: 
2026-08-01 12:59:42.397 | ERROR    | api.upstox_client:get:47 - Request failed for /historical-candle/NSE_EQ|INE811K01011/day/2026-08-01/2025-11-14: ConnectTimeout: 
2026-08-01 12:59:46.729 | ERROR    | api.upstox_client:get:47 - Request failed for /historical-candle/NSE_EQ|INE415G01027/day/2026-08-01/2025-11-14: ConnectTimeout: 
2026-08-01 12:59:48.964 | ERROR    | api.upstox_client:get:47 - Request failed for /historical-candle/NSE_EQ|INE262H01021/day/2026-08-01/2025-11-14: ConnectTimeout: 
2026-08-01 12:59:49.077 | ERROR    | api.upstox_client:get:47 - Request failed for /historical-candle/NSE_EQ|INE455K01017/day/2026-08-01/2025-11-14: ConnectTimeout: 
2026-08-01 12:59:51.394 | ERROR    | api.upstox_client:get:47 - Request failed for /historical-candle/NSE_EQ|INE761H01022/day/2026-08-01/2025-11-14: RemoteProtocolError: Server disconnected without sending a response.
2026-08-01 12:59:52.402 | ERROR    | api.upstox_client:get:47 - Request failed for /historical-candle/NSE_EQ|INE020B01018/day/2026-08-01/2025-11-14: ConnectTimeout: 
2026-08-01 12:59:53.644 | ERROR    | api.upstox_client:get:47 - Request failed for /historical-candle/NSE_EQ|INE211B01039/day/2026-08-01/2025-11-14: ConnectTimeout: 
2026-08-01 12:59:53.714 | ERROR    | api.upstox_client:get:47 - Request failed for /historical-candle/NSE_EQ|INE262H01021/day/2026-08-01/2025-11-14: ConnectTimeout: 
2026-08-01 12:59:53.844 | ERROR    | api.upstox_client:get:47 - Request failed for /historical-candle/NSE_EQ|INE455K01017/day/2026-08-01/2025-11-14: ConnectTimeout: 
2026-08-01 12:59:53.903 | ERROR    | api.upstox_client:get:47 - Request failed for /historical-candle/NSE_EQ|INE134E01011/day/2026-08-01/2025-11-14: ConnectTimeout: 
2026-08-01 12:59:53.974 | ERROR    | api.upstox_client:get:47 - Request failed for /historical-candle/NSE_EQ|INE318A01026/day/2026-08-01/2025-11-14: ConnectTimeout: 
2026-08-01 12:59:54.062 | ERROR    | api.upstox_client:get:47 - Request failed for /historical-candle/NSE_EQ|INE752E01010/day/2026-08-01/2025-11-14: ConnectTimeout: 
2026-08-01 12:59:56.534 | ERROR    | api.upstox_client:get:47 - Request failed for /historical-candle/NSE_EQ|INE944F01028/day/2026-08-01/2025-11-14: ConnectTimeout: 
2026-08-01 12:59:56.626 | ERROR    | api.upstox_client:get:47 - Request failed for /historical-candle/NSE_EQ|INE415G01027/day/2026-08-01/2025-11-14: ConnectTimeout: 
2026-08-01 12:59:57.132 | ERROR    | api.upstox_client:get:47 - Request failed for /historical-candle/NSE_EQ|INE134E01011/day/2026-08-01/2025-11-14: ConnectTimeout: 
2026-08-01 13:00:00.958 | ERROR    | api.upstox_client:get:47 - Request failed for /historical-candle/NSE_EQ|INE211B01039/day/2026-08-01/2025-11-14: ConnectTimeout: 
2026-08-01 13:00:01.043 | ERROR    | api.upstox_client:get:47 - Request failed for /historical-candle/NSE_EQ|INE318A01026/day/2026-08-01/2025-11-14: ConnectTimeout: 
2026-08-01 13:00:01.093 | ERROR    | api.upstox_client:get:47 - Request failed for /historical-candle/NSE_EQ|INE811K01011/day/2026-08-01/2025-11-14: ConnectTimeout: 
2026-08-01 13:00:05.003 | ERROR    | api.upstox_client:get:47 - Request failed for /historical-candle/NSE_EQ|INE123W01016/day/2026-08-01/2025-11-14: ConnectTimeout: 
2026-08-01 13:00:05.095 | ERROR    | api.upstox_client:get:47 - Request failed for /historical-candle/NSE_EQ|INE002A01018/day/2026-08-01/2025-11-14: ConnectTimeout: 
2026-08-01 13:00:05.169 | ERROR    | api.upstox_client:get:47 - Request failed for /historical-candle/NSE_EQ|INE647A01010/day/2026-08-01/2025-11-14: ConnectTimeout: 
2026-08-01 13:00:05.244 | ERROR    | api.upstox_client:get:47 - Request failed for /historical-candle/NSE_EQ|INE018E01016/day/2026-08-01/2025-11-14: ConnectTimeout: 
2026-08-01 13:00:09.171 | ERROR    | api.upstox_client:get:47 - Request failed for /historical-candle/NSE_EQ|INE752E01010/day/2026-08-01/2025-11-14: ConnectTimeout: 
2026-08-01 13:00:09.200 | ERROR    | api.upstox_client:get:47 - Request failed for /historical-candle/NSE_EQ|INE0BS701011/day/2026-08-01/2025-11-14: ConnectTimeout: 
2026-08-01 13:00:14.634 | ERROR    | api.upstox_client:get:47 - Request failed for /historical-candle/NSE_EQ|INE002A01018/day/2026-08-01/2025-11-14: ConnectTimeout: 
2026-08-01 13:00:18.582 | ERROR    | api.upstox_client:get:47 - Request failed for /historical-candle/NSE_EQ|INE020B01018/day/2026-08-01/2025-11-14: ConnectTimeout: 
2026-08-01 13:00:18.609 | ERROR    | api.upstox_client:get:47 - Request failed for /historical-candle/NSE_EQ|INE775A08105/day/2026-08-01/2025-11-14: ConnectTimeout: 
2026-08-01 13:00:18.656 | ERROR    | api.upstox_client:get:47 - Request failed for /historical-candle/NSE_EQ|INE944F01028/day/2026-08-01/2025-11-14: ConnectTimeout: 
2026-08-01 13:00:18.693 | ERROR    | api.upstox_client:get:47 - Request failed for /historical-candle/NSE_EQ|INE070A01015/day/2026-08-01/2025-11-14: ConnectTimeout: 
2026-08-01 13:00:18.745 | ERROR    | api.upstox_client:get:47 - Request failed for /historical-candle/NSE_EQ|INE415G01027/day/2026-08-01/2025-11-14: ConnectTimeout: 
2026-08-01 13:00:18.790 | ERROR    | api.upstox_client:get:47 - Request failed for /historical-candle/NSE_EQ|INE721A01047/day/2026-08-01/2025-11-14: ConnectTimeout: 
2026-08-01 13:00:18.811 | ERROR    | api.upstox_client:get:47 - Request failed for /historical-candle/NSE_EQ|INE018E01016/day/2026-08-01/2025-11-14: ConnectTimeout: 
2026-08-01 13:00:18.816 | ERROR    | api.upstox_client:get:47 - Request failed for /historical-candle/NSE_EQ|INE0BS701011/day/2026-08-01/2025-11-14: ConnectTimeout: 
2026-08-01 13:00:18.864 | ERROR    | api.upstox_client:get:47 - Request failed for /historical-candle/NSE_EQ|INE123W01016/day/2026-08-01/2025-11-14: ConnectTimeout: 
2026-08-01 13:00:18.881 | ERROR    | api.upstox_client:get:47 - Request failed for /historical-candle/NSE_EQ|INE811K01011/day/2026-08-01/2025-11-14: ConnectTimeout: 
2026-08-01 13:00:18.924 | ERROR    | api.upstox_client:get:47 - Request failed for /historical-candle/NSE_EQ|INE647A01010/day/2026-08-01/2025-11-14: ConnectTimeout: 
2026-08-01 13:00:18.979 | ERROR    | api.upstox_client:get:47 - Request failed for /historical-candle/NSE_EQ|INE160A01022/day/2026-08-01/2025-11-14: ConnectTimeout: 
2026-08-01 13:00:20.714 | ERROR    | api.upstox_client:get:47 - Request failed for /historical-candle/NSE_EQ|INE211B01039/day/2026-08-01/2025-11-14: ConnectTimeout: 
2026-08-01 13:00:21.263 | ERROR    | api.upstox_client:get:47 - Request failed for /historical-candle/NSE_EQ|INE775A08105/day/2026-08-01/2025-11-14: ConnectTimeout: 
2026-08-01 13:00:21.344 | ERROR    | api.upstox_client:get:47 - Request failed for /historical-candle/NSE_EQ|INE070A01015/day/2026-08-01/2025-11-14: ConnectTimeout: 
2026-08-01 13:00:21.426 | ERROR    | api.upstox_client:get:47 - Request failed for /historical-candle/NSE_EQ|INE944F01028/day/2026-08-01/2025-11-14: ConnectTimeout: 
2026-08-01 13:00:21.481 | ERROR    | api.upstox_client:get:47 - Request failed for /historical-candle/NSE_EQ|INE020B01018/day/2026-08-01/2025-11-14: ConnectTimeout: 
2026-08-01 13:00:21.568 | ERROR    | api.upstox_client:get:47 - Request failed for /historical-candle/NSE_EQ|INE160A01022/day/2026-08-01/2025-11-14: ConnectTimeout: 
2026-08-01 13:00:21.650 | ERROR    | api.upstox_client:get:47 - Request failed for /historical-candle/NSE_EQ|INE018E01016/day/2026-08-01/2025-11-14: ConnectTimeout: 
2026-08-01 13:00:21.767 | ERROR    | api.upstox_client:get:47 - Request failed for /historical-candle/NSE_EQ|INE415G01027/day/2026-08-01/2025-11-14: ConnectTimeout: 
2026-08-01 13:00:21.830 | ERROR    | api.upstox_client:get:47 - Request failed for /historical-candle/NSE_EQ|INE002A01018/day/2026-08-01/2025-11-14: ConnectTimeout: 
2026-08-01 13:00:25.261 | ERROR    | api.upstox_client:get:47 - Request failed for /historical-candle/NSE_EQ|INE619A01035/day/2026-08-01/2025-11-14: ConnectTimeout: 
2026-08-01 13:00:25.490 | ERROR    | api.upstox_client:get:47 - Request failed for /historical-candle/NSE_EQ|INE262H01021/day/2026-08-01/2025-11-14: ConnectTimeout: 
2026-08-01 13:00:25.759 | ERROR    | api.upstox_client:get:47 - Request failed for /historical-candle/NSE_EQ|INE318A01026/day/2026-08-01/2025-11-14: ConnectTimeout: 
2026-08-01 13:00:26.076 | ERROR    | api.upstox_client:get:47 - Request failed for /historical-candle/NSE_EQ|INE455K01017/day/2026-08-01/2025-11-14: ConnectTimeout: 
2026-08-01 13:00:29.473 | ERROR    | api.upstox_client:get:47 - Request failed for /historical-candle/NSE_EQ|INE721A01047/day/2026-08-01/2025-11-14: ConnectTimeout: 
2026-08-01 13:00:33.708 | ERROR    | api.upstox_client:get:47 - Request failed for /historical-candle/NSE_EQ|INE343H01029/day/2026-08-01/2025-11-14: ConnectTimeout: 
2026-08-01 13:00:33.780 | ERROR    | api.upstox_client:get:47 - Request failed for /historical-candle/NSE_EQ|INE003A01024/day/2026-08-01/2025-11-14: ConnectTimeout: 
2026-08-01 13:00:33.925 | ERROR    | api.upstox_client:get:47 - Request failed for /historical-candle/NSE_EQ|INE062A01020/day/2026-08-01/2025-11-14: ConnectTimeout: 
2026-08-01 13:00:34.084 | ERROR    | api.upstox_client:get:47 - Request failed for /historical-candle/NSE_EQ|INE1NPP01017/day/2026-08-01/2025-11-14: ConnectTimeout: 
2026-08-01 13:00:34.161 | ERROR    | api.upstox_client:get:47 - Request failed for /historical-candle/NSE_EQ|INE114A01011/day/2026-08-01/2025-11-14: ConnectTimeout: 
2026-08-01 13:00:42.110 | ERROR    | api.upstox_client:get:47 - Request failed for /historical-candle/NSE_EQ|INE134E01011/day/2026-08-01/2025-11-14: ConnectTimeout: 
2026-08-01 13:00:43.489 | ERROR    | api.upstox_client:get:47 - Request failed for /historical-candle/NSE_EQ|INE1NPP01017/day/2026-08-01/2025-11-14: ConnectError: 
2026-08-01 13:00:43.822 | ERROR    | api.upstox_client:get:47 - Request failed for /historical-candle/NSE_EQ|INE018E01016/day/2026-08-01/2025-11-14: ConnectTimeout: 
2026-08-01 13:00:43.910 | ERROR    | api.upstox_client:get:47 - Request failed for /historical-candle/NSE_EQ|INE123W01016/day/2026-08-01/2025-11-14: ConnectTimeout: 
2026-08-01 13:00:46.797 | ERROR    | api.upstox_client:get:47 - Request failed for /historical-candle/NSE_EQ|INE811K01011/day/2026-08-01/2025-11-14: ConnectTimeout: 
2026-08-01 13:00:46.892 | ERROR    | api.upstox_client:get:47 - Request failed for /historical-candle/NSE_EQ|INE123W01016/day/2026-08-01/2025-11-14: ConnectTimeout: 
2026-08-01 13:00:46.929 | ERROR    | api.upstox_client:get:47 - Request failed for /historical-candle/NSE_EQ|INE160A01022/day/2026-08-01/2025-11-14: ConnectTimeout: 
2026-08-01 13:00:47.244 | ERROR    | api.upstox_client:get:47 - Request failed for /historical-candle/NSE_EQ|INE020B01018/day/2026-08-01/2025-11-14: ConnectTimeout: 
2026-08-01 13:00:47.559 | ERROR    | api.upstox_client:get:47 - Request failed for /historical-candle/NSE_EQ|INE0BS701011/day/2026-08-01/2025-11-14: ConnectTimeout: 
2026-08-01 13:00:47.661 | ERROR    | api.upstox_client:get:47 - Request failed for /historical-candle/NSE_EQ|INE062A01020/day/2026-08-01/2025-11-14: ConnectError: 
2026-08-01 13:00:47.692 | ERROR    | api.upstox_client:get:47 - Request failed for /historical-candle/NSE_EQ|INE003A01024/day/2026-08-01/2025-11-14: ConnectError: 
2026-08-01 13:00:47.703 | ERROR    | api.upstox_client:get:47 - Request failed for /historical-candle/NSE_EQ|INE752E01010/day/2026-08-01/2025-11-14: ConnectTimeout: 
2026-08-01 13:00:47.742 | ERROR    | api.upstox_client:get:47 - Request failed for /historical-candle/NSE_EQ|INE044A01036/day/2026-08-01/2025-11-14: ConnectError: 
2026-08-01 13:00:47.870 | ERROR    | api.upstox_client:get:47 - Request failed for /historical-candle/NSE_EQ|INE195A01028/day/2026-08-01/2025-11-14: ConnectError: 
2026-08-01 13:00:48.007 | ERROR    | api.upstox_client:get:47 - Request failed for /historical-candle/NSE_EQ|INE343H01029/day/2026-08-01/2025-11-14: ConnectError: 
2026-08-01 13:00:48.110 | ERROR    | api.upstox_client:get:47 - Request failed for /historical-candle/NSE_EQ|INE114A01011/day/2026-08-01/2025-11-14: ConnectError: 
2026-08-01 13:00:51.381 | ERROR    | api.upstox_client:get:47 - Request failed for /historical-candle/NSE_EQ|INE775A08105/day/2026-08-01/2025-11-14: ConnectTimeout: 
2026-08-01 13:00:51.483 | ERROR    | api.upstox_client:get:47 - Request failed for /historical-candle/NSE_EQ|INE647A01010/day/2026-08-01/2025-11-14: ConnectTimeout: 
2026-08-01 13:00:52.597 | ERROR    | api.upstox_client:get:47 - Request failed for /historical-candle/NSE_EQ|INE002A01018/day/2026-08-01/2025-11-14: ConnectTimeout: 
2026-08-01 13:00:54.595 | ERROR    | api.upstox_client:get:47 - Request failed for /historical-candle/NSE_EQ|INE044A01036/day/2026-08-01/2025-11-14: ConnectTimeout: 
2026-08-01 13:00:56.924 | ERROR    | api.upstox_client:get:47 - Request failed for /historical-candle/NSE_EQ|INE775A08105/day/2026-08-01/2025-11-14: ConnectTimeout: 
2026-08-01 13:00:57.026 | ERROR    | api.upstox_client:get:47 - Request failed for /historical-candle/NSE_EQ|INE647A01010/day/2026-08-01/2025-11-14: ConnectTimeout: 
2026-08-01 13:00:57.079 | ERROR    | api.upstox_client:get:47 - Request failed for /historical-candle/NSE_EQ|INE070A01015/day/2026-08-01/2025-11-14: ConnectTimeout: 
2026-08-01 13:00:57.137 | ERROR    | api.upstox_client:get:47 - Request failed for /historical-candle/NSE_EQ|INE721A01047/day/2026-08-01/2025-11-14: ConnectTimeout: 
2026-08-01 13:00:57.207 | ERROR    | api.upstox_client:get:47 - Request failed for /historical-candle/NSE_EQ|INE1NPP01017/day/2026-08-01/2025-11-14: ConnectTimeout: 
2026-08-01 13:00:57.249 | ERROR    | api.upstox_client:get:47 - Request failed for /historical-candle/NSE_EQ|INE003A01024/day/2026-08-01/2025-11-14: ConnectTimeout: 
2026-08-01 13:00:58.722 | ERROR    | api.upstox_client:get:47 - Request failed for /historical-candle/NSE_EQ|INE195A01028/day/2026-08-01/2025-11-14: ConnectTimeout: 
2026-08-01 13:00:58.747 | ERROR    | api.upstox_client:get:47 - Request failed for /historical-candle/NSE_EQ|INE040H01021/day/2026-08-01/2025-11-14: ConnectTimeout: 
2026-08-01 13:01:00.007 | ERROR    | api.upstox_client:get:47 - Request failed for /historical-candle/NSE_EQ|INE721A01047/day/2026-08-01/2025-11-14: ConnectTimeout: 
2026-08-01 13:01:00.160 | ERROR    | api.upstox_client:get:47 - Request failed for /historical-candle/NSE_EQ|INE1NPP01017/day/2026-08-01/2025-11-14: ConnectTimeout: 
2026-08-01 13:01:06.629 | ERROR    | api.upstox_client:get:47 - Request failed for /historical-candle/NSE_EQ|INE00H001014/day/2026-08-01/2025-11-14: ConnectTimeout: 
2026-08-01 13:01:06.682 | ERROR    | api.upstox_client:get:47 - Request failed for /historical-candle/NSE_EQ|INE976I01016/day/2026-08-01/2025-11-14: ConnectTimeout: 
2026-08-01 13:01:06.783 | ERROR    | api.upstox_client:get:47 - Request failed for /historical-candle/NSE_EQ|INE151A01013/day/2026-08-01/2025-11-14: ConnectTimeout: 
2026-08-01 13:01:06.862 | ERROR    | api.upstox_client:get:47 - Request failed for /historical-candle/NSE_EQ|INE494B01023/day/2026-08-01/2025-11-14: ConnectTimeout: 
2026-08-01 13:01:08.291 | ERROR    | api.upstox_client:get:47 - Request failed for /historical-candle/NSE_EQ|INE944F01028/day/2026-08-01/2025-11-14: ConnectError: 
2026-08-01 13:01:08.382 | ERROR    | api.upstox_client:get:47 - Request failed for /historical-candle/NSE_EQ|INE070A01015/day/2026-08-01/2025-11-14: ConnectTimeout: 
2026-08-01 13:01:08.461 | ERROR    | api.upstox_client:get:47 - Request failed for /historical-candle/NSE_EQ|INE343H01029/day/2026-08-01/2025-11-14: ConnectTimeout: 
2026-08-01 13:01:08.482 | ERROR    | api.upstox_client:get:47 - Request failed for /historical-candle/NSE_EQ|INE062A01020/day/2026-08-01/2025-11-14: ConnectTimeout: 
2026-08-01 13:01:12.727 | ERROR    | api.upstox_client:get:47 - Request failed for /historical-candle/NSE_EQ|INE002A01018/day/2026-08-01/2025-11-14: ConnectError: 
2026-08-01 13:01:12.845 | ERROR    | api.upstox_client:get:47 - Request failed for /historical-candle/NSE_EQ|INE003A01024/day/2026-08-01/2025-11-14: ConnectTimeout: 
2026-08-01 13:01:12.913 | ERROR    | api.upstox_client:get:47 - Request failed for /historical-candle/NSE_EQ|INE018E01016/day/2026-08-01/2025-11-14: ConnectError: 
2026-08-01 13:01:12.960 | ERROR    | api.upstox_client:get:47 - Request failed for /historical-candle/NSE_EQ|INE040H01021/day/2026-08-01/2025-11-14: ConnectError: 
2026-08-01 13:01:13.269 | ERROR    | api.upstox_client:get:47 - Request failed for /historical-candle/NSE_EQ|INE415G01027/day/2026-08-01/2025-11-14: ConnectError: 
2026-08-01 13:01:17.252 | ERROR    | api.upstox_client:get:47 - Request failed for /historical-candle/NSE_EQ|INE00H001014/day/2026-08-01/2025-11-14: ConnectError: 
2026-08-01 13:01:17.363 | ERROR    | api.upstox_client:get:47 - Request failed for /historical-candle/NSE_EQ|INE494B01023/day/2026-08-01/2025-11-14: ConnectError: 
2026-08-01 13:01:17.436 | ERROR    | api.upstox_client:get:47 - Request failed for /historical-candle/NSE_EQ|INE192A01025/day/2026-08-01/2025-11-14: ConnectError: 
2026-08-01 13:01:17.516 | ERROR    | api.upstox_client:get:47 - Request failed for /historical-candle/NSE_EQ|INE976I01016/day/2026-08-01/2025-11-14: ConnectError: 
2026-08-01 13:01:17.619 | ERROR    | api.upstox_client:get:47 - Request failed for /historical-candle/NSE_EQ|INE151A01013/day/2026-08-01/2025-11-14: ConnectError: 
2026-08-01 13:01:17.717 | ERROR    | api.upstox_client:get:47 - Request failed for /historical-candle/NSE_EQ|INE467B01029/day/2026-08-01/2025-11-14: ConnectError: 
2026-08-01 13:01:17.848 | ERROR    | api.upstox_client:get:47 - Request failed for /historical-candle/NSE_EQ|INE670A01012/day/2026-08-01/2025-11-14: ConnectError: 
2026-08-01 13:01:22.620 | ERROR    | api.upstox_client:get:47 - Request failed for /historical-candle/NSE_EQ|INE114A01011/day/2026-08-01/2025-11-14: ConnectTimeout: 
2026-08-01 13:01:22.659 | ERROR    | api.upstox_client:get:47 - Request failed for /historical-candle/NSE_EQ|INE044A01036/day/2026-08-01/2025-11-14: ConnectTimeout: 
2026-08-01 13:01:22.747 | ERROR    | api.upstox_client:get:47 - Request failed for /historical-candle/NSE_EQ|INE195A01028/day/2026-08-01/2025-11-14: ConnectTimeout: 
2026-08-01 13:01:22.791 | ERROR    | api.upstox_client:get:47 - Request failed for /historical-candle/NSE_EQ|INE040H01021/day/2026-08-01/2025-11-14: ConnectTimeout: 
2026-08-01 13:01:22.845 | ERROR    | api.upstox_client:get:47 - Request failed for /historical-candle/NSE_EQ|INE062A01020/day/2026-08-01/2025-11-14: ConnectError: 
2026-08-01 13:01:22.930 | ERROR    | api.upstox_client:get:47 - Request failed for /historical-candle/NSE_EQ|INE343H01029/day/2026-08-01/2025-11-14: ConnectError: 
2026-08-01 13:01:23.543 | ERROR    | api.upstox_client:get:47 - Request failed for /historical-candle/NSE_EQ|INE467B01029/day/2026-08-01/2025-11-14: ConnectTimeout: 
2026-08-01 13:01:23.620 | ERROR    | api.upstox_client:get:47 - Request failed for /historical-candle/NSE_EQ|INE192A01025/day/2026-08-01/2025-11-14: ConnectTimeout: 
2026-08-01 13:01:25.646 | ERROR    | api.upstox_client:get:47 - Request failed for /historical-candle/NSE_EQ|INE044A01036/day/2026-08-01/2025-11-14: ConnectTimeout: 
2026-08-01 13:01:25.671 | ERROR    | api.upstox_client:get:47 - Request failed for /historical-candle/NSE_EQ|INE040H01021/day/2026-08-01/2025-11-14: ConnectTimeout: 
2026-08-01 13:01:25.706 | ERROR    | api.upstox_client:get:47 - Request failed for /historical-candle/NSE_EQ|INE195A01028/day/2026-08-01/2025-11-14: ConnectTimeout: 
2026-08-01 13:01:25.748 | ERROR    | api.upstox_client:get:47 - Request failed for /historical-candle/NSE_EQ|INE114A01011/day/2026-08-01/2025-11-14: ConnectTimeout: 
2026-08-01 13:01:25.797 | ERROR    | api.upstox_client:get:47 - Request failed for /historical-candle/NSE_EQ|INE00H001014/day/2026-08-01/2025-11-14: ConnectTimeout: 
2026-08-01 13:01:25.857 | ERROR    | api.upstox_client:get:47 - Request failed for /historical-candle/NSE_EQ|INE494B01023/day/2026-08-01/2025-11-14: ConnectTimeout: 
2026-08-01 13:01:26.405 | ERROR    | api.upstox_client:get:47 - Request failed for /historical-candle/NSE_EQ|INE123W01016/day/2026-08-01/2025-11-14: ConnectTimeout: 
2026-08-01 13:01:26.556 | ERROR    | api.upstox_client:get:47 - Request failed for /historical-candle/NSE_EQ|INE647A01010/day/2026-08-01/2025-11-14: ConnectTimeout: 
2026-08-01 13:01:26.765 | ERROR    | api.upstox_client:get:47 - Request failed for /historical-candle/NSE_EQ|INE775A08105/day/2026-08-01/2025-11-14: ConnectTimeout: 
2026-08-01 13:01:27.038 | ERROR    | api.upstox_client:get:47 - Request failed for /historical-candle/NSE_EQ|INE721A01047/day/2026-08-01/2025-11-14: ConnectTimeout: 
2026-08-01 13:01:27.311 | ERROR    | api.upstox_client:get:47 - Request failed for /historical-candle/NSE_EQ|INE070A01015/day/2026-08-01/2025-11-14: ConnectTimeout: 
2026-08-01 13:01:31.849 | ERROR    | api.upstox_client:get:47 - Request failed for /historical-candle/NSE_EQ|INE670A01012/day/2026-08-01/2025-11-14: ConnectTimeout: 
2026-08-01 13:01:36.711 | ERROR    | api.upstox_client:get:47 - Request failed for /historical-candle/NSE_EQ|INE1TAE01010/day/2026-08-01/2025-11-14: ConnectTimeout: 
2026-08-01 13:01:36.828 | ERROR    | api.upstox_client:get:47 - Request failed for /historical-candle/NSE_EQ|INE672A01026/day/2026-08-01/2025-11-14: ConnectTimeout: 
2026-08-01 13:01:36.922 | ERROR    | api.upstox_client:get:47 - Request failed for /historical-candle/NSE_EQ|INE245A01021/day/2026-08-01/2025-11-14: ConnectTimeout: 
2026-08-01 13:01:37.007 | ERROR    | api.upstox_client:get:47 - Request failed for /historical-candle/NSE_EQ|INE081A01020/day/2026-08-01/2025-11-14: ConnectTimeout: 
2026-08-01 13:01:37.075 | ERROR    | api.upstox_client:get:47 - Request failed for /historical-candle/NSE_EQ|INE155A01022/day/2026-08-01/2025-11-14: ConnectError: 
2026-08-01 13:01:46.085 | ERROR    | api.upstox_client:get:47 - Request failed for /historical-candle/NSE_EQ|INE672A01026/day/2026-08-01/2025-11-14: ConnectTimeout: 
2026-08-01 13:01:46.988 | ERROR    | api.upstox_client:get:47 - Request failed for /historical-candle/NSE_EQ|INE494B01023/day/2026-08-01/2025-11-14: ConnectTimeout: 
2026-08-01 13:01:47.037 | ERROR    | api.upstox_client:get:47 - Request failed for /historical-candle/NSE_EQ|INE00H001014/day/2026-08-01/2025-11-14: ConnectTimeout: 
2026-08-01 13:01:47.731 | ERROR    | api.upstox_client:get:47 - Request failed for /historical-candle/NSE_EQ|INE1NPP01017/day/2026-08-01/2025-11-14: ConnectTimeout: 
2026-08-01 13:01:50.107 | ERROR    | api.upstox_client:get:47 - Request failed for /historical-candle/NSE_EQ|INE155A01022/day/2026-08-01/2025-11-14: ConnectTimeout: 
2026-08-01 13:01:50.116 | ERROR    | api.upstox_client:get:47 - Request failed for /historical-candle/NSE_EQ|INE976I01016/day/2026-08-01/2025-11-14: ConnectTimeout: 
2026-08-01 13:01:50.160 | ERROR    | api.upstox_client:get:47 - Request failed for /historical-candle/NSE_EQ|INE245A01021/day/2026-08-01/2025-11-14: ConnectTimeout: 
2026-08-01 13:01:50.226 | ERROR    | api.upstox_client:get:47 - Request failed for /historical-candle/NSE_EQ|INE081A01020/day/2026-08-01/2025-11-14: ConnectTimeout: 
2026-08-01 13:01:50.320 | ERROR    | api.upstox_client:get:47 - Request failed for /historical-candle/NSE_EQ|INE1TAE01010/day/2026-08-01/2025-11-14: ConnectTimeout: 
2026-08-01 13:01:50.404 | ERROR    | api.upstox_client:get:47 - Request failed for /historical-candle/NSE_EQ|INE669C01036/day/2026-08-01/2025-11-14: ConnectTimeout: 
2026-08-01 13:01:50.430 | ERROR    | api.upstox_client:get:47 - Request failed for /historical-candle/NSE_EQ|INE280A01028/day/2026-08-01/2025-11-14: ConnectTimeout: 
2026-08-01 13:01:51.863 | ERROR    | api.upstox_client:get:47 - Request failed for /historical-candle/NSE_EQ|INE003A01024/day/2026-08-01/2025-11-14: ConnectTimeout: 
2026-08-01 13:01:52.315 | ERROR    | api.upstox_client:get:47 - Request failed for /historical-candle/NSE_EQ|INE343H01029/day/2026-08-01/2025-11-14: ConnectTimeout: 
2026-08-01 13:01:52.811 | ERROR    | api.upstox_client:get:47 - Request failed for /historical-candle/NSE_EQ|INE062A01020/day/2026-08-01/2025-11-14: ConnectTimeout: 
2026-08-01 13:01:53.027 | ERROR    | api.upstox_client:get:47 - Request failed for /historical-candle/NSE_EQ|INE669C01036/day/2026-08-01/2025-11-14: ConnectTimeout: 
2026-08-01 13:01:54.517 | ERROR    | api.upstox_client:get:47 - Request failed for /historical-candle/NSE_EQ|INE151A01013/day/2026-08-01/2025-11-14: ConnectTimeout: 
2026-08-01 13:01:54.652 | ERROR    | api.upstox_client:get:47 - Request failed for /historical-candle/NSE_EQ|INE467B01029/day/2026-08-01/2025-11-14: ConnectTimeout: 
2026-08-01 13:01:55.834 | ERROR    | api.upstox_client:get:47 - Request failed for /historical-candle/NSE_EQ|INE976I01016/day/2026-08-01/2025-11-14: ConnectError: 
2026-08-01 13:01:55.916 | ERROR    | api.upstox_client:get:47 - Request failed for /historical-candle/NSE_EQ|INE151A01013/day/2026-08-01/2025-11-14: ConnectTimeout: 
2026-08-01 13:01:55.990 | ERROR    | api.upstox_client:get:47 - Request failed for /historical-candle/NSE_EQ|INE670A01012/day/2026-08-01/2025-11-14: ConnectTimeout: 
2026-08-01 13:01:56.049 | ERROR    | api.upstox_client:get:47 - Request failed for /historical-candle/NSE_EQ|INE192A01025/day/2026-08-01/2025-11-14: ConnectTimeout: 
2026-08-01 13:01:56.092 | ERROR    | api.upstox_client:get:47 - Request failed for /historical-candle/NSE_EQ|INE1TAE01010/day/2026-08-01/2025-11-14: ConnectTimeout: 
2026-08-01 13:01:56.155 | ERROR    | api.upstox_client:get:47 - Request failed for /historical-candle/NSE_EQ|INE467B01029/day/2026-08-01/2025-11-14: ConnectTimeout: 
2026-08-01 13:01:56.224 | ERROR    | api.upstox_client:get:47 - Request failed for /historical-candle/NSE_EQ|INE672A01026/day/2026-08-01/2025-11-14: ConnectTimeout: 
2026-08-01 13:02:01.879 | ERROR    | api.upstox_client:get:47 - Request failed for /historical-candle/NSE_EQ|INE685A01028/day/2026-08-01/2025-11-14: ConnectTimeout: 
2026-08-01 13:02:01.932 | ERROR    | api.upstox_client:get:47 - Request failed for /historical-candle/NSE_EQ|INE280A01028/day/2026-08-01/2025-11-14: ConnectTimeout: 
2026-08-01 13:02:02.804 | ERROR    | api.upstox_client:get:47 - Request failed for /historical-candle/NSE_EQ|INE672A01026/day/2026-08-01/2025-11-14: ConnectTimeout: 
2026-08-01 13:02:02.899 | ERROR    | api.upstox_client:get:47 - Request failed for /historical-candle/NSE_EQ|INE670A01012/day/2026-08-01/2025-11-14: ConnectTimeout: 
2026-08-01 13:02:02.999 | ERROR    | api.upstox_client:get:47 - Request failed for /historical-candle/NSE_EQ|INE192A01025/day/2026-08-01/2025-11-14: ConnectTimeout: 
2026-08-01 13:02:06.541 | ERROR    | api.upstox_client:get:47 - Request failed for /historical-candle/NSE_EQ|INE114A01011/day/2026-08-01/2025-11-14: ConnectTimeout: 
2026-08-01 13:02:06.869 | ERROR    | api.upstox_client:get:47 - Request failed for /historical-candle/NSE_EQ|INE044A01036/day/2026-08-01/2025-11-14: ConnectTimeout: 
2026-08-01 13:02:10.332 | ERROR    | api.upstox_client:get:47 - Request failed for /historical-candle/NSE_EQ|INE849A01020/day/2026-08-01/2025-11-14: ConnectTimeout: 
2026-08-01 13:02:10.402 | ERROR    | api.upstox_client:get:47 - Request failed for /historical-candle/NSE_EQ|INE628A01036/day/2026-08-01/2025-11-14: ConnectTimeout: 
2026-08-01 13:02:10.430 | ERROR    | api.upstox_client:get:47 - Request failed for /historical-candle/NSE_EQ|INE481G01011/day/2026-08-01/2025-11-14: ConnectTimeout: 
2026-08-01 13:02:10.453 | ERROR    | api.upstox_client:get:47 - Request failed for /historical-candle/NSE_EQ|INE974X01010/day/2026-08-01/2025-11-14: ConnectTimeout: 
2026-08-01 13:02:10.499 | ERROR    | api.upstox_client:get:47 - Request failed for /historical-candle/NSE_EQ|INE854D01024/day/2026-08-01/2025-11-14: ConnectTimeout: 
2026-08-01 13:02:10.521 | ERROR    | api.upstox_client:get:47 - Request failed for /historical-candle/NSE_EQ|INE692A01016/day/2026-08-01/2025-11-14: ConnectTimeout: 
2026-08-01 13:02:10.569 | ERROR    | api.upstox_client:get:47 - Request failed for /historical-candle/NSE_EQ|INE200M01039/day/2026-08-01/2025-11-14: ConnectTimeout: 
2026-08-01 13:02:12.847 | INFO     | scanner:run_scan:119 - Scan complete: 20 stocks processed
2026-08-01 13:02:14.998 | ERROR    | api.upstox_client:get:47 - Request failed for /historical-candle/NSE_EQ|INE195A01028/day/2026-08-01/2025-11-14: ConnectTimeout: 
2026-08-01 13:02:15.314 | ERROR    | api.upstox_client:get:47 - Request failed for /historical-candle/NSE_EQ|INE685A01028/day/2026-08-01/2025-11-14: ConnectError: 
2026-08-01 13:02:15.425 | ERROR    | api.upstox_client:get:47 - Request failed for /historical-candle/NSE_EQ|INE481G01011/day/2026-08-01/2025-11-14: ConnectError: 
2026-08-01 13:02:15.605 | ERROR    | api.upstox_client:get:47 - Request failed for /historical-candle/NSE_EQ|INE849A01020/day/2026-08-01/2025-11-14: ConnectError: 
2026-08-01 13:02:15.699 | ERROR    | api.upstox_client:get:47 - Request failed for /historical-candle/NSE_EQ|INE692A01016/day/2026-08-01/2025-11-14: ConnectError: 
2026-08-01 13:02:15.798 | ERROR    | api.upstox_client:get:47 - Request failed for /historical-candle/NSE_EQ|INE628A01036/day/2026-08-01/2025-11-14: ConnectError: 
2026-08-01 13:02:15.889 | ERROR    | api.upstox_client:get:47 - Request failed for /historical-candle/NSE_EQ|INE854D01024/day/2026-08-01/2025-11-14: ConnectError: 
2026-08-01 13:02:15.973 | ERROR    | api.upstox_client:get:47 - Request failed for /historical-candle/NSE_EQ|INE974X01010/day/2026-08-01/2025-11-14: ConnectError: 
2026-08-01 13:02:15.985 | ERROR    | api.upstox_client:get:47 - Request failed for /historical-candle/NSE_EQ|INE155A01022/day/2026-08-01/2025-11-14: ConnectError: 
2026-08-01 13:02:15.999 | ERROR    | api.upstox_client:get:47 - Request failed for /historical-candle/NSE_EQ|INE200M01039/day/2026-08-01/2025-11-14: ConnectError: 
2026-08-01 13:02:16.053 | ERROR    | api.upstox_client:get:47 - Request failed for /historical-candle/NSE_EQ|INE1TAE01010/day/2026-08-01/2025-11-14: ConnectError: 
2026-08-01 13:02:16.224 | ERROR    | api.upstox_client:get:47 - Request failed for /historical-candle/NSE_EQ|INE245A01021/day/2026-08-01/2025-11-14: ConnectTimeout: 
2026-08-01 13:02:16.919 | ERROR    | api.upstox_client:get:47 - Request failed for /historical-candle/NSE_EQ|INE974X01010/day/2026-08-01/2025-11-14: ConnectError: 
2026-08-01 13:02:17.057 | ERROR    | api.upstox_client:get:47 - Request failed for /historical-candle/NSE_EQ|INE081A01020/day/2026-08-01/2025-11-14: ConnectError: 
2026-08-01 13:02:17.124 | ERROR    | api.upstox_client:get:47 - Request failed for /historical-candle/NSE_EQ|INE669C01036/day/2026-08-01/2025-11-14: ConnectError: 
2026-08-01 13:02:17.336 | ERROR    | api.upstox_client:get:47 - Request failed for /historical-candle/NSE_EQ|INE280A01028/day/2026-08-01/2025-11-14: ConnectError: 
2026-08-01 13:02:17.439 | ERROR    | api.upstox_client:get:47 - Request failed for /historical-candle/NSE_EQ|INE685A01028/day/2026-08-01/2025-11-14: ConnectError: 
2026-08-01 13:02:17.652 | ERROR    | api.upstox_client:get:47 - Request failed for /historical-candle/NSE_EQ|INE849A01020/day/2026-08-01/2025-11-14: ConnectError: 
2026-08-01 13:02:17.728 | ERROR    | api.upstox_client:get:47 - Request failed for /historical-candle/NSE_EQ|INE628A01036/day/2026-08-01/2025-11-14: ConnectError: 
2026-08-01 13:02:18.398 | INFO     | scanner:run_scan:119 - Scan complete: 27 stocks processed
2026-08-01 13:02:18.734 | ERROR    | api.upstox_client:get:47 - Request failed for /historical-candle/NSE_EQ|INE040H01021/day/2026-08-01/2025-11-14: ConnectTimeout: 
2026-08-01 13:02:18.800 | ERROR    | api.upstox_client:get:47 - Request failed for /historical-candle/NSE_EQ|INE280A01028/day/2026-08-01/2025-11-14: ConnectTimeout: 
2026-08-01 13:02:18.980 | ERROR    | api.upstox_client:get:47 - Request failed for /historical-candle/NSE_EQ|INE685A01028/day/2026-08-01/2025-11-14: ConnectTimeout: 
2026-08-01 13:02:19.045 | ERROR    | api.upstox_client:get:47 - Request failed for /historical-candle/NSE_EQ|INE669C01036/day/2026-08-01/2025-11-14: ConnectTimeout: 
2026-08-01 13:02:19.073 | ERROR    | api.upstox_client:get:47 - Request failed for /historical-candle/NSE_EQ|INE081A01020/day/2026-08-01/2025-11-14: ConnectTimeout: 
2026-08-01 13:02:19.118 | ERROR    | api.upstox_client:get:47 - Request failed for /historical-candle/NSE_EQ|INE245A01021/day/2026-08-01/2025-11-14: ConnectTimeout: 
2026-08-01 13:02:19.243 | ERROR    | api.upstox_client:get:47 - Request failed for /historical-candle/NSE_EQ|INE155A01022/day/2026-08-01/2025-11-14: ConnectTimeout: 
2026-08-01 13:02:19.556 | INFO     | scanner:run_scan:119 - Scan complete: 69 stocks processed
2026-08-01 13:02:20.699 | INFO     | scanner:run_scan:119 - Scan complete: 46 stocks processed
2026-08-01 13:02:21.381 | ERROR    | api.upstox_client:get:47 - Request failed for /historical-candle/NSE_EQ|INE494B01023/day/2026-08-01/2025-11-14: ConnectTimeout: 
2026-08-01 13:02:21.436 | ERROR    | api.upstox_client:get:47 - Request failed for /historical-candle/NSE_EQ|INE00H001014/day/2026-08-01/2025-11-14: ConnectTimeout: 
2026-08-01 13:02:21.796 | ERROR    | api.upstox_client:get:47 - Request failed for /historical-candle/NSE_EQ|INE467B01029/day/2026-08-01/2025-11-14: ConnectTimeout: 
2026-08-01 13:02:21.840 | ERROR    | api.upstox_client:get:47 - Request failed for /historical-candle/NSE_EQ|INE976I01016/day/2026-08-01/2025-11-14: ConnectTimeout: 
2026-08-01 13:02:21.889 | ERROR    | api.upstox_client:get:47 - Request failed for /historical-candle/NSE_EQ|INE670A01012/day/2026-08-01/2025-11-14: ConnectTimeout: 
2026-08-01 13:02:21.933 | ERROR    | api.upstox_client:get:47 - Request failed for /historical-candle/NSE_EQ|INE151A01013/day/2026-08-01/2025-11-14: ConnectTimeout: 
2026-08-01 13:02:21.978 | ERROR    | api.upstox_client:get:47 - Request failed for /historical-candle/NSE_EQ|INE192A01025/day/2026-08-01/2025-11-14: ConnectTimeout: 
2026-08-01 13:02:24.965 | INFO     | scanner:run_scan:119 - Scan complete: 164 stocks processed
2026-08-01 13:03:44.680 | INFO     | news:fetch_news:156 - Fetched 84 unique news items
2026-08-01 13:12:30.974 | INFO     | services.instruments:_get_upstox_instrument_master:73 - Loaded 9483 NSE EQ instruments from Upstox master
2026-08-01 13:12:33.889 | INFO     | services.instruments:fetch_index_constituents:151 - Loaded 200 constituents for NIFTY 200
2026-08-01 13:13:35.119 | INFO     | news:fetch_news:156 - Fetched 84 unique news items
2026-08-01 13:13:41.050 | INFO     | scanner:run_scan:98 - Starting Nifty 200 strategy scan...
2026-08-01 13:15:17.020 | ERROR    | api.upstox_client:get:47 - Request failed for /historical-candle/NSE_EQ|INE066F01020/day/2026-08-01/2025-11-14: ConnectError: 
2026-08-01 13:15:18.830 | INFO     | scanner:run_scan:98 - Starting Nifty 200 strategy scan...
2026-08-01 13:15:52.424 | ERROR    | api.upstox_client:get:47 - Request failed for /historical-candle/NSE_EQ|INE053F01010/day/2026-08-01/2025-11-14: ConnectTimeout: 
2026-08-01 13:16:20.482 | ERROR    | api.upstox_client:get:47 - Request failed for /historical-candle/NSE_EQ|INE498L01015/day/2026-08-01/2025-11-14: ConnectError: 
2026-08-01 13:16:22.241 | ERROR    | api.upstox_client:get:47 - Request failed for /historical-candle/NSE_EQ|INE04I401011/day/2026-08-01/2025-11-14: ConnectError: 
2026-08-01 13:17:41.256 | INFO     | services.instruments:_get_upstox_instrument_master:73 - Loaded 9483 NSE EQ instruments from Upstox master
2026-08-01 13:17:44.058 | INFO     | services.instruments:fetch_index_constituents:151 - Loaded 200 constituents for NIFTY 200
2026-08-01 13:18:32.378 | INFO     | news:fetch_news:156 - Fetched 84 unique news items
2026-08-01 13:18:35.565 | INFO     | scanner:run_scan:98 - Starting Nifty 200 strategy scan...
2026-08-01 13:20:24.445 | INFO     | services.instruments:_get_upstox_instrument_master:73 - Loaded 9483 NSE EQ instruments from Upstox master
2026-08-01 13:20:27.261 | INFO     | services.instruments:fetch_index_constituents:151 - Loaded 200 constituents for NIFTY 200
2026-08-01 13:20:49.326 | INFO     | scanner:run_scan:98 - Starting Nifty 200 strategy scan...
2026-08-01 13:21:27.085 | ERROR    | api.upstox_client:get:47 - Request failed for /historical-candle/NSE_EQ|INE021A01026/day/2026-08-01/2025-11-14: ConnectError: 
2026-08-01 13:21:27.092 | ERROR    | api.upstox_client:get:47 - Request failed for /historical-candle/NSE_EQ|INE006I01046/day/2026-08-01/2025-11-14: ConnectError: 
2026-08-01 13:21:48.996 | ERROR    | api.upstox_client:get:47 - Request failed for /historical-candle/NSE_EQ|INE397D01024/day/2026-08-01/2025-11-14: ConnectError: 
2026-08-01 13:22:02.355 | INFO     | scanner:run_scan:98 - Starting Nifty 200 strategy scan...
2026-08-01 13:22:14.136 | ERROR    | api.upstox_client:get:47 - Request failed for /historical-candle/NSE_EQ|INE169A01031/day/2026-08-01/2025-11-14: RemoteProtocolError: Server disconnected without sending a response.
2026-08-01 13:22:15.848 | ERROR    | api.upstox_client:get:47 - Request failed for /historical-candle/NSE_EQ|INE271C01023/day/2026-08-01/2025-11-14: ConnectError: 
2026-08-01 13:22:15.861 | ERROR    | api.upstox_client:get:47 - Request failed for /historical-candle/NSE_EQ|INE298A01020/day/2026-08-01/2025-11-14: ConnectError: 
2026-08-01 13:22:45.396 | ERROR    | api.upstox_client:get:47 - Request failed for /historical-candle/NSE_EQ|INE935A01035/day/2026-08-01/2025-11-14: RemoteProtocolError: Server disconnected without sending a response.
2026-08-01 13:22:45.408 | ERROR    | api.upstox_client:get:47 - Request failed for /historical-candle/NSE_EQ|INE260B01028/day/2026-08-01/2025-11-14: RemoteProtocolError: Server disconnected without sending a response.
2026-08-01 13:22:48.739 | ERROR    | api.upstox_client:get:47 - Request failed for /historical-candle/NSE_EQ|INE102D01028/day/2026-08-01/2025-11-14: ConnectError: 
2026-08-01 13:22:50.405 | ERROR    | api.upstox_client:get:47 - Request failed for /historical-candle/NSE_EQ|INE484J01027/day/2026-08-01/2025-11-14: ConnectError: 
2026-08-01 13:23:15.377 | ERROR    | api.upstox_client:get:47 - Request failed for /historical-candle/NSE_EQ|INE0V6F01027/day/2026-08-01/2025-11-14: RemoteProtocolError: Server disconnected without sending a response.
2026-08-01 13:23:16.018 | INFO     | scanner:run_scan:98 - Starting Nifty 200 strategy scan...
2026-08-01 13:23:27.054 | ERROR    | api.upstox_client:get:47 - Request failed for /historical-candle/NSE_EQ|INE090A01021/day/2026-08-01/2025-11-14: ConnectError: 
2026-08-01 13:23:46.910 | ERROR    | api.upstox_client:get:47 - Request failed for /historical-candle/NSE_EQ|INE090A01021/day/2026-08-01/2025-11-14: ConnectTimeout: 
2026-08-01 13:23:49.463 | ERROR    | api.upstox_client:get:47 - Request failed for /historical-candle/NSE_EQ|INE346A01027/day/2026-08-01/2025-11-14: ConnectTimeout: 
2026-08-01 13:23:49.486 | ERROR    | api.upstox_client:get:47 - Request failed for /historical-candle/NSE_EQ|INE765G01017/day/2026-08-01/2025-11-14: ConnectTimeout: 
2026-08-01 13:24:16.881 | ERROR    | api.upstox_client:get:47 - Request failed for /historical-candle/NSE_EQ|INE121E01018/day/2026-08-01/2025-11-14: ConnectTimeout: 
2026-08-01 13:24:16.903 | ERROR    | api.upstox_client:get:47 - Request failed for /historical-candle/NSE_EQ|INE019A01038/day/2026-08-01/2025-11-14: ConnectTimeout: 
2026-08-01 13:24:21.999 | ERROR    | api.upstox_client:get:47 - Request failed for /historical-candle/NSE_EQ|INE749A01030/day/2026-08-01/2025-11-14: ConnectTimeout: 
2026-08-01 13:24:22.012 | ERROR    | api.upstox_client:get:47 - Request failed for /historical-candle/NSE_EQ|INE758E01017/day/2026-08-01/2025-11-14: ConnectTimeout: 
2026-08-01 13:24:22.493 | ERROR    | api.upstox_client:get:47 - Request failed for /historical-candle/NSE_EQ|INE646L01027/day/2026-08-01/2025-11-14: RemoteProtocolError: Server disconnected without sending a response.
2026-08-01 13:24:22.519 | ERROR    | api.upstox_client:get:47 - Request failed for /historical-candle/NSE_EQ|INE121E01018/day/2026-08-01/2025-11-14: ReadError: 
2026-08-01 13:24:22.539 | ERROR    | api.upstox_client:get:47 - Request failed for /historical-candle/NSE_EQ|INE019A01038/day/2026-08-01/2025-11-14: ReadError: 
2026-08-01 13:24:28.072 | ERROR    | api.upstox_client:get:47 - Request failed for /historical-candle/NSE_EQ|INE04I401011/day/2026-08-01/2025-11-14: ConnectError: 
2026-08-01 13:24:28.089 | ERROR    | api.upstox_client:get:47 - Request failed for /historical-candle/NSE_EQ|INE498L01015/day/2026-08-01/2025-11-14: ConnectError: 
2026-08-01 13:24:28.104 | ERROR    | api.upstox_client:get:47 - Request failed for /historical-candle/NSE_EQ|INE878B01027/day/2026-08-01/2025-11-14: ConnectError: 
2026-08-01 13:24:28.121 | ERROR    | api.upstox_client:get:47 - Request failed for /historical-candle/NSE_EQ|INE797F01020/day/2026-08-01/2025-11-14: ConnectError: 
2026-08-01 13:24:28.137 | ERROR    | api.upstox_client:get:47 - Request failed for /historical-candle/NSE_EQ|INE303R01014/day/2026-08-01/2025-11-14: ConnectError: 
2026-08-01 13:24:28.155 | ERROR    | api.upstox_client:get:47 - Request failed for /historical-candle/NSE_EQ|INE237A01036/day/2026-08-01/2025-11-14: ConnectError: 
2026-08-01 13:24:41.367 | ERROR    | api.upstox_client:get:47 - Request failed for /historical-candle/NSE_EQ|INE758E01017/day/2026-08-01/2025-11-14: ConnectTimeout: 
2026-08-01 13:24:41.387 | ERROR    | api.upstox_client:get:47 - Request failed for /historical-candle/NSE_EQ|INE878B01027/day/2026-08-01/2025-11-14: ConnectTimeout: 
2026-08-01 13:24:41.406 | ERROR    | api.upstox_client:get:47 - Request failed for /historical-candle/NSE_EQ|INE749A01030/day/2026-08-01/2025-11-14: ConnectTimeout: 
2026-08-01 13:24:41.423 | ERROR    | api.upstox_client:get:47 - Request failed for /historical-candle/NSE_EQ|INE797F01020/day/2026-08-01/2025-11-14: ConnectTimeout: 
2026-08-01 13:24:43.208 | ERROR    | api.upstox_client:get:47 - Request failed for /historical-candle/NSE_EQ|INE214T01019/day/2026-08-01/2025-11-14: ConnectError: 
2026-08-01 13:24:43.234 | ERROR    | api.upstox_client:get:47 - Request failed for /historical-candle/NSE_EQ|INE324D01010/day/2026-08-01/2025-11-14: ConnectError: 
2026-08-01 13:24:43.244 | ERROR    | api.upstox_client:get:47 - Request failed for /historical-candle/NSE_EQ|INE018A01030/day/2026-08-01/2025-11-14: ConnectError: 
2026-08-01 13:24:43.261 | ERROR    | api.upstox_client:get:47 - Request failed for /historical-candle/NSE_EQ|INE115A01026/day/2026-08-01/2025-11-14: ConnectError: 
2026-08-01 13:24:52.326 | ERROR    | api.upstox_client:get:47 - Request failed for /historical-candle/NSE_EQ|INE758E01017/day/2026-08-01/2025-11-14: ConnectTimeout: 
2026-08-01 13:24:52.373 | ERROR    | api.upstox_client:get:47 - Request failed for /historical-candle/NSE_EQ|INE797F01020/day/2026-08-01/2025-11-14: ConnectTimeout: 
2026-08-01 13:24:52.411 | ERROR    | api.upstox_client:get:47 - Request failed for /historical-candle/NSE_EQ|INE878B01027/day/2026-08-01/2025-11-14: ConnectTimeout: 
2026-08-01 13:24:53.355 | ERROR    | api.upstox_client:get:47 - Request failed for /historical-candle/NSE_EQ|INE947Q01028/day/2026-08-01/2025-11-14: ConnectError: 
2026-08-01 13:24:53.404 | ERROR    | api.upstox_client:get:47 - Request failed for /historical-candle/NSE_EQ|INE956O01016/day/2026-08-01/2025-11-14: ConnectError: 
2026-08-01 13:24:53.479 | ERROR    | api.upstox_client:get:47 - Request failed for /historical-candle/NSE_EQ|INE326A01037/day/2026-08-01/2025-11-14: ConnectError: 
2026-08-01 13:24:53.558 | ERROR    | api.upstox_client:get:47 - Request failed for /historical-candle/NSE_EQ|INE670K01029/day/2026-08-01/2025-11-14: ConnectError: 
2026-08-01 13:24:53.627 | ERROR    | api.upstox_client:get:47 - Request failed for /historical-candle/NSE_EQ|INE883A01011/day/2026-08-01/2025-11-14: ConnectError: 
2026-08-01 13:25:08.952 | ERROR    | api.upstox_client:get:47 - Request failed for /historical-candle/NSE_EQ|INE180A01020/day/2026-08-01/2025-11-14: ConnectError: 
2026-08-01 13:25:11.922 | ERROR    | api.upstox_client:get:47 - Request failed for /historical-candle/NSE_EQ|INE774D01024/day/2026-08-01/2025-11-14: ConnectError: 
2026-08-01 13:25:11.981 | ERROR    | api.upstox_client:get:47 - Request failed for /historical-candle/NSE_EQ|INE634S01028/day/2026-08-01/2025-11-14: ConnectError: 
2026-08-01 13:25:11.998 | ERROR    | api.upstox_client:get:47 - Request failed for /historical-candle/NSE_EQ|INE585B01010/day/2026-08-01/2025-11-14: ConnectError: 
2026-08-01 13:25:12.017 | ERROR    | api.upstox_client:get:47 - Request failed for /historical-candle/NSE_EQ|INE196A01026/day/2026-08-01/2025-11-14: ConnectError: 
2026-08-01 13:25:12.105 | ERROR    | api.upstox_client:get:47 - Request failed for /historical-candle/NSE_EQ|INE101A01026/day/2026-08-01/2025-11-14: ConnectError: 
2026-08-01 13:25:25.452 | ERROR    | api.upstox_client:get:47 - Request failed for /historical-candle/NSE_EQ|INE027H01010/day/2026-08-01/2025-11-14: ConnectError: 
2026-08-01 13:25:25.494 | ERROR    | api.upstox_client:get:47 - Request failed for /historical-candle/NSE_EQ|INE249Z01020/day/2026-08-01/2025-11-14: ConnectError: 
2026-08-01 13:25:25.555 | ERROR    | api.upstox_client:get:47 - Request failed for /historical-candle/NSE_EQ|INE338I01027/day/2026-08-01/2025-11-14: ConnectError: 
2026-08-01 13:25:35.786 | ERROR    | api.upstox_client:get:47 - Request failed for /historical-candle/NSE_EQ|INE745G01043/day/2026-08-01/2025-11-14: ConnectError: 
2026-08-01 13:25:35.922 | ERROR    | api.upstox_client:get:47 - Request failed for /historical-candle/NSE_EQ|INE848E01016/day/2026-08-01/2025-11-14: ConnectError: 
2026-08-01 13:25:39.966 | ERROR    | api.upstox_client:get:47 - Request failed for /historical-candle/NSE_EQ|INE634S01028/day/2026-08-01/2025-11-14: ConnectError: 
2026-08-01 13:25:40.116 | ERROR    | api.upstox_client:get:47 - Request failed for /historical-candle/NSE_EQ|INE196A01026/day/2026-08-01/2025-11-14: ConnectError: 
2026-08-01 13:25:42.474 | ERROR    | api.upstox_client:get:47 - Request failed for /historical-candle/NSE_EQ|INE414G01012/day/2026-08-01/2025-11-14: ConnectError: 
2026-08-01 13:25:42.506 | ERROR    | api.upstox_client:get:47 - Request failed for /historical-candle/NSE_EQ|INE733E01010/day/2026-08-01/2025-11-14: ConnectError: 
2026-08-01 13:25:42.559 | ERROR    | api.upstox_client:get:47 - Request failed for /historical-candle/NSE_EQ|INE584A01023/day/2026-08-01/2025-11-14: ConnectError: 
2026-08-01 13:25:45.676 | ERROR    | api.upstox_client:get:47 - Request failed for /historical-candle/NSE_EQ|INE180A01020/day/2026-08-01/2025-11-14: ConnectError: 
2026-08-01 13:25:45.710 | ERROR    | api.upstox_client:get:47 - Request failed for /historical-candle/NSE_EQ|INE338I01027/day/2026-08-01/2025-11-14: ConnectError: 
2026-08-01 13:25:45.767 | ERROR    | api.upstox_client:get:47 - Request failed for /historical-candle/NSE_EQ|INE745G01043/day/2026-08-01/2025-11-14: ConnectError: 
2026-08-01 13:25:45.807 | ERROR    | api.upstox_client:get:47 - Request failed for /historical-candle/NSE_EQ|INE356A01018/day/2026-08-01/2025-11-14: ConnectError: 
2026-08-01 13:25:45.872 | ERROR    | api.upstox_client:get:47 - Request failed for /historical-candle/NSE_EQ|INE848E01016/day/2026-08-01/2025-11-14: ConnectError: 
2026-08-01 13:25:45.983 | ERROR    | api.upstox_client:get:47 - Request failed for /historical-candle/NSE_EQ|INE414G01012/day/2026-08-01/2025-11-14: ConnectError: 
2026-08-01 13:25:46.086 | ERROR    | api.upstox_client:get:47 - Request failed for /historical-candle/NSE_EQ|INE585B01010/day/2026-08-01/2025-11-14: ConnectError: 
2026-08-01 13:25:46.108 | ERROR    | api.upstox_client:get:47 - Request failed for /historical-candle/NSE_EQ|INE027H01010/day/2026-08-01/2025-11-14: ConnectError: 
2026-08-01 13:25:46.124 | ERROR    | api.upstox_client:get:47 - Request failed for /historical-candle/NSE_EQ|INE249Z01020/day/2026-08-01/2025-11-14: ConnectError: 
2026-08-01 13:25:48.856 | ERROR    | api.upstox_client:get:47 - Request failed for /historical-candle/NSE_EQ|INE196A01026/day/2026-08-01/2025-11-14: ConnectTimeout: 
2026-08-01 13:25:49.390 | INFO     | scanner:run_scan:98 - Starting Nifty 200 strategy scan...
2026-08-01 13:25:50.791 | ERROR    | api.upstox_client:get:47 - Request failed for /historical-candle/NSE_EQ|INE356A01018/day/2026-08-01/2025-11-14: ReadError: 
2026-08-01 13:25:50.826 | ERROR    | api.upstox_client:get:47 - Request failed for /historical-candle/NSE_EQ|INE139A01034/day/2026-08-01/2025-11-14: ConnectTimeout: 
2026-08-01 13:25:58.501 | ERROR    | api.upstox_client:get:47 - Request failed for /historical-candle/NSE_EQ|INE274J01014/day/2026-08-01/2025-11-14: ConnectTimeout: 
2026-08-01 13:25:58.542 | ERROR    | api.upstox_client:get:47 - Request failed for /historical-candle/NSE_EQ|INE982J01020/day/2026-08-01/2025-11-14: ConnectTimeout: 
2026-08-01 13:25:58.598 | ERROR    | api.upstox_client:get:47 - Request failed for /historical-candle/NSE_EQ|INE213A01029/day/2026-08-01/2025-11-14: ConnectTimeout: 
2026-08-01 13:26:01.776 | ERROR    | api.upstox_client:get:47 - Request failed for /historical-candle/NSE_EQ|INE093I01010/day/2026-08-01/2025-11-14: ConnectTimeout: 
2026-08-01 13:26:01.862 | ERROR    | api.upstox_client:get:47 - Request failed for /historical-candle/NSE_EQ|INE239A01024/day/2026-08-01/2025-11-14: ConnectTimeout: 
2026-08-01 13:26:02.995 | ERROR    | api.upstox_client:get:47 - Request failed for /historical-candle/NSE_EQ|INE249Z01020/day/2026-08-01/2025-11-14: ConnectError: 
2026-08-01 13:26:03.091 | ERROR    | api.upstox_client:get:47 - Request failed for /historical-candle/NSE_EQ|INE584A01023/day/2026-08-01/2025-11-14: ConnectError: 
2026-08-01 13:26:03.134 | ERROR    | api.upstox_client:get:47 - Request failed for /historical-candle/NSE_EQ|INE848E01016/day/2026-08-01/2025-11-14: ConnectError: 
2026-08-01 13:26:13.433 | ERROR    | api.upstox_client:get:47 - Request failed for /historical-candle/NSE_EQ|INE338I01027/day/2026-08-01/2025-11-14: ConnectError: 
2026-08-01 13:26:13.616 | ERROR    | api.upstox_client:get:47 - Request failed for /historical-candle/NSE_EQ|INE745G01043/day/2026-08-01/2025-11-14: ConnectError: 
2026-08-01 13:26:13.720 | ERROR    | api.upstox_client:get:47 - Request failed for /historical-candle/NSE_EQ|INE356A01018/day/2026-08-01/2025-11-14: ConnectError: 
2026-08-01 13:26:13.815 | ERROR    | api.upstox_client:get:47 - Request failed for /historical-candle/NSE_EQ|INE414G01012/day/2026-08-01/2025-11-14: ConnectError: 
2026-08-01 13:26:13.919 | ERROR    | api.upstox_client:get:47 - Request failed for /historical-candle/NSE_EQ|INE027H01010/day/2026-08-01/2025-11-14: ConnectError: 
2026-08-01 13:26:15.909 | ERROR    | api.upstox_client:get:47 - Request failed for /historical-candle/NSE_EQ|INE417T01026/day/2026-08-01/2025-11-14: ConnectError: 
2026-08-01 13:26:15.975 | ERROR    | api.upstox_client:get:47 - Request failed for /historical-candle/NSE_EQ|INE603J01030/day/2026-08-01/2025-11-14: ConnectError: 
2026-08-01 13:26:16.048 | ERROR    | api.upstox_client:get:47 - Request failed for /historical-candle/NSE_EQ|INE733E01010/day/2026-08-01/2025-11-14: ConnectError: 
2026-08-01 13:26:16.096 | ERROR    | api.upstox_client:get:47 - Request failed for /historical-candle/NSE_EQ|INE881D01027/day/2026-08-01/2025-11-14: ConnectError: 
2026-08-01 13:26:16.165 | ERROR    | api.upstox_client:get:47 - Request failed for /historical-candle/NSE_EQ|INE584A01023/day/2026-08-01/2025-11-14: ConnectError: 
2026-08-01 13:26:16.312 | ERROR    | api.upstox_client:get:47 - Request failed for /historical-candle/NSE_EQ|INE139A01034/day/2026-08-01/2025-11-14: ConnectError: 
2026-08-01 13:26:16.431 | ERROR    | api.upstox_client:get:47 - Request failed for /historical-candle/NSE_EQ|INE239A01024/day/2026-08-01/2025-11-14: ConnectError: 
2026-08-01 13:26:26.855 | ERROR    | api.upstox_client:get:47 - Request failed for /historical-candle/NSE_EQ|INE619A01035/day/2026-08-01/2025-11-14: ConnectError: 
2026-08-01 13:26:26.871 | ERROR    | api.upstox_client:get:47 - Request failed for /historical-candle/NSE_EQ|INE761H01022/day/2026-08-01/2025-11-14: ConnectError: 
2026-08-01 13:26:30.067 | ERROR    | api.upstox_client:get:47 - Request failed for /historical-candle/NSE_EQ|INE093I01010/day/2026-08-01/2025-11-14: ConnectTimeout: 
2026-08-01 13:26:30.083 | ERROR    | api.upstox_client:get:47 - Request failed for /historical-candle/NSE_EQ|INE213A01029/day/2026-08-01/2025-11-14: ConnectTimeout: 
2026-08-01 13:26:31.205 | ERROR    | api.upstox_client:get:47 - Request failed for /historical-candle/NSE_EQ|INE139A01034/day/2026-08-01/2025-11-14: ConnectError: 
2026-08-01 13:26:31.250 | ERROR    | api.upstox_client:get:47 - Request failed for /historical-candle/NSE_EQ|INE239A01024/day/2026-08-01/2025-11-14: ConnectError: 
2026-08-01 13:26:33.350 | ERROR    | api.upstox_client:get:47 - Request failed for /historical-candle/NSE_EQ|INE211B01039/day/2026-08-01/2025-11-14: ConnectError: 
2026-08-01 13:26:33.405 | ERROR    | api.upstox_client:get:47 - Request failed for /historical-candle/NSE_EQ|INE318A01026/day/2026-08-01/2025-11-14: ConnectError: 
2026-08-01 13:26:33.521 | ERROR    | api.upstox_client:get:47 - Request failed for /historical-candle/NSE_EQ|INE262H01021/day/2026-08-01/2025-11-14: ConnectError: 
2026-08-01 13:26:34.849 | ERROR    | api.upstox_client:get:47 - Request failed for /historical-candle/NSE_EQ|INE733E01010/day/2026-08-01/2025-11-14: ConnectError: 
2026-08-01 13:26:37.338 | ERROR    | api.upstox_client:get:47 - Request failed for /historical-candle/NSE_EQ|INE274J01014/day/2026-08-01/2025-11-14: ConnectError: 
2026-08-01 13:26:37.411 | ERROR    | api.upstox_client:get:47 - Request failed for /historical-candle/NSE_EQ|INE881D01027/day/2026-08-01/2025-11-14: ConnectError: 
2026-08-01 13:26:37.507 | ERROR    | api.upstox_client:get:47 - Request failed for /historical-candle/NSE_EQ|INE761H01022/day/2026-08-01/2025-11-14: ConnectError: 
2026-08-01 13:26:37.607 | ERROR    | api.upstox_client:get:47 - Request failed for /historical-candle/NSE_EQ|INE417T01026/day/2026-08-01/2025-11-14: ConnectError: 
2026-08-01 13:26:42.063 | ERROR    | api.upstox_client:get:47 - Request failed for /historical-candle/NSE_EQ|INE982J01020/day/2026-08-01/2025-11-14: ConnectError: 
2026-08-01 13:26:42.162 | ERROR    | api.upstox_client:get:47 - Request failed for /historical-candle/NSE_EQ|INE274J01014/day/2026-08-01/2025-11-14: ConnectError: 
2026-08-01 13:26:42.253 | ERROR    | api.upstox_client:get:47 - Request failed for /historical-candle/NSE_EQ|INE093I01010/day/2026-08-01/2025-11-14: ConnectError: 
2026-08-01 13:26:42.313 | ERROR    | api.upstox_client:get:47 - Request failed for /historical-candle/NSE_EQ|INE213A01029/day/2026-08-01/2025-11-14: ConnectError: 
2026-08-01 13:26:44.877 | ERROR    | api.upstox_client:get:47 - Request failed for /historical-candle/NSE_EQ|INE134E01011/day/2026-08-01/2025-11-14: ConnectError: 
2026-08-01 13:26:45.047 | ERROR    | api.upstox_client:get:47 - Request failed for /historical-candle/NSE_EQ|INE455K01017/day/2026-08-01/2025-11-14: ConnectError: 
2026-08-01 13:26:51.450 | ERROR    | api.upstox_client:get:47 - Request failed for /historical-candle/NSE_EQ|INE619A01035/day/2026-08-01/2025-11-14: ConnectError: 
2026-08-01 13:26:51.503 | ERROR    | api.upstox_client:get:47 - Request failed for /historical-candle/NSE_EQ|INE603J01030/day/2026-08-01/2025-11-14: ConnectError: 
2026-08-01 13:26:51.553 | ERROR    | api.upstox_client:get:47 - Request failed for /historical-candle/NSE_EQ|INE982J01020/day/2026-08-01/2025-11-14: ConnectError: 
2026-08-01 13:26:51.907 | ERROR    | api.upstox_client:get:47 - Request failed for /historical-candle/NSE_EQ|INE752E01010/day/2026-08-01/2025-11-14: ConnectError: 
2026-08-01 13:26:55.198 | ERROR    | api.upstox_client:get:47 - Request failed for /historical-candle/NSE_EQ|INE0BS701011/day/2026-08-01/2025-11-14: ConnectError: 
2026-08-01 13:26:55.232 | ERROR    | api.upstox_client:get:47 - Request failed for /historical-candle/NSE_EQ|INE811K01011/day/2026-08-01/2025-11-14: ConnectError: 
2026-08-01 13:26:55.306 | ERROR    | api.upstox_client:get:47 - Request failed for /historical-candle/NSE_EQ|INE020B01018/day/2026-08-01/2025-11-14: ConnectError: 
2026-08-01 13:26:55.367 | ERROR    | api.upstox_client:get:47 - Request failed for /historical-candle/NSE_EQ|INE160A01022/day/2026-08-01/2025-11-14: ConnectError: 
2026-08-01 13:26:56.278 | ERROR    | api.upstox_client:get:47 - Request failed for /historical-candle/NSE_EQ|INE417T01026/day/2026-08-01/2025-11-14: ConnectError: 
2026-08-01 13:26:56.364 | ERROR    | api.upstox_client:get:47 - Request failed for /historical-candle/NSE_EQ|INE603J01030/day/2026-08-01/2025-11-14: ConnectError: 
2026-08-01 13:26:56.459 | ERROR    | api.upstox_client:get:47 - Request failed for /historical-candle/NSE_EQ|INE881D01027/day/2026-08-01/2025-11-14: ConnectError: 
2026-08-01 13:27:01.766 | ERROR    | api.upstox_client:get:47 - Request failed for /historical-candle/NSE_EQ|INE455K01017/day/2026-08-01/2025-11-14: ConnectError: 
2026-08-01 13:27:01.782 | ERROR    | api.upstox_client:get:47 - Request failed for /historical-candle/NSE_EQ|INE752E01010/day/2026-08-01/2025-11-14: ConnectError: 
2026-08-01 13:27:01.802 | ERROR    | api.upstox_client:get:47 - Request failed for /historical-candle/NSE_EQ|INE318A01026/day/2026-08-01/2025-11-14: ConnectError: 
2026-08-01 13:27:01.815 | ERROR    | api.upstox_client:get:47 - Request failed for /historical-candle/NSE_EQ|INE134E01011/day/2026-08-01/2025-11-14: ConnectError: 
2026-08-01 13:27:01.828 | ERROR    | api.upstox_client:get:47 - Request failed for /historical-candle/NSE_EQ|INE262H01021/day/2026-08-01/2025-11-14: ConnectError: 
2026-08-01 13:27:01.843 | ERROR    | api.upstox_client:get:47 - Request failed for /historical-candle/NSE_EQ|INE211B01039/day/2026-08-01/2025-11-14: ConnectError: 
2026-08-01 13:27:06.741 | ERROR    | api.upstox_client:get:47 - Request failed for /historical-candle/NSE_EQ|INE761H01022/day/2026-08-01/2025-11-14: ConnectError: 
2026-08-01 13:27:06.826 | ERROR    | api.upstox_client:get:47 - Request failed for /historical-candle/NSE_EQ|INE619A01035/day/2026-08-01/2025-11-14: ConnectError: 
2026-08-01 13:27:06.917 | ERROR    | api.upstox_client:get:47 - Request failed for /historical-candle/NSE_EQ|INE262H01021/day/2026-08-01/2025-11-14: ConnectError: 
2026-08-01 13:27:07.060 | ERROR    | api.upstox_client:get:47 - Request failed for /historical-candle/NSE_EQ|INE211B01039/day/2026-08-01/2025-11-14: ConnectError: 
2026-08-01 13:27:08.854 | ERROR    | api.upstox_client:get:47 - Request failed for /historical-candle/NSE_EQ|INE944F01028/day/2026-08-01/2025-11-14: ConnectError: 
2026-08-01 13:27:08.921 | ERROR    | api.upstox_client:get:47 - Request failed for /historical-candle/NSE_EQ|INE415G01027/day/2026-08-01/2025-11-14: ConnectError: 
2026-08-01 13:27:16.043 | ERROR    | api.upstox_client:get:47 - Request failed for /historical-candle/NSE_EQ|INE002A01018/day/2026-08-01/2025-11-14: ConnectError: 
2026-08-01 13:27:19.378 | ERROR    | api.upstox_client:get:47 - Request failed for /historical-candle/NSE_EQ|INE123W01016/day/2026-08-01/2025-11-14: ConnectTimeout: 
2026-08-01 13:27:19.395 | ERROR    | api.upstox_client:get:47 - Request failed for /historical-candle/NSE_EQ|INE018E01016/day/2026-08-01/2025-11-14: ConnectTimeout: 
2026-08-01 13:27:20.772 | ERROR    | api.upstox_client:get:47 - Request failed for /historical-candle/NSE_EQ|INE134E01011/day/2026-08-01/2025-11-14: ConnectError: 
2026-08-01 13:27:23.353 | ERROR    | api.upstox_client:get:47 - Request failed for /historical-candle/NSE_EQ|INE0BS701011/day/2026-08-01/2025-11-14: ConnectError: 
2026-08-01 13:27:23.424 | ERROR    | api.upstox_client:get:47 - Request failed for /historical-candle/NSE_EQ|INE811K01011/day/2026-08-01/2025-11-14: ConnectError: 
2026-08-01 13:27:24.579 | ERROR    | api.upstox_client:get:47 - Request failed for /historical-candle/NSE_EQ|INE752E01010/day/2026-08-01/2025-11-14: ConnectError: 
2026-08-01 13:27:24.668 | ERROR    | api.upstox_client:get:47 - Request failed for /historical-candle/NSE_EQ|INE455K01017/day/2026-08-01/2025-11-14: ConnectError: 
2026-08-01 13:27:24.747 | ERROR    | api.upstox_client:get:47 - Request failed for /historical-candle/NSE_EQ|INE318A01026/day/2026-08-01/2025-11-14: ReadError: 
2026-08-01 13:27:26.437 | ERROR    | api.upstox_client:get:47 - Request failed for /historical-candle/NSE_EQ|INE775A08105/day/2026-08-01/2025-11-14: ConnectError: 
2026-08-01 13:27:26.528 | ERROR    | api.upstox_client:get:47 - Request failed for /historical-candle/NSE_EQ|INE070A01015/day/2026-08-01/2025-11-14: ConnectError: 
2026-08-01 13:27:26.621 | ERROR    | api.upstox_client:get:47 - Request failed for /historical-candle/NSE_EQ|INE1NPP01017/day/2026-08-01/2025-11-14: ConnectTimeout: 
2026-08-01 13:27:30.332 | ERROR    | api.upstox_client:get:47 - Request failed for /historical-candle/NSE_EQ|INE944F01028/day/2026-08-01/2025-11-14: ConnectTimeout: 
2026-08-01 13:27:30.416 | ERROR    | api.upstox_client:get:47 - Request failed for /historical-candle/NSE_EQ|INE160A01022/day/2026-08-01/2025-11-14: ConnectTimeout: 
2026-08-01 13:27:30.599 | ERROR    | api.upstox_client:get:47 - Request failed for /historical-candle/NSE_EQ|INE415G01027/day/2026-08-01/2025-11-14: ConnectTimeout: 
2026-08-01 13:27:30.603 | ERROR    | api.upstox_client:get:47 - Request failed for /historical-candle/NSE_EQ|INE647A01010/day/2026-08-01/2025-11-14: ConnectError: 
2026-08-01 13:27:30.847 | ERROR    | api.upstox_client:get:47 - Request failed for /historical-candle/NSE_EQ|INE020B01018/day/2026-08-01/2025-11-14: ConnectTimeout: 
2026-08-01 13:27:35.693 | ERROR    | api.upstox_client:get:47 - Request failed for /historical-candle/NSE_EQ|INE721A01047/day/2026-08-01/2025-11-14: ConnectTimeout: 
2026-08-01 13:27:37.323 | ERROR    | api.upstox_client:get:47 - Request failed for /historical-candle/NSE_EQ|INE0BS701011/day/2026-08-01/2025-11-14: ConnectError: 
2026-08-01 13:27:37.380 | ERROR    | api.upstox_client:get:47 - Request failed for /historical-candle/NSE_EQ|INE020B01018/day/2026-08-01/2025-11-14: ConnectError: 
2026-08-01 13:27:37.442 | ERROR    | api.upstox_client:get:47 - Request failed for /historical-candle/NSE_EQ|INE811K01011/day/2026-08-01/2025-11-14: ConnectError: 
2026-08-01 13:27:37.497 | ERROR    | api.upstox_client:get:47 - Request failed for /historical-candle/NSE_EQ|INE160A01022/day/2026-08-01/2025-11-14: ConnectError: 
2026-08-01 13:27:46.113 | ERROR    | api.upstox_client:get:47 - Request failed for /historical-candle/NSE_EQ|INE003A01024/day/2026-08-01/2025-11-14: ConnectTimeout: 
2026-08-01 13:27:46.453 | ERROR    | api.upstox_client:get:47 - Request failed for /historical-candle/NSE_EQ|INE123W01016/day/2026-08-01/2025-11-14: ConnectError: 
2026-08-01 13:27:46.467 | ERROR    | api.upstox_client:get:47 - Request failed for /historical-candle/NSE_EQ|INE018E01016/day/2026-08-01/2025-11-14: ConnectError: 
2026-08-01 13:27:46.524 | ERROR    | api.upstox_client:get:47 - Request failed for /historical-candle/NSE_EQ|INE002A01018/day/2026-08-01/2025-11-14: ConnectError: 
2026-08-01 13:27:49.194 | ERROR    | api.upstox_client:get:47 - Request failed for /historical-candle/NSE_EQ|INE114A01011/day/2026-08-01/2025-11-14: ConnectTimeout: 
2026-08-01 13:27:49.210 | ERROR    | api.upstox_client:get:47 - Request failed for /historical-candle/NSE_EQ|INE062A01020/day/2026-08-01/2025-11-14: ConnectTimeout: 
2026-08-01 13:27:49.226 | ERROR    | api.upstox_client:get:47 - Request failed for /historical-candle/NSE_EQ|INE343H01029/day/2026-08-01/2025-11-14: ConnectTimeout: 
2026-08-01 13:27:49.240 | ERROR    | api.upstox_client:get:47 - Request failed for /historical-candle/NSE_EQ|INE044A01036/day/2026-08-01/2025-11-14: ConnectTimeout: 
2026-08-01 13:27:50.660 | ERROR    | api.upstox_client:get:47 - Request failed for /historical-candle/NSE_EQ|INE415G01027/day/2026-08-01/2025-11-14: ConnectTimeout: 
2026-08-01 13:27:50.711 | ERROR    | api.upstox_client:get:47 - Request failed for /historical-candle/NSE_EQ|INE944F01028/day/2026-08-01/2025-11-14: ConnectTimeout: 
2026-08-01 13:27:50.800 | ERROR    | api.upstox_client:get:47 - Request failed for /historical-candle/NSE_EQ|INE002A01018/day/2026-08-01/2025-11-14: ConnectTimeout: 
2026-08-01 13:27:56.629 | ERROR    | api.upstox_client:get:47 - Request failed for /historical-candle/NSE_EQ|INE003A01024/day/2026-08-01/2025-11-14: ConnectError: 
2026-08-01 13:27:56.717 | ERROR    | api.upstox_client:get:47 - Request failed for /historical-candle/NSE_EQ|INE647A01010/day/2026-08-01/2025-11-14: ConnectError: 
2026-08-01 13:27:56.743 | ERROR    | api.upstox_client:get:47 - Request failed for /historical-candle/NSE_EQ|INE070A01015/day/2026-08-01/2025-11-14: ConnectError: 
2026-08-01 13:27:56.793 | ERROR    | api.upstox_client:get:47 - Request failed for /historical-candle/NSE_EQ|INE775A08105/day/2026-08-01/2025-11-14: ConnectError: 
2026-08-01 13:27:56.904 | ERROR    | api.upstox_client:get:47 - Request failed for /historical-candle/NSE_EQ|INE721A01047/day/2026-08-01/2025-11-14: ConnectError: 
2026-08-01 13:27:56.990 | ERROR    | api.upstox_client:get:47 - Request failed for /historical-candle/NSE_EQ|INE1NPP01017/day/2026-08-01/2025-11-14: ConnectError: 
2026-08-01 13:28:00.663 | ERROR    | api.upstox_client:get:47 - Request failed for /historical-candle/NSE_EQ|INE733E01010/day/2026-08-01/2025-11-14: ConnectTimeout: 
2026-08-01 13:28:00.869 | ERROR    | api.upstox_client:get:47 - Request failed for /historical-candle/NSE_EQ|INE018E01016/day/2026-08-01/2025-11-14: ConnectError: 
2026-08-01 13:28:00.888 | ERROR    | api.upstox_client:get:47 - Request failed for /historical-candle/NSE_EQ|INE123W01016/day/2026-08-01/2025-11-14: ConnectError: 
2026-08-01 13:28:00.992 | ERROR    | api.upstox_client:get:47 - Request failed for /historical-candle/NSE_EQ|INE647A01010/day/2026-08-01/2025-11-14: ConnectError: 
2026-08-01 13:28:03.127 | ERROR    | api.upstox_client:get:47 - Request failed for /historical-candle/NSE_EQ|INE040H01021/day/2026-08-01/2025-11-14: ConnectTimeout: 
2026-08-01 13:28:03.184 | ERROR    | api.upstox_client:get:47 - Request failed for /historical-candle/NSE_EQ|INE195A01028/day/2026-08-01/2025-11-14: ConnectTimeout: 
2026-08-01 13:28:04.790 | ERROR    | api.upstox_client:get:47 - Request failed for /historical-candle/NSE_EQ|INE139A01034/day/2026-08-01/2025-11-14: ConnectTimeout: 
2026-08-01 13:28:04.906 | ERROR    | api.upstox_client:get:47 - Request failed for /historical-candle/NSE_EQ|INE239A01024/day/2026-08-01/2025-11-14: ConnectTimeout: 
2026-08-01 13:28:05.041 | ERROR    | api.upstox_client:get:47 - Request failed for /historical-candle/NSE_EQ|INE093I01010/day/2026-08-01/2025-11-14: ConnectTimeout: 
2026-08-01 13:28:05.153 | ERROR    | api.upstox_client:get:47 - Request failed for /historical-candle/NSE_EQ|INE213A01029/day/2026-08-01/2025-11-14: ConnectTimeout: 
2026-08-01 13:28:10.891 | ERROR    | api.upstox_client:get:47 - Request failed for /historical-candle/NSE_EQ|INE494B01023/day/2026-08-01/2025-11-14: ConnectTimeout: 
2026-08-01 13:28:10.943 | ERROR    | api.upstox_client:get:47 - Request failed for /historical-candle/NSE_EQ|INE00H001014/day/2026-08-01/2025-11-14: ConnectTimeout: 
2026-08-01 13:28:12.262 | ERROR    | api.upstox_client:get:47 - Request failed for /historical-candle/NSE_EQ|INE775A08105/day/2026-08-01/2025-11-14: ConnectError: 
2026-08-01 13:28:12.383 | ERROR    | api.upstox_client:get:47 - Request failed for /historical-candle/NSE_EQ|INE070A01015/day/2026-08-01/2025-11-14: ConnectTimeout: 
2026-08-01 13:28:18.486 | ERROR    | api.upstox_client:get:47 - Request failed for /historical-candle/NSE_EQ|INE976I01016/day/2026-08-01/2025-11-14: ConnectTimeout: 
2026-08-01 13:28:19.054 | ERROR    | api.upstox_client:get:47 - Request failed for /historical-candle/NSE_EQ|INE040H01021/day/2026-08-01/2025-11-14: ConnectTimeout: 
2026-08-01 13:28:19.111 | ERROR    | api.upstox_client:get:47 - Request failed for /historical-candle/NSE_EQ|INE044A01036/day/2026-08-01/2025-11-14: ConnectError: 
2026-08-01 13:28:19.177 | ERROR    | api.upstox_client:get:47 - Request failed for /historical-candle/NSE_EQ|INE114A01011/day/2026-08-01/2025-11-14: ConnectError: 
2026-08-01 13:28:19.627 | ERROR    | api.upstox_client:get:47 - Request failed for /historical-candle/NSE_EQ|INE1NPP01017/day/2026-08-01/2025-11-14: ConnectTimeout: 
2026-08-01 13:28:19.652 | ERROR    | api.upstox_client:get:47 - Request failed for /historical-candle/NSE_EQ|INE721A01047/day/2026-08-01/2025-11-14: ConnectTimeout: 
2026-08-01 13:28:19.668 | ERROR    | api.upstox_client:get:47 - Request failed for /historical-candle/NSE_EQ|INE003A01024/day/2026-08-01/2025-11-14: ConnectTimeout: 
2026-08-01 13:28:20.570 | ERROR    | api.upstox_client:get:47 - Request failed for /historical-candle/NSE_EQ|INE982J01020/day/2026-08-01/2025-11-14: ConnectTimeout: 
2026-08-01 13:28:22.006 | ERROR    | api.upstox_client:get:47 - Request failed for /historical-candle/NSE_EQ|INE151A01013/day/2026-08-01/2025-11-14: ConnectTimeout: 
2026-08-01 13:28:22.077 | ERROR    | api.upstox_client:get:47 - Request failed for /historical-candle/NSE_EQ|INE467B01029/day/2026-08-01/2025-11-14: ConnectTimeout: 
2026-08-01 13:28:23.042 | ERROR    | api.upstox_client:get:47 - Request failed for /historical-candle/NSE_EQ|INE195A01028/day/2026-08-01/2025-11-14: ConnectTimeout: 
2026-08-01 13:28:24.465 | ERROR    | api.upstox_client:get:47 - Request failed for /historical-candle/NSE_EQ|INE274J01014/day/2026-08-01/2025-11-14: ConnectTimeout: 
2026-08-01 13:28:24.520 | ERROR    | api.upstox_client:get:47 - Request failed for /historical-candle/NSE_EQ|INE881D01027/day/2026-08-01/2025-11-14: ConnectTimeout: 
2026-08-01 13:28:24.574 | ERROR    | api.upstox_client:get:47 - Request failed for /historical-candle/NSE_EQ|INE417T01026/day/2026-08-01/2025-11-14: ConnectTimeout: 
2026-08-01 13:28:27.975 | ERROR    | api.upstox_client:get:47 - Request failed for /historical-candle/NSE_EQ|INE192A01025/day/2026-08-01/2025-11-14: ConnectError: 
2026-08-01 13:28:27.995 | ERROR    | api.upstox_client:get:47 - Request failed for /historical-candle/NSE_EQ|INE670A01012/day/2026-08-01/2025-11-14: ConnectTimeout: 
2026-08-01 13:28:28.038 | ERROR    | api.upstox_client:get:47 - Request failed for /historical-candle/NSE_EQ|INE672A01026/day/2026-08-01/2025-11-14: ConnectTimeout: 
2026-08-01 13:28:28.772 | ERROR    | api.upstox_client:get:47 - Request failed for /historical-candle/NSE_EQ|INE343H01029/day/2026-08-01/2025-11-14: ConnectError: 
2026-08-01 13:28:28.817 | ERROR    | api.upstox_client:get:47 - Request failed for /historical-candle/NSE_EQ|INE062A01020/day/2026-08-01/2025-11-14: ConnectError: 
2026-08-01 13:28:28.840 | ERROR    | api.upstox_client:get:47 - Request failed for /historical-candle/NSE_EQ|INE114A01011/day/2026-08-01/2025-11-14: ConnectError: 
2026-08-01 13:28:28.872 | ERROR    | api.upstox_client:get:47 - Request failed for /historical-candle/NSE_EQ|INE044A01036/day/2026-08-01/2025-11-14: ConnectError: 
2026-08-01 13:28:30.495 | ERROR    | api.upstox_client:get:47 - Request failed for /historical-candle/NSE_EQ|INE00H001014/day/2026-08-01/2025-11-14: ConnectError: 
2026-08-01 13:28:30.531 | ERROR    | api.upstox_client:get:47 - Request failed for /historical-candle/NSE_EQ|INE494B01023/day/2026-08-01/2025-11-14: ConnectError: 
2026-08-01 13:28:30.593 | ERROR    | api.upstox_client:get:47 - Request failed for /historical-candle/NSE_EQ|INE976I01016/day/2026-08-01/2025-11-14: ConnectError: 
2026-08-01 13:28:30.625 | ERROR    | api.upstox_client:get:47 - Request failed for /historical-candle/NSE_EQ|INE343H01029/day/2026-08-01/2025-11-14: ReadError: 
2026-08-01 13:28:31.406 | ERROR    | api.upstox_client:get:47 - Request failed for /historical-candle/NSE_EQ|INE603J01030/day/2026-08-01/2025-11-14: ConnectTimeout: 
2026-08-01 13:28:31.457 | ERROR    | api.upstox_client:get:47 - Request failed for /historical-candle/NSE_EQ|INE761H01022/day/2026-08-01/2025-11-14: ConnectTimeout: 
2026-08-01 13:28:31.486 | ERROR    | api.upstox_client:get:47 - Request failed for /historical-candle/NSE_EQ|INE318A01026/day/2026-08-01/2025-11-14: ConnectTimeout: 
2026-08-01 13:28:31.509 | ERROR    | api.upstox_client:get:47 - Request failed for /historical-candle/NSE_EQ|INE211B01039/day/2026-08-01/2025-11-14: ConnectTimeout: 
2026-08-01 13:28:31.547 | ERROR    | api.upstox_client:get:47 - Request failed for /historical-candle/NSE_EQ|INE619A01035/day/2026-08-01/2025-11-14: ConnectTimeout: 
2026-08-01 13:28:31.579 | ERROR    | api.upstox_client:get:47 - Request failed for /historical-candle/NSE_EQ|INE262H01021/day/2026-08-01/2025-11-14: ConnectTimeout: 
2026-08-01 13:28:34.848 | ERROR    | api.upstox_client:get:47 - Request failed for /historical-candle/NSE_EQ|INE1TAE01010/day/2026-08-01/2025-11-14: ConnectTimeout: 
2026-08-01 13:28:37.712 | ERROR    | api.upstox_client:get:47 - Request failed for /historical-candle/NSE_EQ|INE669C01036/day/2026-08-01/2025-11-14: ConnectError: 
2026-08-01 13:28:38.502 | ERROR    | api.upstox_client:get:47 - Request failed for /historical-candle/NSE_EQ|INE195A01028/day/2026-08-01/2025-11-14: ConnectError: 
2026-08-01 13:28:38.527 | ERROR    | api.upstox_client:get:47 - Request failed for /historical-candle/NSE_EQ|INE00H001014/day/2026-08-01/2025-11-14: ConnectError: 
2026-08-01 13:28:38.579 | ERROR    | api.upstox_client:get:47 - Request failed for /historical-candle/NSE_EQ|INE040H01021/day/2026-08-01/2025-11-14: ConnectError: 
2026-08-01 13:28:39.793 | ERROR    | api.upstox_client:get:47 - Request failed for /historical-candle/NSE_EQ|INE155A01022/day/2026-08-01/2025-11-14: ConnectError: 
2026-08-01 13:28:39.832 | ERROR    | api.upstox_client:get:47 - Request failed for /historical-candle/NSE_EQ|INE245A01021/day/2026-08-01/2025-11-14: ConnectError: 
2026-08-01 13:28:39.873 | ERROR    | api.upstox_client:get:47 - Request failed for /historical-candle/NSE_EQ|INE081A01020/day/2026-08-01/2025-11-14: ConnectError: 
2026-08-01 13:28:39.891 | ERROR    | api.upstox_client:get:47 - Request failed for /historical-candle/NSE_EQ|INE280A01028/day/2026-08-01/2025-11-14: ConnectError: 
2026-08-01 13:28:40.267 | ERROR    | api.upstox_client:get:47 - Request failed for /historical-candle/NSE_EQ|INE062A01020/day/2026-08-01/2025-11-14: ReadError: 
2026-08-01 13:28:42.330 | ERROR    | api.upstox_client:get:47 - Request failed for /historical-candle/NSE_EQ|INE151A01013/day/2026-08-01/2025-11-14: ConnectError: 
2026-08-01 13:28:44.306 | ERROR    | api.upstox_client:get:47 - Request failed for /historical-candle/NSE_EQ|INE670A01012/day/2026-08-01/2025-11-14: ConnectError: 
2026-08-01 13:28:44.322 | ERROR    | api.upstox_client:get:47 - Request failed for /historical-candle/NSE_EQ|INE467B01029/day/2026-08-01/2025-11-14: ConnectError: 
2026-08-01 13:28:44.360 | ERROR    | api.upstox_client:get:47 - Request failed for /historical-candle/NSE_EQ|INE192A01025/day/2026-08-01/2025-11-14: ConnectError: 
2026-08-01 13:28:44.394 | ERROR    | api.upstox_client:get:47 - Request failed for /historical-candle/NSE_EQ|INE672A01026/day/2026-08-01/2025-11-14: ConnectError: 
2026-08-01 13:28:44.425 | ERROR    | api.upstox_client:get:47 - Request failed for /historical-candle/NSE_EQ|INE1TAE01010/day/2026-08-01/2025-11-14: ConnectError: 
2026-08-01 13:28:44.729 | ERROR    | api.upstox_client:get:47 - Request failed for /historical-candle/NSE_EQ|INE151A01013/day/2026-08-01/2025-11-14: ConnectError: 
2026-08-01 13:28:44.781 | ERROR    | api.upstox_client:get:47 - Request failed for /historical-candle/NSE_EQ|INE494B01023/day/2026-08-01/2025-11-14: ConnectError: 
2026-08-01 13:28:44.817 | ERROR    | api.upstox_client:get:47 - Request failed for /historical-candle/NSE_EQ|INE976I01016/day/2026-08-01/2025-11-14: ConnectError: 
2026-08-01 13:28:45.172 | ERROR    | api.upstox_client:get:47 - Request failed for /historical-candle/NSE_EQ|INE455K01017/day/2026-08-01/2025-11-14: ConnectTimeout: 
2026-08-01 13:28:46.037 | ERROR    | api.upstox_client:get:47 - Request failed for /historical-candle/NSE_EQ|INE685A01028/day/2026-08-01/2025-11-14: ConnectError: 
2026-08-01 13:28:47.179 | ERROR    | api.upstox_client:get:47 - Request failed for /historical-candle/NSE_EQ|INE0BS701011/day/2026-08-01/2025-11-14: ConnectError: 
2026-08-01 13:28:47.217 | ERROR    | api.upstox_client:get:47 - Request failed for /historical-candle/NSE_EQ|INE134E01011/day/2026-08-01/2025-11-14: ConnectError: 
2026-08-01 13:28:47.250 | ERROR    | api.upstox_client:get:47 - Request failed for /historical-candle/NSE_EQ|INE752E01010/day/2026-08-01/2025-11-14: ConnectError: 
2026-08-01 13:28:50.048 | ERROR    | api.upstox_client:get:47 - Request failed for /historical-candle/NSE_EQ|INE628A01036/day/2026-08-01/2025-11-14: ConnectError: 
2026-08-01 13:28:50.077 | ERROR    | api.upstox_client:get:47 - Request failed for /historical-candle/NSE_EQ|INE481G01011/day/2026-08-01/2025-11-14: ConnectError: 
2026-08-01 13:28:50.118 | ERROR    | api.upstox_client:get:47 - Request failed for /historical-candle/NSE_EQ|INE692A01016/day/2026-08-01/2025-11-14: ConnectError: 
2026-08-01 13:28:50.182 | ERROR    | api.upstox_client:get:47 - Request failed for /historical-candle/NSE_EQ|INE849A01020/day/2026-08-01/2025-11-14: ReadError: 
2026-08-01 13:28:50.238 | ERROR    | api.upstox_client:get:47 - Request failed for /historical-candle/NSE_EQ|INE974X01010/day/2026-08-01/2025-11-14: ReadError: 
2026-08-01 13:28:50.774 | ERROR    | api.upstox_client:get:47 - Request failed for /historical-candle/NSE_EQ|INE672A01026/day/2026-08-01/2025-11-14: ConnectError: 
2026-08-01 13:28:52.582 | ERROR    | api.upstox_client:get:47 - Request failed for /historical-candle/NSE_EQ|INE192A01025/day/2026-08-01/2025-11-14: ConnectError: 
2026-08-01 13:28:52.598 | ERROR    | api.upstox_client:get:47 - Request failed for /historical-candle/NSE_EQ|INE670A01012/day/2026-08-01/2025-11-14: ConnectError: 
2026-08-01 13:28:52.661 | ERROR    | api.upstox_client:get:47 - Request failed for /historical-candle/NSE_EQ|INE1TAE01010/day/2026-08-01/2025-11-14: ConnectError: 
2026-08-01 13:28:52.686 | ERROR    | api.upstox_client:get:47 - Request failed for /historical-candle/NSE_EQ|INE467B01029/day/2026-08-01/2025-11-14: ConnectError: 
2026-08-01 13:28:53.326 | ERROR    | api.upstox_client:get:47 - Request failed for /historical-candle/NSE_EQ|INE811K01011/day/2026-08-01/2025-11-14: ConnectError: 
2026-08-01 13:28:55.103 | INFO     | scanner:run_scan:119 - Scan complete: 66 stocks processed
2026-08-01 13:28:55.426 | ERROR    | api.upstox_client:get:47 - Request failed for /historical-candle/NSE_EQ|INE160A01022/day/2026-08-01/2025-11-14: ConnectError: 
2026-08-01 13:28:55.524 | INFO     | scanner:run_scan:119 - Scan complete: 113 stocks processed
2026-08-01 13:29:12.468 | INFO     | scanner:run_scan:119 - Scan complete: 131 stocks processed
2026-08-01 13:35:36.912 | INFO     | services.instruments:_get_upstox_instrument_master:73 - Loaded 9483 NSE EQ instruments from Upstox master
2026-08-01 13:35:39.712 | INFO     | services.instruments:fetch_index_constituents:151 - Loaded 200 constituents for NIFTY 200
2026-08-01 13:36:16.518 | INFO     | news:fetch_news:156 - Fetched 84 unique news items
2026-08-01 13:36:31.829 | INFO     | scanner:run_scan:98 - Starting Nifty 200 strategy scan...
2026-08-01 13:37:30.697 | INFO     | scanner:run_scan:98 - Starting Nifty 200 strategy scan...
2026-08-01 13:37:54.748 | ERROR    | api.upstox_client:get:47 - Request failed for /historical-candle/NSE_EQ|INE129A01019/day/2026-08-01/2025-11-14: ConnectError: 
2026-08-01 13:38:29.272 | ERROR    | api.upstox_client:get:47 - Request failed for /historical-candle/NSE_EQ|INE0V6F01027/day/2026-08-01/2025-11-14: RemoteProtocolError: Server disconnected without sending a response.
2026-08-01 13:38:33.828 | ERROR    | api.upstox_client:get:47 - Request failed for /historical-candle/NSE_EQ|INE053F01010/day/2026-08-01/2025-11-14: ConnectError: 
2026-08-01 13:38:48.295 | ERROR    | api.upstox_client:get:47 - Request failed for /historical-candle/NSE_EQ|INE019A01038/day/2026-08-01/2025-11-14: ConnectError: 
2026-08-01 13:38:54.008 | ERROR    | api.upstox_client:get:47 - Request failed for /historical-candle/NSE_EQ|INE498L01015/day/2026-08-01/2025-11-14: ConnectError: 
2026-08-01 13:39:33.988 | ERROR    | api.upstox_client:get:47 - Request failed for /historical-candle/NSE_EQ|INE584A01023/day/2026-08-01/2025-11-14: ConnectError: 
2026-08-01 13:39:44.185 | ERROR    | api.upstox_client:get:47 - Request failed for /historical-candle/NSE_EQ|INE881D01027/day/2026-08-01/2025-11-14: ConnectError: 
2026-08-01 13:39:44.200 | ERROR    | api.upstox_client:get:47 - Request failed for /historical-candle/NSE_EQ|INE417T01026/day/2026-08-01/2025-11-14: ConnectError: 
2026-08-01 13:40:07.691 | ERROR    | api.upstox_client:get:47 - Request failed for /historical-candle/NSE_EQ|INE134E01011/day/2026-08-01/2025-11-14: ConnectError: 
2026-08-01 13:40:19.276 | ERROR    | api.upstox_client:get:47 - Request failed for /historical-candle/NSE_EQ|INE018E01016/day/2026-08-01/2025-11-14: ConnectError: 
2026-08-01 13:40:19.292 | ERROR    | api.upstox_client:get:47 - Request failed for /historical-candle/NSE_EQ|INE002A01018/day/2026-08-01/2025-11-14: ConnectError: 
2026-08-01 13:40:23.315 | ERROR    | api.upstox_client:get:47 - Request failed for /historical-candle/NSE_EQ|INE123W01016/day/2026-08-01/2025-11-14: ConnectError: 
2026-08-01 13:41:05.026 | INFO     | services.instruments:_get_upstox_instrument_master:73 - Loaded 9483 NSE EQ instruments from Upstox master
2026-08-01 13:41:07.656 | INFO     | services.instruments:fetch_index_constituents:151 - Loaded 200 constituents for NIFTY 200
2026-08-01 13:52:23.082 | INFO     | services.instruments:_get_upstox_instrument_master:73 - Loaded 9483 NSE EQ instruments from Upstox master
2026-08-01 13:52:25.896 | INFO     | services.instruments:fetch_index_constituents:151 - Loaded 200 constituents for NIFTY 200
2026-08-01 13:58:18.784 | INFO     | services.instruments:_get_upstox_instrument_master:73 - Loaded 9483 NSE EQ instruments from Upstox master
2026-08-01 13:58:21.581 | INFO     | services.instruments:fetch_index_constituents:151 - Loaded 200 constituents for NIFTY 200
2026-08-01 13:59:35.260 | INFO     | scanner:run_scan:98 - Starting Nifty 200 strategy scan...
2026-08-01 13:59:40.795 | INFO     | news:fetch_news:156 - Fetched 84 unique news items
2026-08-01 13:59:54.928 | INFO     | scanner:run_scan:98 - Starting Nifty 200 strategy scan...
2026-08-01 14:00:00.863 | INFO     | scanner:run_scan:98 - Starting Nifty 200 strategy scan...
2026-08-01 14:00:31.404 | ERROR    | api.upstox_client:get:47 - Request failed for /historical-candle/NSE_EQ|INE029A01011/day/2026-08-01/2025-11-14: ConnectError: 
2026-08-01 14:00:31.415 | ERROR    | api.upstox_client:get:47 - Request failed for /historical-candle/NSE_EQ|INE257A01026/day/2026-08-01/2025-11-14: ConnectError: 
2026-08-01 14:00:41.958 | ERROR    | api.upstox_client:get:47 - Request failed for /historical-candle/NSE_EQ|INE0HOQ01053/day/2026-08-01/2025-11-14: ConnectError: 
2026-08-01 14:00:48.047 | INFO     | scanner:run_scan:98 - Starting Nifty 200 strategy scan...
2026-08-01 14:01:01.357 | ERROR    | api.upstox_client:get:47 - Request failed for /historical-candle/NSE_EQ|INE169A01031/day/2026-08-01/2025-11-14: ConnectError: 
2026-08-01 14:01:02.504 | ERROR    | api.upstox_client:get:47 - Request failed for /historical-candle/NSE_EQ|INE259A01022/day/2026-08-01/2025-11-14: ConnectError: 
2026-08-01 14:01:02.521 | ERROR    | api.upstox_client:get:47 - Request failed for /historical-candle/NSE_EQ|INE591G01025/day/2026-08-01/2025-11-14: ConnectError: 
2026-08-01 14:01:14.028 | ERROR    | api.upstox_client:get:47 - Request failed for /historical-candle/NSE_EQ|INE271C01023/day/2026-08-01/2025-11-14: ConnectError: 
2026-08-01 14:01:34.697 | ERROR    | api.upstox_client:get:47 - Request failed for /historical-candle/NSE_EQ|INE776C01039/day/2026-08-01/2025-11-14: RemoteProtocolError: Server disconnected without sending a response.
2026-08-01 14:01:35.620 | ERROR    | api.upstox_client:get:47 - Request failed for /historical-candle/NSE_EQ|INE129A01019/day/2026-08-01/2025-11-14: RemoteProtocolError: Server disconnected without sending a response.
2026-08-01 14:01:37.053 | ERROR    | api.upstox_client:get:47 - Request failed for /historical-candle/NSE_EQ|INE935A01035/day/2026-08-01/2025-11-14: ConnectError: 
2026-08-01 14:01:39.728 | ERROR    | api.upstox_client:get:47 - Request failed for /historical-candle/NSE_EQ|INE260B01028/day/2026-08-01/2025-11-14: ConnectError: 
2026-08-01 14:01:39.769 | ERROR    | api.upstox_client:get:47 - Request failed for /historical-candle/NSE_EQ|INE102D01028/day/2026-08-01/2025-11-14: ConnectError: 
2026-08-01 14:01:39.851 | ERROR    | api.upstox_client:get:47 - Request failed for /historical-candle/NSE_EQ|INE484J01027/day/2026-08-01/2025-11-14: ConnectError: 
2026-08-01 14:01:40.576 | ERROR    | api.upstox_client:get:47 - Request failed for /historical-candle/NSE_EQ|INE200A01026/day/2026-08-01/2025-11-14: ConnectError: 
2026-08-01 14:01:42.472 | ERROR    | api.upstox_client:get:47 - Request failed for /historical-candle/NSE_EQ|INE776C01039/day/2026-08-01/2025-11-14: ConnectError: 
2026-08-01 14:01:48.815 | ERROR    | api.upstox_client:get:47 - Request failed for /historical-candle/NSE_EQ|INE260B01028/day/2026-08-01/2025-11-14: RemoteProtocolError: Server disconnected without sending a response.
2026-08-01 14:01:51.210 | ERROR    | api.upstox_client:get:47 - Request failed for /historical-candle/NSE_EQ|INE102D01028/day/2026-08-01/2025-11-14: ConnectError: 
2026-08-01 14:01:51.288 | ERROR    | api.upstox_client:get:47 - Request failed for /historical-candle/NSE_EQ|INE484J01027/day/2026-08-01/2025-11-14: ConnectError: 
2026-08-01 14:02:09.215 | ERROR    | api.upstox_client:get:47 - Request failed for /historical-candle/NSE_EQ|INE102D01028/day/2026-08-01/2025-11-14: ConnectTimeout: 
2026-08-01 14:02:09.293 | ERROR    | api.upstox_client:get:47 - Request failed for /historical-candle/NSE_EQ|INE484J01027/day/2026-08-01/2025-11-14: ConnectTimeout: 
2026-08-01 14:02:14.629 | ERROR    | api.upstox_client:get:47 - Request failed for /historical-candle/NSE_EQ|INE047A01021/day/2026-08-01/2025-11-14: ConnectTimeout: 
2026-08-01 14:02:15.716 | ERROR    | api.upstox_client:get:47 - Request failed for /historical-candle/NSE_EQ|INE267A01025/day/2026-08-01/2025-11-14: RemoteProtocolError: Server disconnected without sending a response.
2026-08-01 14:02:15.732 | ERROR    | api.upstox_client:get:47 - Request failed for /historical-candle/NSE_EQ|INE07Y701011/day/2026-08-01/2025-11-14: RemoteProtocolError: Server disconnected without sending a response.
2026-08-01 14:02:15.748 | ERROR    | api.upstox_client:get:47 - Request failed for /historical-candle/NSE_EQ|INE0V6F01027/day/2026-08-01/2025-11-14: RemoteProtocolError: Server disconnected without sending a response.
2026-08-01 14:02:15.762 | ERROR    | api.upstox_client:get:47 - Request failed for /historical-candle/NSE_EQ|INE031A01017/day/2026-08-01/2025-11-14: RemoteProtocolError: Server disconnected without sending a response.
2026-08-01 14:02:16.563 | ERROR    | api.upstox_client:get:47 - Request failed for /historical-candle/NSE_EQ|INE066F01020/day/2026-08-01/2025-11-14: RemoteProtocolError: Server disconnected without sending a response.
2026-08-01 14:02:16.579 | ERROR    | api.upstox_client:get:47 - Request failed for /historical-candle/NSE_EQ|INE094A01015/day/2026-08-01/2025-11-14: RemoteProtocolError: Server disconnected without sending a response.
2026-08-01 14:02:16.660 | ERROR    | api.upstox_client:get:47 - Request failed for /historical-candle/NSE_EQ|INE030A01027/day/2026-08-01/2025-11-14: ReadError: 
2026-08-01 14:02:22.817 | ERROR    | api.upstox_client:get:47 - Request failed for /historical-candle/NSE_EQ|INE267A01025/day/2026-08-01/2025-11-14: ConnectTimeout: 
2026-08-01 14:02:24.177 | ERROR    | api.upstox_client:get:47 - Request failed for /historical-candle/NSE_EQ|INE090A01021/day/2026-08-01/2025-11-14: ConnectTimeout: 
2026-08-01 14:02:24.197 | ERROR    | api.upstox_client:get:47 - Request failed for /historical-candle/NSE_EQ|INE765G01017/day/2026-08-01/2025-11-14: ConnectTimeout: 
2026-08-01 14:02:25.204 | ERROR    | api.upstox_client:get:47 - Request failed for /historical-candle/NSE_EQ|INE07Y701011/day/2026-08-01/2025-11-14: ConnectError: 
2026-08-01 14:02:25.249 | ERROR    | api.upstox_client:get:47 - Request failed for /historical-candle/NSE_EQ|INE031A01017/day/2026-08-01/2025-11-14: ConnectError: 
2026-08-01 14:02:25.294 | ERROR    | api.upstox_client:get:47 - Request failed for /historical-candle/NSE_EQ|INE0V6F01027/day/2026-08-01/2025-11-14: ConnectError: 
2026-08-01 14:02:26.288 | ERROR    | api.upstox_client:get:47 - Request failed for /historical-candle/NSE_EQ|INE0V6F01027/day/2026-08-01/2025-11-14: RemoteProtocolError: Server disconnected without sending a response.
2026-08-01 14:02:26.300 | ERROR    | api.upstox_client:get:47 - Request failed for /historical-candle/NSE_EQ|INE031A01017/day/2026-08-01/2025-11-14: RemoteProtocolError: Server disconnected without sending a response.
2026-08-01 14:02:28.089 | ERROR    | api.upstox_client:get:47 - Request failed for /historical-candle/NSE_EQ|INE346A01027/day/2026-08-01/2025-11-14: ConnectTimeout: 
2026-08-01 14:02:31.835 | ERROR    | api.upstox_client:get:47 - Request failed for /historical-candle/NSE_EQ|INE090A01021/day/2026-08-01/2025-11-14: ConnectError: 
2026-08-01 14:02:31.852 | ERROR    | api.upstox_client:get:47 - Request failed for /historical-candle/NSE_EQ|INE765G01017/day/2026-08-01/2025-11-14: ConnectError: 
2026-08-01 14:02:47.105 | ERROR    | api.upstox_client:get:47 - Request failed for /historical-candle/NSE_EQ|INE765G01017/day/2026-08-01/2025-11-14: RemoteProtocolError: Server disconnected without sending a response.
2026-08-01 14:02:48.972 | ERROR    | api.upstox_client:get:47 - Request failed for /historical-candle/NSE_EQ|INE053A01029/day/2026-08-01/2025-11-14: ConnectError: 
2026-08-01 14:02:49.016 | ERROR    | api.upstox_client:get:47 - Request failed for /historical-candle/NSE_EQ|INE346A01027/day/2026-08-01/2025-11-14: ConnectError: 
2026-08-01 14:02:52.769 | ERROR    | api.upstox_client:get:47 - Request failed for /historical-candle/NSE_EQ|INE095A01012/day/2026-08-01/2025-11-14: RemoteProtocolError: Server disconnected without sending a response.
2026-08-01 14:02:52.781 | ERROR    | api.upstox_client:get:47 - Request failed for /historical-candle/NSE_EQ|INE663F01032/day/2026-08-01/2025-11-14: RemoteProtocolError: Server disconnected without sending a response.
2026-08-01 14:02:52.790 | ERROR    | api.upstox_client:get:47 - Request failed for /historical-candle/NSE_EQ|INE009A01021/day/2026-08-01/2025-11-14: RemoteProtocolError: Server disconnected without sending a response.
2026-08-01 14:02:55.638 | ERROR    | api.upstox_client:get:47 - Request failed for /historical-candle/NSE_EQ|INE019A01038/day/2026-08-01/2025-11-14: RemoteProtocolError: Server disconnected without sending a response.
2026-08-01 14:03:14.276 | ERROR    | api.upstox_client:get:47 - Request failed for /historical-candle/NSE_EQ|INE019A01038/day/2026-08-01/2025-11-14: RemoteProtocolError: Server disconnected without sending a response.
2026-08-01 14:03:14.333 | ERROR    | api.upstox_client:get:47 - Request failed for /historical-candle/NSE_EQ|INE749A01030/day/2026-08-01/2025-11-14: RemoteProtocolError: Server disconnected without sending a response.
2026-08-01 14:03:23.466 | ERROR    | api.upstox_client:get:47 - Request failed for /historical-candle/NSE_EQ|INE326A01037/day/2026-08-01/2025-11-14: ConnectError: 
2026-08-01 14:03:28.097 | ERROR    | api.upstox_client:get:47 - Request failed for /historical-candle/NSE_EQ|INE670K01029/day/2026-08-01/2025-11-14: ConnectError: 
2026-08-01 14:03:38.362 | ERROR    | api.upstox_client:get:47 - Request failed for /historical-candle/NSE_EQ|INE101A01026/day/2026-08-01/2025-11-14: ConnectError: 
2026-08-01 14:03:44.465 | ERROR    | api.upstox_client:get:47 - Request failed for /historical-candle/NSE_EQ|INE745G01043/day/2026-08-01/2025-11-14: ConnectError: 
2026-08-01 14:03:45.581 | ERROR    | api.upstox_client:get:47 - Request failed for /historical-candle/NSE_EQ|INE733E01010/day/2026-08-01/2025-11-14: ConnectError: 
2026-08-01 14:03:46.248 | ERROR    | api.upstox_client:get:47 - Request failed for /historical-candle/NSE_EQ|INE848E01016/day/2026-08-01/2025-11-14: ReadError: 
2026-08-01 14:03:46.348 | ERROR    | api.upstox_client:get:47 - Request failed for /historical-candle/NSE_EQ|INE414G01012/day/2026-08-01/2025-11-14: RemoteProtocolError: Server disconnected without sending a response.
2026-08-01 14:04:03.110 | ERROR    | api.upstox_client:get:47 - Request failed for /historical-candle/NSE_EQ|INE274J01014/day/2026-08-01/2025-11-14: RemoteProtocolError: Server disconnected without sending a response.
2026-08-01 14:04:15.212 | ERROR    | api.upstox_client:get:47 - Request failed for /historical-candle/NSE_EQ|INE262H01021/day/2026-08-01/2025-11-14: ConnectError: 
2026-08-01 14:04:16.867 | ERROR    | api.upstox_client:get:47 - Request failed for /historical-candle/NSE_EQ|INE134E01011/day/2026-08-01/2025-11-14: ConnectError: 
2026-08-01 14:04:21.492 | ERROR    | api.upstox_client:get:47 - Request failed for /historical-candle/NSE_EQ|INE318A01026/day/2026-08-01/2025-11-14: ConnectError: 
2026-08-01 14:04:37.497 | ERROR    | api.upstox_client:get:47 - Request failed for /historical-candle/NSE_EQ|INE020B01018/day/2026-08-01/2025-11-14: ConnectError: 
2026-08-01 14:04:39.514 | ERROR    | api.upstox_client:get:47 - Request failed for /historical-candle/NSE_EQ|INE944F01028/day/2026-08-01/2025-11-14: ReadError: 
2026-08-01 14:04:46.417 | ERROR    | api.upstox_client:get:47 - Request failed for /historical-candle/NSE_EQ|INE1NPP01017/day/2026-08-01/2025-11-14: RemoteProtocolError: Server disconnected without sending a response.
2026-08-01 14:04:47.483 | ERROR    | api.upstox_client:get:47 - Request failed for /historical-candle/NSE_EQ|INE647A01010/day/2026-08-01/2025-11-14: RemoteProtocolError: Server disconnected without sending a response.
2026-08-01 14:04:50.379 | ERROR    | api.upstox_client:get:47 - Request failed for /historical-candle/NSE_EQ|INE070A01015/day/2026-08-01/2025-11-14: ConnectError: 
2026-08-01 14:04:50.398 | ERROR    | api.upstox_client:get:47 - Request failed for /historical-candle/NSE_EQ|INE775A08105/day/2026-08-01/2025-11-14: ConnectError: 
2026-08-01 14:04:52.248 | ERROR    | api.upstox_client:get:47 - Request failed for /historical-candle/NSE_EQ|INE003A01024/day/2026-08-01/2025-11-14: ConnectError: 
2026-08-01 14:04:53.253 | ERROR    | api.upstox_client:get:47 - Request failed for /historical-candle/NSE_EQ|INE070A01015/day/2026-08-01/2025-11-14: RemoteProtocolError: Server disconnected without sending a response.
2026-08-01 14:04:55.656 | ERROR    | api.upstox_client:get:47 - Request failed for /historical-candle/NSE_EQ|INE1NPP01017/day/2026-08-01/2025-11-14: ReadError: 
2026-08-01 14:04:55.718 | ERROR    | api.upstox_client:get:47 - Request failed for /historical-candle/NSE_EQ|INE721A01047/day/2026-08-01/2025-11-14: ReadError: 
2026-08-01 14:04:58.191 | ERROR    | api.upstox_client:get:47 - Request failed for /historical-candle/NSE_EQ|INE721A01047/day/2026-08-01/2025-11-14: ConnectError: 
2026-08-01 14:05:13.660 | ERROR    | api.upstox_client:get:47 - Request failed for /historical-candle/NSE_EQ|INE195A01028/day/2026-08-01/2025-11-14: ConnectTimeout: 
2026-08-01 14:05:20.504 | ERROR    | api.upstox_client:get:47 - Request failed for /historical-candle/NSE_EQ|INE00H001014/day/2026-08-01/2025-11-14: ConnectTimeout: 
2026-08-01 14:05:20.528 | ERROR    | api.upstox_client:get:47 - Request failed for /historical-candle/NSE_EQ|INE040H01021/day/2026-08-01/2025-11-14: ConnectError: 
2026-08-01 14:05:24.450 | ERROR    | api.upstox_client:get:47 - Request failed for /historical-candle/NSE_EQ|INE494B01023/day/2026-08-01/2025-11-14: ConnectTimeout: 
2026-08-01 14:05:28.515 | ERROR    | api.upstox_client:get:47 - Request failed for /historical-candle/NSE_EQ|INE1TAE01010/day/2026-08-01/2025-11-14: ReadError: 
2026-08-01 14:05:28.566 | ERROR    | api.upstox_client:get:47 - Request failed for /historical-candle/NSE_EQ|INE192A01025/day/2026-08-01/2025-11-14: ReadError: 
2026-08-01 14:05:28.703 | ERROR    | api.upstox_client:get:47 - Request failed for /historical-candle/NSE_EQ|INE467B01029/day/2026-08-01/2025-11-14: ReadError: 
2026-08-01 14:05:31.622 | ERROR    | api.upstox_client:get:47 - Request failed for /historical-candle/NSE_EQ|INE670A01012/day/2026-08-01/2025-11-14: ConnectError: 
2026-08-01 14:05:31.697 | ERROR    | api.upstox_client:get:47 - Request failed for /historical-candle/NSE_EQ|INE672A01026/day/2026-08-01/2025-11-14: ConnectError: 
2026-08-01 14:05:32.459 | ERROR    | api.upstox_client:get:47 - Request failed for /historical-candle/NSE_EQ|INE192A01025/day/2026-08-01/2025-11-14: ReadError: 
2026-08-01 14:05:38.293 | ERROR    | api.upstox_client:get:47 - Request failed for /historical-candle/NSE_EQ|INE670A01012/day/2026-08-01/2025-11-14: ReadError: 
2026-08-01 14:05:40.260 | ERROR    | api.upstox_client:get:47 - Request failed for /historical-candle/NSE_EQ|INE081A01020/day/2026-08-01/2025-11-14: ConnectError: 
2026-08-01 14:05:40.297 | ERROR    | api.upstox_client:get:47 - Request failed for /historical-candle/NSE_EQ|INE1TAE01010/day/2026-08-01/2025-11-14: ConnectError: 
2026-08-01 14:05:40.311 | ERROR    | api.upstox_client:get:47 - Request failed for /historical-candle/NSE_EQ|INE245A01021/day/2026-08-01/2025-11-14: ConnectError: 
2026-08-01 14:05:40.344 | ERROR    | api.upstox_client:get:47 - Request failed for /historical-candle/NSE_EQ|INE155A01022/day/2026-08-01/2025-11-14: ConnectError: 
2026-08-01 14:05:47.587 | ERROR    | api.upstox_client:get:47 - Request failed for /historical-candle/NSE_EQ|INE669C01036/day/2026-08-01/2025-11-14: ReadError: 
2026-08-01 14:05:49.553 | ERROR    | api.upstox_client:get:47 - Request failed for /historical-candle/NSE_EQ|INE974X01010/day/2026-08-01/2025-11-14: ReadError: 
2026-08-01 14:05:49.657 | ERROR    | api.upstox_client:get:47 - Request failed for /historical-candle/NSE_EQ|INE280A01028/day/2026-08-01/2025-11-14: ReadError: 
2026-08-01 14:05:49.670 | ERROR    | api.upstox_client:get:47 - Request failed for /historical-candle/NSE_EQ|INE849A01020/day/2026-08-01/2025-11-14: ReadError: 
2026-08-01 14:05:49.683 | ERROR    | api.upstox_client:get:47 - Request failed for /historical-candle/NSE_EQ|INE685A01028/day/2026-08-01/2025-11-14: ReadError: 
2026-08-01 14:05:49.955 | ERROR    | api.upstox_client:get:47 - Request failed for /historical-candle/NSE_EQ|INE974X01010/day/2026-08-01/2025-11-14: RemoteProtocolError: Server disconnected without sending a response.
2026-08-01 14:05:50.469 | ERROR    | api.upstox_client:get:47 - Request failed for /historical-candle/NSE_EQ|INE628A01036/day/2026-08-01/2025-11-14: ConnectError: 
2026-08-01 14:05:51.403 | ERROR    | api.upstox_client:get:47 - Request failed for /historical-candle/NSE_EQ|INE1TAE01010/day/2026-08-01/2025-11-14: ReadError: 
2026-08-01 14:05:52.960 | INFO     | scanner:run_scan:119 - Scan complete: 78 stocks processed
2026-08-01 14:05:53.364 | INFO     | scanner:run_scan:119 - Scan complete: 15 stocks processed
2026-08-01 14:06:42.031 | INFO     | services.instruments:_get_upstox_instrument_master:73 - Loaded 9483 NSE EQ instruments from Upstox master
2026-08-01 14:06:44.879 | INFO     | services.instruments:fetch_index_constituents:151 - Loaded 200 constituents for NIFTY 200
2026-08-01 14:06:44.884 | INFO     | scanner:run_scan:98 - Starting Nifty 200 strategy scan...
2026-08-01 14:07:17.359 | ERROR    | api.upstox_client:get:47 - Request failed for /historical-candle/NSE_EQ|INE117A01022/day/2026-08-01/2025-11-14: RemoteProtocolError: Server disconnected without sending a response.
2026-08-01 14:07:38.821 | ERROR    | api.upstox_client:get:47 - Request failed for /historical-candle/NSE_EQ|INE257A01026/day/2026-08-01/2025-11-14: ReadError: 
2026-08-01 14:07:58.724 | ERROR    | api.upstox_client:get:47 - Request failed for /historical-candle/NSE_EQ|INE169A01031/day/2026-08-01/2025-11-14: ConnectError: 
2026-08-01 14:07:58.743 | ERROR    | api.upstox_client:get:47 - Request failed for /historical-candle/NSE_EQ|INE111A01025/day/2026-08-01/2025-11-14: ConnectError: 
2026-08-01 14:08:00.891 | ERROR    | api.upstox_client:get:47 - Request failed for /historical-candle/NSE_EQ|INE259A01022/day/2026-08-01/2025-11-14: ReadError: 
2026-08-01 14:09:00.225 | ERROR    | api.upstox_client:get:47 - Request failed for /historical-candle/NSE_EQ|INE121J01017/day/2026-08-01/2025-11-14: ConnectError: 
2026-08-01 14:09:40.153 | ERROR    | api.upstox_client:get:47 - Request failed for /historical-candle/NSE_EQ|INE249Z01020/day/2026-08-01/2025-11-14: ConnectError: 
2026-08-01 14:10:01.191 | ERROR    | api.upstox_client:get:47 - Request failed for /historical-candle/NSE_EQ|INE603J01030/day/2026-08-01/2025-11-14: ReadError: 
2026-08-01 14:10:20.396 | ERROR    | api.upstox_client:get:47 - Request failed for /historical-candle/NSE_EQ|INE018E01016/day/2026-08-01/2025-11-14: ConnectError: 
2026-08-01 14:10:21.375 | ERROR    | api.upstox_client:get:47 - Request failed for /historical-candle/NSE_EQ|INE002A01018/day/2026-08-01/2025-11-14: RemoteProtocolError: Server disconnected without sending a response.
2026-08-01 14:10:22.407 | ERROR    | api.upstox_client:get:47 - Request failed for /historical-candle/NSE_EQ|INE647A01010/day/2026-08-01/2025-11-14: RemoteProtocolError: Server disconnected without sending a response.
2026-08-01 14:10:22.421 | ERROR    | api.upstox_client:get:47 - Request failed for /historical-candle/NSE_EQ|INE123W01016/day/2026-08-01/2025-11-14: RemoteProtocolError: Server disconnected without sending a response.
2026-08-01 14:10:40.510 | ERROR    | api.upstox_client:get:47 - Request failed for /historical-candle/NSE_EQ|INE976I01016/day/2026-08-01/2025-11-14: RemoteProtocolError: Server disconnected without sending a response.
2026-08-01 14:10:40.528 | ERROR    | api.upstox_client:get:47 - Request failed for /historical-candle/NSE_EQ|INE151A01013/day/2026-08-01/2025-11-14: RemoteProtocolError: Server disconnected without sending a response.
2026-08-01 14:11:03.928 | INFO     | scanner:run_scan:119 - Scan complete: 185 stocks processed
2026-08-01 14:13:04.581 | INFO     | news:fetch_news:156 - Fetched 84 unique news items
2026-08-01 14:14:04.181 | INFO     | services.instruments:_get_upstox_instrument_master:73 - Loaded 9483 NSE EQ instruments from Upstox master
2026-08-01 14:14:06.927 | INFO     | services.instruments:fetch_index_constituents:151 - Loaded 200 constituents for NIFTY 200
2026-08-01 14:14:19.542 | INFO     | news:fetch_news:156 - Fetched 84 unique news items
2026-08-01 14:14:21.083 | INFO     | scanner:run_scan:98 - Starting Nifty 200 strategy scan...
2026-08-01 14:15:41.336 | ERROR    | api.upstox_client:get:47 - Request failed for /historical-candle/NSE_EQ|INE129A01019/day/2026-08-01/2026-08-01: RemoteProtocolError: Server disconnected without sending a response.
2026-08-01 14:15:43.657 | ERROR    | api.upstox_client:get:47 - Request failed for /historical-candle/NSE_EQ|INE200A01026/day/2026-08-01/2026-08-01: RemoteProtocolError: Server disconnected without sending a response.
2026-08-01 14:17:34.352 | ERROR    | api.upstox_client:get:47 - Request failed for /historical-candle/NSE_EQ|INE114A01011/day/2026-08-01/2026-08-01: ConnectError: 
2026-08-01 14:17:56.160 | INFO     | scanner:run_scan:119 - Scan complete: 199 stocks processed
2026-08-01 14:29:46.338 | INFO     | scanner:run_scan:162 - Starting full Nifty 200 strategy scan...
2026-08-01 14:29:48.419 | INFO     | services.instruments:_get_upstox_instrument_master:73 - Loaded 9483 NSE EQ instruments from Upstox master
2026-08-01 14:29:58.313 | INFO     | services.instruments:fetch_index_constituents:151 - Loaded 200 constituents for NIFTY 200
2026-08-01 14:29:59.378 | ERROR    | api.upstox_client:get:43 - HTTP 400 for /market-quote/ohlc: {"status":"error","errors":[{"errorCode":"UDAPI1028","message":"Invalid interval","propertyPath":"getOHLC.interval","invalidValue":"1day","error_code":"UDAPI1028","property_path":"getOHLC.interval","i
2026-08-01 14:29:59.380 | INFO     | scanner:run_scan:173 - Bulk prefetch: 0 candles cached
2026-08-01 14:31:21.824 | ERROR    | api.upstox_client:get:47 - Request failed for /historical-candle/NSE_EQ|INE466L01038/day/2026-08-01/2026-08-01: ConnectError: 
2026-08-01 14:31:35.770 | ERROR    | api.upstox_client:get:47 - Request failed for /historical-candle/NSE_EQ|INE059A01026/day/2026-08-01/2026-08-01: ReadError: 
2026-08-01 14:31:39.715 | ERROR    | api.upstox_client:get:47 - Request failed for /historical-candle/NSE_EQ|INE935N01020/day/2026-08-01/2026-08-01: ConnectTimeout: 
2026-08-01 14:31:39.758 | ERROR    | api.upstox_client:get:47 - Request failed for /historical-candle/NSE_EQ|INE388Y01029/day/2026-08-01/2026-08-01: ConnectTimeout: 
2026-08-01 14:31:39.798 | ERROR    | api.upstox_client:get:47 - Request failed for /historical-candle/NSE_EQ|INE758T01015/day/2026-08-01/2026-08-01: ConnectTimeout: 
2026-08-01 14:31:39.840 | ERROR    | api.upstox_client:get:47 - Request failed for /historical-candle/NSE_EQ|INE129A01019/day/2026-08-01/2026-08-01: ConnectTimeout: 
2026-08-01 14:31:39.880 | ERROR    | api.upstox_client:get:47 - Request failed for /historical-candle/NSE_EQ|INE200A01026/day/2026-08-01/2026-08-01: ConnectTimeout: 
2026-08-01 14:31:39.920 | ERROR    | api.upstox_client:get:47 - Request failed for /historical-candle/NSE_EQ|INE089A01031/day/2026-08-01/2026-08-01: ConnectTimeout: 
2026-08-01 14:31:39.961 | ERROR    | api.upstox_client:get:47 - Request failed for /historical-candle/NSE_EQ|INE066A01021/day/2026-08-01/2026-08-01: ConnectTimeout: 
2026-08-01 14:31:40.001 | ERROR    | api.upstox_client:get:47 - Request failed for /historical-candle/NSE_EQ|INE102D01028/day/2026-08-01/2026-08-01: ConnectTimeout: 
2026-08-01 14:31:40.042 | ERROR    | api.upstox_client:get:47 - Request failed for /historical-candle/NSE_EQ|INE260B01028/day/2026-08-01/2026-08-01: ConnectTimeout: 
2026-08-01 14:31:40.082 | ERROR    | api.upstox_client:get:47 - Request failed for /historical-candle/NSE_EQ|INE302A01020/day/2026-08-01/2026-08-01: ConnectTimeout: 
2026-08-01 14:31:40.123 | ERROR    | api.upstox_client:get:47 - Request failed for /historical-candle/NSE_EQ|INE171A01029/day/2026-08-01/2026-08-01: ConnectTimeout: 
2026-08-01 14:31:40.165 | ERROR    | api.upstox_client:get:47 - Request failed for /historical-candle/NSE_EQ|INE061F01013/day/2026-08-01/2026-08-01: ConnectTimeout: 
2026-08-01 14:31:40.206 | ERROR    | api.upstox_client:get:47 - Request failed for /historical-candle/NSE_EQ|INE935A01035/day/2026-08-01/2026-08-01: ConnectTimeout: 
2026-08-01 14:31:40.246 | ERROR    | api.upstox_client:get:47 - Request failed for /historical-candle/NSE_EQ|INE776C01039/day/2026-08-01/2026-08-01: ConnectTimeout: 
2026-08-01 14:31:40.287 | ERROR    | api.upstox_client:get:47 - Request failed for /historical-candle/NSE_EQ|INE361B01024/day/2026-08-01/2026-08-01: ConnectTimeout: 
2026-08-01 14:31:40.330 | ERROR    | api.upstox_client:get:47 - Request failed for /historical-candle/NSE_EQ|INE016A01026/day/2026-08-01/2026-08-01: ConnectTimeout: 
2026-08-01 14:31:55.715 | ERROR    | api.upstox_client:get:47 - Request failed for /historical-candle/NSE_EQ|INE047A01021/day/2026-08-01/2026-08-01: ConnectTimeout: 
2026-08-01 14:31:55.764 | ERROR    | api.upstox_client:get:47 - Request failed for /historical-candle/NSE_EQ|INE484J01027/day/2026-08-01/2026-08-01: ConnectTimeout: 
2026-08-01 14:31:55.811 | ERROR    | api.upstox_client:get:47 - Request failed for /historical-candle/NSE_EQ|INE860A01027/day/2026-08-01/2026-08-01: ConnectTimeout: 
2026-08-01 14:31:58.748 | ERROR    | api.upstox_client:get:47 - Request failed for /historical-candle/NSE_EQ|INE176B01034/day/2026-08-01/2026-08-01: ConnectTimeout: 
2026-08-01 14:31:58.791 | ERROR    | api.upstox_client:get:47 - Request failed for /historical-candle/NSE_EQ|INE038A01020/day/2026-08-01/2026-08-01: ConnectTimeout: 
2026-08-01 14:31:58.830 | ERROR    | api.upstox_client:get:47 - Request failed for /historical-candle/NSE_EQ|INE158A01026/day/2026-08-01/2026-08-01: ConnectTimeout: 
2026-08-01 14:31:58.870 | ERROR    | api.upstox_client:get:47 - Request failed for /historical-candle/NSE_EQ|INE094A01015/day/2026-08-01/2026-08-01: ConnectTimeout: 
2026-08-01 14:31:58.909 | ERROR    | api.upstox_client:get:47 - Request failed for /historical-candle/NSE_EQ|INE0V6F01027/day/2026-08-01/2026-08-01: ConnectTimeout: 
2026-08-01 14:31:58.948 | ERROR    | api.upstox_client:get:47 - Request failed for /historical-candle/NSE_EQ|INE066F01020/day/2026-08-01/2026-08-01: ConnectTimeout: 
2026-08-01 14:31:58.989 | ERROR    | api.upstox_client:get:47 - Request failed for /historical-candle/NSE_EQ|INE030A01027/day/2026-08-01/2026-08-01: ConnectTimeout: 
2026-08-01 14:31:59.028 | ERROR    | api.upstox_client:get:47 - Request failed for /historical-candle/NSE_EQ|INE267A01025/day/2026-08-01/2026-08-01: ConnectTimeout: 
2026-08-01 14:31:59.075 | ERROR    | api.upstox_client:get:47 - Request failed for /historical-candle/NSE_EQ|INE07Y701011/day/2026-08-01/2026-08-01: ConnectTimeout: 
2026-08-01 14:31:59.114 | ERROR    | api.upstox_client:get:47 - Request failed for /historical-candle/NSE_EQ|INE031A01017/day/2026-08-01/2026-08-01: ConnectTimeout: 
2026-08-01 14:32:08.787 | ERROR    | api.upstox_client:get:47 - Request failed for /historical-candle/NSE_EQ|INE127D01025/day/2026-08-01/2026-08-01: ConnectError: 
2026-08-01 14:32:08.833 | ERROR    | api.upstox_client:get:47 - Request failed for /historical-candle/NSE_EQ|INE795G01014/day/2026-08-01/2026-08-01: ConnectError: 
2026-08-01 14:32:08.877 | ERROR    | api.upstox_client:get:47 - Request failed for /historical-candle/NSE_EQ|INE040A01034/day/2026-08-01/2026-08-01: ConnectError: 
2026-08-01 14:32:11.807 | ERROR    | api.upstox_client:get:47 - Request failed for /historical-candle/NSE_EQ|INE765G01017/day/2026-08-01/2026-08-01: ConnectError: 
2026-08-01 14:32:11.850 | ERROR    | api.upstox_client:get:47 - Request failed for /historical-candle/NSE_EQ|INE090A01021/day/2026-08-01/2026-08-01: ConnectError: 
2026-08-01 14:32:11.892 | ERROR    | api.upstox_client:get:47 - Request failed for /historical-candle/NSE_EQ|INE242A01010/day/2026-08-01/2026-08-01: ConnectError: 
2026-08-01 14:32:11.935 | ERROR    | api.upstox_client:get:47 - Request failed for /historical-candle/NSE_EQ|INE053A01029/day/2026-08-01/2026-08-01: ConnectError: 
2026-08-01 14:32:11.980 | ERROR    | api.upstox_client:get:47 - Request failed for /historical-candle/NSE_EQ|INE562A01011/day/2026-08-01/2026-08-01: ConnectError: 
2026-08-01 14:32:12.025 | ERROR    | api.upstox_client:get:47 - Request failed for /historical-candle/NSE_EQ|INE335Y01020/day/2026-08-01/2026-08-01: ConnectError: 
2026-08-01 14:32:12.070 | ERROR    | api.upstox_client:get:47 - Request failed for /historical-candle/NSE_EQ|INE202E01016/day/2026-08-01/2026-08-01: ConnectTimeout: 
2026-08-01 14:32:12.120 | ERROR    | api.upstox_client:get:47 - Request failed for /historical-candle/NSE_EQ|INE154A01025/day/2026-08-01/2026-08-01: ConnectTimeout: 
2026-08-01 14:32:12.164 | ERROR    | api.upstox_client:get:47 - Request failed for /historical-candle/NSE_EQ|INE092T01019/day/2026-08-01/2026-08-01: ConnectTimeout: 
2026-08-01 14:32:12.209 | ERROR    | api.upstox_client:get:47 - Request failed for /historical-candle/NSE_EQ|INE346A01027/day/2026-08-01/2026-08-01: ConnectTimeout: 
2026-08-01 14:32:12.253 | ERROR    | api.upstox_client:get:47 - Request failed for /historical-candle/NSE_EQ|INE121J01017/day/2026-08-01/2026-08-01: ConnectTimeout: 
2026-08-01 14:32:12.298 | ERROR    | api.upstox_client:get:47 - Request failed for /historical-candle/NSE_EQ|INE053F01010/day/2026-08-01/2026-08-01: ConnectTimeout: 
2026-08-01 14:32:12.345 | ERROR    | api.upstox_client:get:47 - Request failed for /historical-candle/NSE_EQ|INE095A01012/day/2026-08-01/2026-08-01: ConnectTimeout: 
2026-08-01 14:32:12.388 | ERROR    | api.upstox_client:get:47 - Request failed for /historical-candle/NSE_EQ|INE663F01032/day/2026-08-01/2026-08-01: ConnectTimeout: 
2026-08-01 14:32:26.128 | ERROR    | api.upstox_client:get:47 - Request failed for /historical-candle/NSE_EQ|INE019A01038/day/2026-08-01/2026-08-01: ConnectTimeout: 
2026-08-01 14:32:27.162 | ERROR    | api.upstox_client:get:47 - Request failed for /historical-candle/NSE_EQ|INE009A01021/day/2026-08-01/2026-08-01: ConnectError: 
2026-08-01 14:32:27.206 | ERROR    | api.upstox_client:get:47 - Request failed for /historical-candle/NSE_EQ|INE646L01027/day/2026-08-01/2026-08-01: ConnectError: 
2026-08-01 14:32:27.248 | ERROR    | api.upstox_client:get:47 - Request failed for /historical-candle/NSE_EQ|INE121E01018/day/2026-08-01/2026-08-01: ConnectError: 
2026-08-01 14:32:27.293 | ERROR    | api.upstox_client:get:47 - Request failed for /historical-candle/NSE_EQ|INE947Q01028/day/2026-08-01/2026-08-01: ConnectTimeout: 
2026-08-01 14:32:27.333 | ERROR    | api.upstox_client:get:47 - Request failed for /historical-candle/NSE_EQ|INE018A01030/day/2026-08-01/2026-08-01: ConnectTimeout: 
2026-08-01 14:32:27.373 | ERROR    | api.upstox_client:get:47 - Request failed for /historical-candle/NSE_EQ|INE956O01016/day/2026-08-01/2026-08-01: ConnectTimeout: 
2026-08-01 14:32:27.413 | ERROR    | api.upstox_client:get:47 - Request failed for /historical-candle/NSE_EQ|INE237A01036/day/2026-08-01/2026-08-01: ConnectTimeout: 
2026-08-01 14:32:27.453 | ERROR    | api.upstox_client:get:47 - Request failed for /historical-candle/NSE_EQ|INE326A01037/day/2026-08-01/2026-08-01: ConnectTimeout: 
2026-08-01 14:32:27.495 | ERROR    | api.upstox_client:get:47 - Request failed for /historical-candle/NSE_EQ|INE214T01019/day/2026-08-01/2026-08-01: ConnectTimeout: 
2026-08-01 14:32:27.535 | ERROR    | api.upstox_client:get:47 - Request failed for /historical-candle/NSE_EQ|INE670K01029/day/2026-08-01/2026-08-01: ConnectTimeout: 
2026-08-01 14:32:37.184 | ERROR    | api.upstox_client:get:47 - Request failed for /historical-candle/NSE_EQ|INE758E01017/day/2026-08-01/2026-08-01: ConnectTimeout: 
2026-08-01 14:32:37.226 | ERROR    | api.upstox_client:get:47 - Request failed for /historical-candle/NSE_EQ|INE749A01030/day/2026-08-01/2026-08-01: ConnectTimeout: 
2026-08-01 14:32:37.266 | ERROR    | api.upstox_client:get:47 - Request failed for /historical-candle/NSE_EQ|INE303R01014/day/2026-08-01/2026-08-01: ConnectTimeout: 
2026-08-01 14:32:37.307 | ERROR    | api.upstox_client:get:47 - Request failed for /historical-candle/NSE_EQ|INE878B01027/day/2026-08-01/2026-08-01: ConnectTimeout: 
2026-08-01 14:32:37.348 | ERROR    | api.upstox_client:get:47 - Request failed for /historical-candle/NSE_EQ|INE498L01015/day/2026-08-01/2026-08-01: ConnectTimeout: 
2026-08-01 14:32:37.391 | ERROR    | api.upstox_client:get:47 - Request failed for /historical-candle/NSE_EQ|INE115A01026/day/2026-08-01/2026-08-01: ConnectTimeout: 
2026-08-01 14:32:37.432 | ERROR    | api.upstox_client:get:47 - Request failed for /historical-candle/NSE_EQ|INE797F01020/day/2026-08-01/2026-08-01: ConnectTimeout: 
2026-08-01 14:32:37.474 | ERROR    | api.upstox_client:get:47 - Request failed for /historical-candle/NSE_EQ|INE04I401011/day/2026-08-01/2026-08-01: ConnectTimeout: 
2026-08-01 14:32:37.515 | ERROR    | api.upstox_client:get:47 - Request failed for /historical-candle/NSE_EQ|INE324D01010/day/2026-08-01/2026-08-01: ConnectTimeout: 
2026-08-01 14:32:46.218 | ERROR    | api.upstox_client:get:47 - Request failed for /historical-candle/NSE_EQ|INE883A01011/day/2026-08-01/2026-08-01: ConnectTimeout: 
2026-08-01 14:32:46.260 | ERROR    | api.upstox_client:get:47 - Request failed for /historical-candle/NSE_EQ|INE774D01024/day/2026-08-01/2026-08-01: ConnectTimeout: 
2026-08-01 14:32:46.303 | ERROR    | api.upstox_client:get:47 - Request failed for /historical-candle/NSE_EQ|INE101A01026/day/2026-08-01/2026-08-01: ConnectTimeout: 
2026-08-01 14:32:49.320 | ERROR    | api.upstox_client:get:47 - Request failed for /historical-candle/NSE_EQ|INE848E01016/day/2026-08-01/2026-08-01: ConnectTimeout: 
2026-08-01 14:32:49.362 | ERROR    | api.upstox_client:get:47 - Request failed for /historical-candle/NSE_EQ|INE584A01023/day/2026-08-01/2026-08-01: ConnectTimeout: 
2026-08-01 14:32:49.404 | ERROR    | api.upstox_client:get:47 - Request failed for /historical-candle/NSE_EQ|INE733E01010/day/2026-08-01/2026-08-01: ConnectTimeout: 
2026-08-01 14:32:49.450 | ERROR    | api.upstox_client:get:47 - Request failed for /historical-candle/NSE_EQ|INE634S01028/day/2026-08-01/2026-08-01: ConnectError: 
2026-08-01 14:32:49.492 | ERROR    | api.upstox_client:get:47 - Request failed for /historical-candle/NSE_EQ|INE196A01026/day/2026-08-01/2026-08-01: ConnectError: 
2026-08-01 14:32:49.536 | ERROR    | api.upstox_client:get:47 - Request failed for /historical-candle/NSE_EQ|INE180A01020/day/2026-08-01/2026-08-01: ConnectError: 
2026-08-01 14:32:49.579 | ERROR    | api.upstox_client:get:47 - Request failed for /historical-candle/NSE_EQ|INE585B01010/day/2026-08-01/2026-08-01: ConnectError: 
2026-08-01 14:32:49.625 | ERROR    | api.upstox_client:get:47 - Request failed for /historical-candle/NSE_EQ|INE027H01010/day/2026-08-01/2026-08-01: ConnectError: 
2026-08-01 14:32:49.668 | ERROR    | api.upstox_client:get:47 - Request failed for /historical-candle/NSE_EQ|INE338I01027/day/2026-08-01/2026-08-01: ConnectError: 
2026-08-01 14:32:49.710 | ERROR    | api.upstox_client:get:47 - Request failed for /historical-candle/NSE_EQ|INE745G01043/day/2026-08-01/2026-08-01: ConnectError: 
2026-08-01 14:32:59.529 | ERROR    | api.upstox_client:get:47 - Request failed for /historical-candle/NSE_EQ|INE249Z01020/day/2026-08-01/2026-08-01: ConnectError: 
2026-08-01 14:32:59.576 | ERROR    | api.upstox_client:get:47 - Request failed for /historical-candle/NSE_EQ|INE356A01018/day/2026-08-01/2026-08-01: ConnectError: 
2026-08-01 14:32:59.618 | ERROR    | api.upstox_client:get:47 - Request failed for /historical-candle/NSE_EQ|INE414G01012/day/2026-08-01/2026-08-01: ConnectError: 
2026-08-01 14:33:02.627 | ERROR    | api.upstox_client:get:47 - Request failed for /historical-candle/NSE_EQ|INE093I01010/day/2026-08-01/2026-08-01: ConnectError: 
2026-08-01 14:33:02.673 | ERROR    | api.upstox_client:get:47 - Request failed for /historical-candle/NSE_EQ|INE274J01014/day/2026-08-01/2026-08-01: ConnectError: 
2026-08-01 14:33:02.717 | ERROR    | api.upstox_client:get:47 - Request failed for /historical-candle/NSE_EQ|INE982J01020/day/2026-08-01/2026-08-01: ConnectError: 
2026-08-01 14:33:02.761 | ERROR    | api.upstox_client:get:47 - Request failed for /historical-candle/NSE_EQ|INE211B01039/day/2026-08-01/2026-08-01: ConnectError: 
2026-08-01 14:33:02.806 | ERROR    | api.upstox_client:get:47 - Request failed for /historical-candle/NSE_EQ|INE619A01035/day/2026-08-01/2026-08-01: ConnectError: 
2026-08-01 14:33:02.849 | ERROR    | api.upstox_client:get:47 - Request failed for /historical-candle/NSE_EQ|INE455K01017/day/2026-08-01/2026-08-01: ConnectTimeout: 
2026-08-01 14:33:02.900 | ERROR    | api.upstox_client:get:47 - Request failed for /historical-candle/NSE_EQ|INE139A01034/day/2026-08-01/2026-08-01: ConnectError: 
2026-08-01 14:33:04.884 | ERROR    | api.upstox_client:get:47 - Request failed for /historical-candle/NSE_EQ|INE239A01024/day/2026-08-01/2026-08-01: ConnectError: 
2026-08-01 14:33:05.938 | ERROR    | api.upstox_client:get:47 - Request failed for /historical-candle/NSE_EQ|INE417T01026/day/2026-08-01/2026-08-01: ConnectError: 
2026-08-01 14:33:07.910 | ERROR    | api.upstox_client:get:47 - Request failed for /historical-candle/NSE_EQ|INE213A01029/day/2026-08-01/2026-08-01: ConnectError: 
2026-08-01 14:33:07.953 | ERROR    | api.upstox_client:get:47 - Request failed for /historical-candle/NSE_EQ|INE603J01030/day/2026-08-01/2026-08-01: ConnectError: 
2026-08-01 14:33:07.995 | ERROR    | api.upstox_client:get:47 - Request failed for /historical-candle/NSE_EQ|INE881D01027/day/2026-08-01/2026-08-01: ConnectError: 
2026-08-01 14:33:08.039 | ERROR    | api.upstox_client:get:47 - Request failed for /historical-candle/NSE_EQ|INE262H01021/day/2026-08-01/2026-08-01: ConnectError: 
2026-08-01 14:33:08.082 | ERROR    | api.upstox_client:get:47 - Request failed for /historical-candle/NSE_EQ|INE761H01022/day/2026-08-01/2026-08-01: ConnectError: 
2026-08-01 14:33:08.124 | ERROR    | api.upstox_client:get:47 - Request failed for /historical-candle/NSE_EQ|INE318A01026/day/2026-08-01/2026-08-01: ConnectError: 
2026-08-01 14:33:18.019 | ERROR    | api.upstox_client:get:47 - Request failed for /historical-candle/NSE_EQ|INE1NPP01017/day/2026-08-01/2026-08-01: ConnectTimeout: 
2026-08-01 14:33:18.061 | ERROR    | api.upstox_client:get:47 - Request failed for /historical-candle/NSE_EQ|INE752E01010/day/2026-08-01/2026-08-01: ConnectError: 
2026-08-01 14:33:18.106 | ERROR    | api.upstox_client:get:47 - Request failed for /historical-candle/NSE_EQ|INE160A01022/day/2026-08-01/2026-08-01: ConnectError: 
2026-08-01 14:33:18.150 | ERROR    | api.upstox_client:get:47 - Request failed for /historical-candle/NSE_EQ|INE811K01011/day/2026-08-01/2026-08-01: ConnectError: 
2026-08-01 14:33:18.192 | ERROR    | api.upstox_client:get:47 - Request failed for /historical-candle/NSE_EQ|INE134E01011/day/2026-08-01/2026-08-01: ConnectError: 
2026-08-01 14:33:18.236 | ERROR    | api.upstox_client:get:47 - Request failed for /historical-candle/NSE_EQ|INE0BS701011/day/2026-08-01/2026-08-01: ConnectError: 
2026-08-01 14:33:18.280 | ERROR    | api.upstox_client:get:47 - Request failed for /historical-candle/NSE_EQ|INE415G01027/day/2026-08-01/2026-08-01: ConnectError: 
2026-08-01 14:33:18.323 | ERROR    | api.upstox_client:get:47 - Request failed for /historical-candle/NSE_EQ|INE018E01016/day/2026-08-01/2026-08-01: ConnectError: 
2026-08-01 14:33:18.366 | ERROR    | api.upstox_client:get:47 - Request failed for /historical-candle/NSE_EQ|INE944F01028/day/2026-08-01/2026-08-01: ConnectError: 
2026-08-01 14:33:18.408 | ERROR    | api.upstox_client:get:47 - Request failed for /historical-candle/NSE_EQ|INE002A01018/day/2026-08-01/2026-08-01: ConnectError: 
2026-08-01 14:33:18.451 | ERROR    | api.upstox_client:get:47 - Request failed for /historical-candle/NSE_EQ|INE020B01018/day/2026-08-01/2026-08-01: ConnectError: 
2026-08-01 14:33:18.505 | ERROR    | api.upstox_client:get:47 - Request failed for /historical-candle/NSE_EQ|INE647A01010/day/2026-08-01/2026-08-01: ConnectError: 
2026-08-01 14:33:18.551 | ERROR    | api.upstox_client:get:47 - Request failed for /historical-candle/NSE_EQ|INE070A01015/day/2026-08-01/2026-08-01: ConnectError: 
2026-08-01 14:33:18.594 | ERROR    | api.upstox_client:get:47 - Request failed for /historical-candle/NSE_EQ|INE775A08105/day/2026-08-01/2025-11-14: ConnectError: 
2026-08-01 14:33:18.603 | ERROR    | api.upstox_client:get:47 - Request failed for /historical-candle/NSE_EQ|INE721A01047/day/2026-08-01/2026-08-01: ConnectError: 
2026-08-01 14:33:18.650 | ERROR    | api.upstox_client:get:47 - Request failed for /historical-candle/NSE_EQ|INE343H01029/day/2026-08-01/2026-08-01: ConnectError: 
2026-08-01 14:33:19.666 | ERROR    | api.upstox_client:get:47 - Request failed for /historical-candle/NSE_EQ|INE062A01020/day/2026-08-01/2026-08-01: ConnectError: 
2026-08-01 14:33:21.652 | ERROR    | api.upstox_client:get:47 - Request failed for /historical-candle/NSE_EQ|INE123W01016/day/2026-08-01/2026-08-01: ConnectError: 
2026-08-01 14:33:21.696 | ERROR    | api.upstox_client:get:47 - Request failed for /historical-candle/NSE_EQ|INE003A01024/day/2026-08-01/2026-08-01: ConnectError: 
2026-08-01 14:33:21.742 | ERROR    | api.upstox_client:get:47 - Request failed for /historical-candle/NSE_EQ|INE114A01011/day/2026-08-01/2026-08-01: ConnectError: 
2026-08-01 14:33:21.787 | ERROR    | api.upstox_client:get:47 - Request failed for /historical-candle/NSE_EQ|INE044A01036/day/2026-08-01/2026-08-01: ConnectError: 
2026-08-01 14:33:21.829 | ERROR    | api.upstox_client:get:47 - Request failed for /historical-candle/NSE_EQ|INE195A01028/day/2026-08-01/2026-08-01: ConnectError: 
2026-08-01 14:33:21.901 | ERROR    | api.upstox_client:get:47 - Request failed for /historical-candle/NSE_EQ|INE976I01016/day/2026-08-01/2026-08-01: ConnectError: 
2026-08-01 14:33:21.945 | ERROR    | api.upstox_client:get:47 - Request failed for /historical-candle/NSE_EQ|INE151A01013/day/2026-08-01/2026-08-01: ConnectError: 
2026-08-01 14:33:21.990 | ERROR    | api.upstox_client:get:47 - Request failed for /historical-candle/NSE_EQ|INE467B01029/day/2026-08-01/2026-08-01: ConnectError: 
2026-08-01 14:33:22.033 | ERROR    | api.upstox_client:get:47 - Request failed for /historical-candle/NSE_EQ|INE670A01012/day/2026-08-01/2026-08-01: ConnectError: 
2026-08-01 14:33:22.075 | ERROR    | api.upstox_client:get:47 - Request failed for /historical-candle/NSE_EQ|INE192A01025/day/2026-08-01/2026-08-01: ConnectError: 
2026-08-01 14:33:22.120 | ERROR    | api.upstox_client:get:47 - Request failed for /historical-candle/NSE_EQ|INE672A01026/day/2026-08-01/2026-08-01: ConnectError: 
2026-08-01 14:33:22.164 | ERROR    | api.upstox_client:get:47 - Request failed for /historical-candle/NSE_EQ|INE1TAE01010/day/2026-08-01/2026-08-01: ConnectError: 
2026-08-01 14:33:22.211 | ERROR    | api.upstox_client:get:47 - Request failed for /historical-candle/NSE_EQ|INE040H01021/day/2026-08-01/2026-08-01: ConnectError: 
2026-08-01 14:33:22.257 | ERROR    | api.upstox_client:get:47 - Request failed for /historical-candle/NSE_EQ|INE00H001014/day/2026-08-01/2026-08-01: ConnectError: 
2026-08-01 14:33:22.308 | ERROR    | api.upstox_client:get:47 - Request failed for /historical-candle/NSE_EQ|INE494B01023/day/2026-08-01/2026-08-01: ConnectError: 
2026-08-01 14:33:23.817 | INFO     | scanner:run_scan:191 - Scan complete: 199 stocks processed and cached
2026-08-01 14:33:35.206 | INFO     | news:fetch_news:156 - Fetched 84 unique news items
2026-08-01 14:42:47.830 | INFO     | services.instruments:_get_upstox_instrument_master:73 - Loaded 9483 NSE EQ instruments from Upstox master
2026-08-01 14:42:50.638 | INFO     | services.instruments:fetch_index_constituents:151 - Loaded 200 constituents for NIFTY 200
2026-08-01 14:43:05.664 | INFO     | news:fetch_news:156 - Fetched 84 unique news items
2026-08-01 14:47:49.828 | INFO     | services.instruments:_get_upstox_instrument_master:73 - Loaded 9483 NSE EQ instruments from Upstox master
2026-08-01 14:47:52.579 | INFO     | services.instruments:fetch_index_constituents:151 - Loaded 200 constituents for NIFTY 200
2026-08-01 14:48:02.034 | INFO     | news:fetch_news:156 - Fetched 84 unique news items
2026-08-01 14:51:36.598 | INFO     | services.instruments:_get_upstox_instrument_master:73 - Loaded 9483 NSE EQ instruments from Upstox master
2026-08-01 14:51:39.236 | INFO     | services.instruments:fetch_index_constituents:151 - Loaded 200 constituents for NIFTY 200
2026-08-01 14:51:48.396 | INFO     | news:fetch_news:156 - Fetched 84 unique news items
2026-08-01 14:55:31.592 | INFO     | services.instruments:_get_upstox_instrument_master:73 - Loaded 9483 NSE EQ instruments from Upstox master
2026-08-01 14:55:34.384 | INFO     | services.instruments:fetch_index_constituents:151 - Loaded 200 constituents for NIFTY 200
2026-08-01 14:55:44.613 | INFO     | news:fetch_news:156 - Fetched 84 unique news items
2026-08-01 15:04:27.727 | INFO     | services.instruments:_get_upstox_instrument_master:73 - Loaded 9483 NSE EQ instruments from Upstox master
2026-08-01 15:04:30.482 | INFO     | services.instruments:fetch_index_constituents:151 - Loaded 200 constituents for NIFTY 200
2026-08-01 15:04:32.094 | INFO     | news:fetch_news:156 - Fetched 84 unique news items
2026-08-01 15:07:03.382 | WARNING  | services.instruments:_get_upstox_instrument_master:76 - Upstox instrument master fetch failed: 
2026-08-01 15:07:05.276 | INFO     | services.instruments:fetch_index_constituents:151 - Loaded 200 constituents for NIFTY 200
2026-08-01 15:07:07.106 | INFO     | news:fetch_news:156 - Fetched 84 unique news items
2026-08-01 15:43:33.797 | ERROR    | api.upstox_client:get:80 - HTTP 401 for /market-quote/quotes: {"status":"error","errors":[{"errorCode":"UDAPI100050","message":"Invalid token used to access API","propertyPath":null,"invalidValue":null,"error_code":"UDAPI100050","property_path":null,"invalid_val
2026-08-01 17:05:16.815 | ERROR    | api.upstox_client:get:80 - HTTP 401 for /market-quote/quotes: {"status":"error","errors":[{"errorCode":"UDAPI100050","message":"Invalid token used to access API","propertyPath":null,"invalidValue":null,"error_code":"UDAPI100050","property_path":null,"invalid_val
2026-08-01 17:05:27.864 | ERROR    | api.upstox_client:get:80 - HTTP 401 for /market-quote/quotes: {"status":"error","errors":[{"errorCode":"UDAPI100050","message":"Invalid token used to access API","propertyPath":null,"invalidValue":null,"error_code":"UDAPI100050","property_path":null,"invalid_val
2026-08-01 17:07:37.116 | ERROR    | api.upstox_client:get:80 - HTTP 401 for /market-quote/quotes: {"status":"error","errors":[{"errorCode":"UDAPI100050","message":"Invalid token used to access API","propertyPath":null,"invalidValue":null,"error_code":"UDAPI100050","property_path":null,"invalid_val
2026-08-01 17:07:46.400 | INFO     | services.instruments:_get_upstox_instrument_master:73 - Loaded 9483 NSE EQ instruments from Upstox master
2026-08-01 17:07:48.621 | INFO     | services.instruments:fetch_index_constituents:151 - Loaded 200 constituents for NIFTY 200
2026-08-01 17:07:49.540 | INFO     | news:fetch_news:156 - Fetched 64 unique news items
2026-08-01 17:08:13.389 | ERROR    | api.upstox_client:get:80 - HTTP 401 for /market-quote/quotes: {"status":"error","errors":[{"errorCode":"UDAPI100050","message":"Invalid token used to access API","propertyPath":null,"invalidValue":null,"error_code":"UDAPI100050","property_path":null,"invalid_val
2026-08-01 17:11:40.250 | ERROR    | api.upstox_client:get:80 - HTTP 401 for /market-quote/quotes: {"status":"error","errors":[{"errorCode":"UDAPI100050","message":"Invalid token used to access API","propertyPath":null,"invalidValue":null,"error_code":"UDAPI100050","property_path":null,"invalid_val
2026-08-01 17:13:31.284 | ERROR    | api.upstox_client:get:80 - HTTP 401 for /market-quote/quotes: {"status":"error","errors":[{"errorCode":"UDAPI100050","message":"Invalid token used to access API","propertyPath":null,"invalidValue":null,"error_code":"UDAPI100050","property_path":null,"invalid_val
2026-08-01 17:13:41.957 | INFO     | services.instruments:_get_upstox_instrument_master:73 - Loaded 9483 NSE EQ instruments from Upstox master
2026-08-01 17:13:44.217 | INFO     | services.instruments:fetch_index_constituents:151 - Loaded 200 constituents for NIFTY 200
2026-08-01 17:13:45.206 | INFO     | news:fetch_news:156 - Fetched 64 unique news items
2026-08-01 17:15:08.963 | ERROR    | api.upstox_client:get:80 - HTTP 401 for /market-quote/quotes: {"status":"error","errors":[{"errorCode":"UDAPI100050","message":"Invalid token used to access API","propertyPath":null,"invalidValue":null,"error_code":"UDAPI100050","property_path":null,"invalid_val
2026-08-01 17:15:18.381 | INFO     | news:fetch_news:156 - Fetched 64 unique news items
2026-08-01 17:17:45.646 | INFO     | news:fetch_news:156 - Fetched 64 unique news items
2026-08-01 17:56:28.012 | ERROR    | api.upstox_client:get:80 - HTTP 401 for /market-quote/quotes: {"status":"error","errors":[{"errorCode":"UDAPI100050","message":"Invalid token used to access API","propertyPath":null,"invalidValue":null,"error_code":"UDAPI100050","property_path":null,"invalid_val
2026-08-01 17:56:39.198 | ERROR    | api.upstox_client:get:80 - HTTP 401 for /market-quote/quotes: {"status":"error","errors":[{"errorCode":"UDAPI100050","message":"Invalid token used to access API","propertyPath":null,"invalidValue":null,"error_code":"UDAPI100050","property_path":null,"invalid_val
2026-08-01 17:56:53.507 | INFO     | services.instruments:_get_upstox_instrument_master:73 - Loaded 9483 NSE EQ instruments from Upstox master
2026-08-01 17:56:55.871 | INFO     | services.instruments:fetch_index_constituents:151 - Loaded 200 constituents for NIFTY 200
2026-08-01 17:56:57.134 | INFO     | news:fetch_news:156 - Fetched 64 unique news items
2026-08-01 17:58:44.439 | ERROR    | api.upstox_client:get:80 - HTTP 401 for /market-quote/quotes: {"status":"error","errors":[{"errorCode":"UDAPI100050","message":"Invalid token used to access API","propertyPath":null,"invalidValue":null,"error_code":"UDAPI100050","property_path":null,"invalid_val
2026-08-01 17:59:02.313 | ERROR    | api.upstox_client:get:80 - HTTP 401 for /market-quote/quotes: {"status":"error","errors":[{"errorCode":"UDAPI100050","message":"Invalid token used to access API","propertyPath":null,"invalidValue":null,"error_code":"UDAPI100050","property_path":null,"invalid_val
2026-08-01 17:59:10.964 | INFO     | services.instruments:_get_upstox_instrument_master:73 - Loaded 9483 NSE EQ instruments from Upstox master
2026-08-01 17:59:13.346 | INFO     | services.instruments:fetch_index_constituents:151 - Loaded 200 constituents for NIFTY 200
2026-08-01 17:59:13.527 | ERROR    | api.upstox_client:get:80 - HTTP 401 for /market-quote/quotes: {"status":"error","errors":[{"errorCode":"UDAPI100050","message":"Invalid token used to access API","propertyPath":null,"invalidValue":null,"error_code":"UDAPI100050","property_path":null,"invalid_val
2026-08-01 17:59:24.617 | ERROR    | api.upstox_client:get:80 - HTTP 401 for /market-quote/quotes: {"status":"error","errors":[{"errorCode":"UDAPI100050","message":"Invalid token used to access API","propertyPath":null,"invalidValue":null,"error_code":"UDAPI100050","property_path":null,"invalid_val
2026-08-01 18:00:02.194 | ERROR    | api.upstox_client:get:80 - HTTP 401 for /market-quote/quotes: {"status":"error","errors":[{"errorCode":"UDAPI100050","message":"Invalid token used to access API","propertyPath":null,"invalidValue":null,"error_code":"UDAPI100050","property_path":null,"invalid_val
2026-08-01 18:02:43.409 | ERROR    | api.upstox_client:get:80 - HTTP 401 for /market-quote/quotes: {"status":"error","errors":[{"errorCode":"UDAPI100050","message":"Invalid token used to access API","propertyPath":null,"invalidValue":null,"error_code":"UDAPI100050","property_path":null,"invalid_val
2026-08-01 18:02:53.936 | ERROR    | api.upstox_client:get:80 - HTTP 401 for /market-quote/quotes: {"status":"error","errors":[{"errorCode":"UDAPI100050","message":"Invalid token used to access API","propertyPath":null,"invalidValue":null,"error_code":"UDAPI100050","property_path":null,"invalid_val
2026-08-01 18:02:56.913 | INFO     | news:fetch_news:156 - Fetched 64 unique news items
2026-08-01 18:03:44.166 | ERROR    | api.upstox_client:get:80 - HTTP 401 for /market-quote/quotes: {"status":"error","errors":[{"errorCode":"UDAPI100050","message":"Invalid token used to access API","propertyPath":null,"invalidValue":null,"error_code":"UDAPI100050","property_path":null,"invalid_val
2026-08-01 18:05:49.103 | ERROR    | api.upstox_client:get:80 - HTTP 401 for /market-quote/quotes: {"status":"error","errors":[{"errorCode":"UDAPI100050","message":"Invalid token used to access API","propertyPath":null,"invalidValue":null,"error_code":"UDAPI100050","property_path":null,"invalid_val
2026-08-01 18:07:21.124 | ERROR    | api.upstox_client:get:80 - HTTP 401 for /market-quote/quotes: {"status":"error","errors":[{"errorCode":"UDAPI100050","message":"Invalid token used to access API","propertyPath":null,"invalidValue":null,"error_code":"UDAPI100050","property_path":null,"invalid_val
2026-08-01 18:08:06.574 | ERROR    | api.upstox_client:get:80 - HTTP 401 for /market-quote/quotes: {"status":"error","errors":[{"errorCode":"UDAPI100050","message":"Invalid token used to access API","propertyPath":null,"invalidValue":null,"error_code":"UDAPI100050","property_path":null,"invalid_val
2026-08-01 18:08:58.856 | ERROR    | api.upstox_client:get:80 - HTTP 401 for /market-quote/quotes: {"status":"error","errors":[{"errorCode":"UDAPI100050","message":"Invalid token used to access API","propertyPath":null,"invalidValue":null,"error_code":"UDAPI100050","property_path":null,"invalid_val
2026-08-01 18:09:09.255 | ERROR    | api.upstox_client:get:80 - HTTP 401 for /market-quote/quotes: {"status":"error","errors":[{"errorCode":"UDAPI100050","message":"Invalid token used to access API","propertyPath":null,"invalidValue":null,"error_code":"UDAPI100050","property_path":null,"invalid_val
2026-08-01 18:09:12.554 | INFO     | news:fetch_news:156 - Fetched 64 unique news items
2026-08-01 18:09:38.173 | ERROR    | api.upstox_client:get:80 - HTTP 401 for /market-quote/quotes: {"status":"error","errors":[{"errorCode":"UDAPI100050","message":"Invalid token used to access API","propertyPath":null,"invalidValue":null,"error_code":"UDAPI100050","property_path":null,"invalid_val
2026-08-01 18:09:45.367 | INFO     | services.instruments:_get_upstox_instrument_master:73 - Loaded 9483 NSE EQ instruments from Upstox master
2026-08-01 18:09:47.735 | INFO     | services.instruments:fetch_index_constituents:151 - Loaded 200 constituents for NIFTY 200
2026-08-01 18:09:47.874 | ERROR    | api.upstox_client:get:80 - HTTP 401 for /market-quote/quotes: {"status":"error","errors":[{"errorCode":"UDAPI100050","message":"Invalid token used to access API","propertyPath":null,"invalidValue":null,"error_code":"UDAPI100050","property_path":null,"invalid_val
2026-08-01 18:09:52.695 | INFO     | news:fetch_news:156 - Fetched 64 unique news items
2026-08-01 18:09:57.333 | ERROR    | api.upstox_client:get:80 - HTTP 401 for /market-quote/quotes: {"status":"error","errors":[{"errorCode":"UDAPI100050","message":"Invalid token used to access API","propertyPath":null,"invalidValue":null,"error_code":"UDAPI100050","property_path":null,"invalid_val
2026-08-01 18:13:05.793 | ERROR    | api.upstox_client:get:80 - HTTP 401 for /market-quote/quotes: {"status":"error","errors":[{"errorCode":"UDAPI100050","message":"Invalid token used to access API","propertyPath":null,"invalidValue":null,"error_code":"UDAPI100050","property_path":null,"invalid_val
2026-08-01 18:14:48.688 | INFO     | services.instruments:_get_upstox_instrument_master:73 - Loaded 9483 NSE EQ instruments from Upstox master
2026-08-01 18:14:50.876 | INFO     | services.instruments:fetch_index_constituents:151 - Loaded 200 constituents for NIFTY 200
2026-08-01 18:14:55.961 | INFO     | news:fetch_news:156 - Fetched 64 unique news items
2026-08-01 18:17:50.521 | INFO     | news:fetch_news:156 - Fetched 64 unique news items
2026-08-01 18:18:19.233 | INFO     | services.instruments:_get_upstox_instrument_master:73 - Loaded 9483 NSE EQ instruments from Upstox master
2026-08-01 18:18:21.674 | INFO     | services.instruments:fetch_index_constituents:151 - Loaded 200 constituents for NIFTY 200
2026-08-01 18:18:26.042 | INFO     | news:fetch_news:156 - Fetched 64 unique news items
2026-08-01 18:19:53.063 | INFO     | news:fetch_news:156 - Fetched 64 unique news items
2026-08-01 18:23:59.604 | INFO     | services.instruments:_get_upstox_instrument_master:73 - Loaded 9483 NSE EQ instruments from Upstox master
2026-08-01 18:24:02.246 | INFO     | services.instruments:fetch_index_constituents:151 - Loaded 200 constituents for NIFTY 200
2026-08-01 18:24:07.294 | INFO     | news:fetch_news:156 - Fetched 64 unique news items
2026-08-01 18:41:17.223 | INFO     | services.instruments:_get_upstox_instrument_master:73 - Loaded 9483 NSE EQ instruments from Upstox master
2026-08-01 18:41:19.823 | INFO     | services.instruments:fetch_index_constituents:151 - Loaded 200 constituents for NIFTY 200
2026-08-01 18:41:24.663 | INFO     | services.instruments:_get_upstox_instrument_master:73 - Loaded 9483 NSE EQ instruments from Upstox master
2026-08-01 18:41:27.080 | INFO     | services.instruments:fetch_index_constituents:151 - Loaded 200 constituents for NIFTY 200
2026-08-01 18:41:28.595 | INFO     | news:fetch_news:156 - Fetched 64 unique news items
2026-08-01 18:44:08.424 | INFO     | services.instruments:_get_upstox_instrument_master:73 - Loaded 9483 NSE EQ instruments from Upstox master
2026-08-01 18:44:10.786 | INFO     | services.instruments:fetch_index_constituents:151 - Loaded 200 constituents for NIFTY 200
2026-08-01 18:44:22.296 | INFO     | news:fetch_news:156 - Fetched 64 unique news items
2026-08-01 18:48:15.438 | INFO     | news:fetch_news:156 - Fetched 64 unique news items
2026-08-01 18:48:41.586 | INFO     | services.instruments:_get_upstox_instrument_master:73 - Loaded 9483 NSE EQ instruments from Upstox master
2026-08-01 18:48:43.818 | INFO     | services.instruments:fetch_index_constituents:151 - Loaded 200 constituents for NIFTY 200
2026-08-01 18:48:49.850 | INFO     | news:fetch_news:156 - Fetched 64 unique news items
2026-08-01 18:54:46.335 | INFO     | news:fetch_news:156 - Fetched 64 unique news items
2026-08-01 18:55:20.376 | INFO     | services.instruments:_get_upstox_instrument_master:73 - Loaded 9483 NSE EQ instruments from Upstox master
2026-08-01 18:55:23.037 | INFO     | services.instruments:fetch_index_constituents:151 - Loaded 200 constituents for NIFTY 200
2026-08-01 19:01:49.140 | INFO     | services.instruments:_get_upstox_instrument_master:73 - Loaded 9483 NSE EQ instruments from Upstox master
2026-08-01 19:01:51.468 | INFO     | services.instruments:fetch_index_constituents:151 - Loaded 200 constituents for NIFTY 200
2026-08-01 19:01:59.366 | INFO     | news:fetch_news:156 - Fetched 64 unique news items
2026-08-01 19:05:50.517 | INFO     | services.instruments:_get_upstox_instrument_master:73 - Loaded 9483 NSE EQ instruments from Upstox master
2026-08-01 19:05:52.932 | INFO     | services.instruments:fetch_index_constituents:151 - Loaded 200 constituents for NIFTY 200
2026-08-01 19:05:58.071 | INFO     | news:fetch_news:156 - Fetched 64 unique news items
2026-08-01 19:08:17.128 | INFO     | services.instruments:_get_upstox_instrument_master:73 - Loaded 9483 NSE EQ instruments from Upstox master
2026-08-01 19:08:19.659 | INFO     | services.instruments:fetch_index_constituents:151 - Loaded 200 constituents for NIFTY 200
2026-08-01 19:08:26.748 | INFO     | news:fetch_news:156 - Fetched 64 unique news items
2026-08-01 19:11:19.792 | INFO     | services.instruments:_get_upstox_instrument_master:73 - Loaded 9483 NSE EQ instruments from Upstox master
2026-08-01 19:11:22.367 | INFO     | services.instruments:fetch_index_constituents:151 - Loaded 200 constituents for NIFTY 200
2026-08-01 19:14:43.806 | INFO     | news:fetch_news:156 - Fetched 64 unique news items
2026-08-01 19:19:28.119 | INFO     | services.instruments:_get_upstox_instrument_master:73 - Loaded 9483 NSE EQ instruments from Upstox master
2026-08-01 19:19:30.432 | INFO     | services.instruments:fetch_index_constituents:151 - Loaded 200 constituents for NIFTY 200
2026-08-01 19:19:36.050 | INFO     | news:fetch_news:156 - Fetched 64 unique news items
2026-08-01 19:21:53.530 | INFO     | services.instruments:_get_upstox_instrument_master:73 - Loaded 9483 NSE EQ instruments from Upstox master
2026-08-01 19:21:55.938 | INFO     | services.instruments:fetch_index_constituents:151 - Loaded 200 constituents for NIFTY 200
2026-08-01 19:22:03.152 | INFO     | news:fetch_news:156 - Fetched 64 unique news items
2026-08-01 19:26:40.727 | INFO     | services.instruments:_get_upstox_instrument_master:73 - Loaded 9483 NSE EQ instruments from Upstox master
2026-08-01 19:26:43.224 | INFO     | services.instruments:fetch_index_constituents:151 - Loaded 200 constituents for NIFTY 200
2026-08-01 19:26:48.822 | INFO     | news:fetch_news:156 - Fetched 64 unique news items
2026-08-01 19:28:57.329 | INFO     | services.instruments:_get_upstox_instrument_master:73 - Loaded 9483 NSE EQ instruments from Upstox master
2026-08-01 19:28:59.932 | INFO     | services.instruments:fetch_index_constituents:151 - Loaded 200 constituents for NIFTY 200
2026-08-01 19:29:05.356 | INFO     | news:fetch_news:156 - Fetched 64 unique news items
2026-08-01 19:31:47.745 | INFO     | services.instruments:_get_upstox_instrument_master:73 - Loaded 9483 NSE EQ instruments from Upstox master
2026-08-01 19:31:49.927 | INFO     | services.instruments:fetch_index_constituents:151 - Loaded 200 constituents for NIFTY 200
2026-08-01 19:32:29.360 | INFO     | news:fetch_news:156 - Fetched 64 unique news items
2026-08-01 19:34:46.301 | INFO     | news:fetch_news:156 - Fetched 64 unique news items
2026-08-01 19:36:34.336 | INFO     | services.instruments:_get_upstox_instrument_master:73 - Loaded 9483 NSE EQ instruments from Upstox master
2026-08-01 19:36:36.714 | INFO     | services.instruments:fetch_index_constituents:151 - Loaded 200 constituents for NIFTY 200
2026-08-01 19:36:41.069 | INFO     | news:fetch_news:156 - Fetched 64 unique news items
2026-08-01 19:37:44.574 | INFO     | services.instruments:_get_upstox_instrument_master:73 - Loaded 9483 NSE EQ instruments from Upstox master
2026-08-01 19:37:46.721 | INFO     | services.instruments:fetch_index_constituents:151 - Loaded 200 constituents for NIFTY 200
2026-08-01 19:37:54.466 | INFO     | news:fetch_news:156 - Fetched 64 unique news items
2026-08-01 19:39:28.453 | INFO     | services.instruments:_get_upstox_instrument_master:73 - Loaded 9483 NSE EQ instruments from Upstox master
2026-08-01 19:39:30.840 | INFO     | services.instruments:fetch_index_constituents:151 - Loaded 200 constituents for NIFTY 200
2026-08-01 19:39:35.444 | INFO     | news:fetch_news:156 - Fetched 64 unique news items
2026-08-01 19:41:07.554 | INFO     | services.instruments:_get_upstox_instrument_master:73 - Loaded 9483 NSE EQ instruments from Upstox master
2026-08-01 19:41:10.357 | INFO     | services.instruments:fetch_index_constituents:151 - Loaded 200 constituents for NIFTY 200
2026-08-01 19:41:20.799 | INFO     | news:fetch_news:156 - Fetched 64 unique news items
2026-08-01 19:49:52.725 | INFO     | services.instruments:_get_upstox_instrument_master:73 - Loaded 9483 NSE EQ instruments from Upstox master
2026-08-01 19:49:55.108 | INFO     | services.instruments:fetch_index_constituents:151 - Loaded 200 constituents for NIFTY 200
2026-08-01 19:50:00.489 | INFO     | news:fetch_news:156 - Fetched 64 unique news items
2026-08-01 20:03:38.173 | INFO     | services.instruments:_get_upstox_instrument_master:73 - Loaded 9483 NSE EQ instruments from Upstox master
2026-08-01 20:03:40.358 | INFO     | services.instruments:fetch_index_constituents:151 - Loaded 200 constituents for NIFTY 200
2026-08-01 20:03:45.212 | INFO     | news:fetch_news:156 - Fetched 64 unique news items
2026-08-01 21:25:45.307 | INFO     | services.instruments:_get_upstox_instrument_master:73 - Loaded 9483 NSE EQ instruments from Upstox master
2026-08-01 21:25:47.656 | INFO     | services.instruments:fetch_index_constituents:151 - Loaded 200 constituents for NIFTY 200
2026-08-01 21:25:53.670 | INFO     | news:fetch_news:156 - Fetched 64 unique news items
2026-08-15 18:16:26.959 | ERROR    | api.upstox_client:get:80 - HTTP 401 for /market-quote/quotes: {"status":"error","errors":[{"errorCode":"UDAPI100050","message":"Invalid token used to access API","propertyPath":null,"invalidValue":null,"error_code":"UDAPI100050","property_path":null,"invalid_val
2026-08-15 18:28:58.942 | INFO     | services.instruments:_get_upstox_instrument_master:73 - Loaded 9667 NSE EQ instruments from Upstox master
2026-08-15 18:29:01.603 | INFO     | services.instruments:fetch_index_constituents:151 - Loaded 200 constituents for NIFTY 200
2026-08-15 18:29:01.726 | ERROR    | api.upstox_client:get:80 - HTTP 400 for /market-quote/ohlc: {"status":"error","errors":[{"errorCode":"UDAPI1028","message":"Invalid interval","propertyPath":"getOHLC.interval","invalidValue":"1day","error_code":"UDAPI1028","property_path":"getOHLC.interval","i
2026-08-15 18:29:39.732 | INFO     | scanner:run_scan:162 - Starting full Nifty 200 strategy scan...
2026-08-15 18:29:39.866 | ERROR    | api.upstox_client:get:80 - HTTP 400 for /market-quote/ohlc: {"status":"error","errors":[{"errorCode":"UDAPI1028","message":"Invalid interval","propertyPath":"getOHLC.interval","invalidValue":"1day","error_code":"UDAPI1028","property_path":"getOHLC.interval","i
2026-08-15 18:29:39.867 | INFO     | scanner:run_scan:173 - Bulk prefetch: 0 candles cached
2026-08-15 18:29:51.616 | INFO     | services.vcp_scanner:run_vcp_scan:304 - VCP scan: 20 setups from 200 stocks
2026-08-15 18:30:06.124 | INFO     | scanner:run_scan:191 - Scan complete: 199 stocks processed and cached
2026-08-15 18:30:16.778 | ERROR    | api.upstox_client:get:80 - HTTP 400 for /market-quote/ohlc: {"status":"error","errors":[{"errorCode":"UDAPI1028","message":"Invalid interval","propertyPath":"getOHLC.interval","invalidValue":"1day","error_code":"UDAPI1028","property_path":"getOHLC.interval","i
2026-08-15 18:30:17.730 | INFO     | services.vcp_scanner:run_vcp_scan:304 - VCP scan: 20 setups from 200 stocks
2026-08-15 18:30:33.161 | ERROR    | api.upstox_client:get:80 - HTTP 400 for /market-quote/ohlc: {"status":"error","errors":[{"errorCode":"UDAPI1028","message":"Invalid interval","propertyPath":"getOHLC.interval","invalidValue":"1day","error_code":"UDAPI1028","property_path":"getOHLC.interval","i
2026-08-15 18:30:41.696 | ERROR    | api.upstox_client:get:80 - HTTP 400 for /market-quote/ohlc: {"status":"error","errors":[{"errorCode":"UDAPI1028","message":"Invalid interval","propertyPath":"getOHLC.interval","invalidValue":"1day","error_code":"UDAPI1028","property_path":"getOHLC.interval","i
2026-08-15 18:30:43.124 | INFO     | services.vcp_scanner:run_vcp_scan:304 - VCP scan: 20 setups from 200 stocks
2026-08-15 18:30:53.046 | ERROR    | api.upstox_client:get:80 - HTTP 400 for /market-quote/ohlc: {"status":"error","errors":[{"errorCode":"UDAPI1028","message":"Invalid interval","propertyPath":"getOHLC.interval","invalidValue":"1day","error_code":"UDAPI1028","property_path":"getOHLC.interval","i
2026-08-15 18:31:11.577 | INFO     | services.elder_scanner:run_elder_scan:599 - Elder scan: 78 setups from 200 stocks
2026-08-15 18:31:13.769 | INFO     | services.elder_scanner:run_elder_scan:599 - Elder scan: 78 setups from 200 stocks
2026-08-15 18:37:59.719 | INFO     | news:fetch_news:156 - Fetched 84 unique news items
2026-08-15 18:39:44.778 | ERROR    | api.upstox_client:get:80 - HTTP 400 for /market-quote/ohlc: {"status":"error","errors":[{"errorCode":"UDAPI1028","message":"Invalid interval","propertyPath":"getOHLC.interval","invalidValue":"1day","error_code":"UDAPI1028","property_path":"getOHLC.interval","i
2026-08-15 18:39:45.583 | INFO     | services.vcp_scanner:run_vcp_scan:304 - VCP scan: 20 setups from 200 stocks
2026-08-15 18:39:54.139 | ERROR    | api.upstox_client:get:80 - HTTP 400 for /market-quote/ohlc: {"status":"error","errors":[{"errorCode":"UDAPI1028","message":"Invalid interval","propertyPath":"getOHLC.interval","invalidValue":"1day","error_code":"UDAPI1028","property_path":"getOHLC.interval","i
2026-08-15 18:40:03.640 | INFO     | services.elder_scanner:run_elder_scan:599 - Elder scan: 78 setups from 200 stocks
2026-08-15 18:40:34.911 | INFO     | news:fetch_news:156 - Fetched 84 unique news items
2026-08-15 19:09:53.744 | INFO     | services.instruments:_get_upstox_instrument_master:73 - Loaded 9667 NSE EQ instruments from Upstox master
2026-08-15 19:09:56.226 | INFO     | services.instruments:fetch_index_constituents:151 - Loaded 200 constituents for NIFTY 200
2026-08-15 19:10:13.409 | INFO     | news:fetch_news:180 - Fetched 122 unique news items
2026-08-15 19:13:46.141 | ERROR    | api.upstox_client:get:80 - HTTP 400 for /market-quote/ohlc: {"status":"error","errors":[{"errorCode":"UDAPI1028","message":"Invalid interval","propertyPath":"getOHLC.interval","invalidValue":"1day","error_code":"UDAPI1028","property_path":"getOHLC.interval","i
2026-08-15 19:14:00.504 | INFO     | services.vcp_scanner:run_vcp_scan:306 - VCP scan: 20 setups from 200 stocks
2026-08-15 19:14:01.029 | ERROR    | api.upstox_client:get:80 - HTTP 400 for /market-quote/ohlc: {"status":"error","errors":[{"errorCode":"UDAPI1028","message":"Invalid interval","propertyPath":"getOHLC.interval","invalidValue":"1day","error_code":"UDAPI1028","property_path":"getOHLC.interval","i
2026-08-15 19:14:20.239 | INFO     | services.elder_scanner:run_elder_scan:599 - Elder scan: 78 setups from 200 stocks
2026-08-15 19:17:20.444 | INFO     | news:fetch_news:180 - Fetched 122 unique news items
2026-08-15 19:18:42.534 | ERROR    | api.upstox_client:get:80 - HTTP 400 for /market-quote/ohlc: {"status":"error","errors":[{"errorCode":"UDAPI1028","message":"Invalid interval","propertyPath":"getOHLC.interval","invalidValue":"1day","error_code":"UDAPI1028","property_path":"getOHLC.interval","i
2026-08-15 19:18:43.453 | INFO     | services.vcp_scanner:run_vcp_scan:306 - VCP scan: 20 setups from 200 stocks
2026-08-15 19:18:43.641 | ERROR    | api.upstox_client:get:80 - HTTP 400 for /market-quote/ohlc: {"status":"error","errors":[{"errorCode":"UDAPI1028","message":"Invalid interval","propertyPath":"getOHLC.interval","invalidValue":"1day","error_code":"UDAPI1028","property_path":"getOHLC.interval","i
2026-08-15 19:18:53.777 | INFO     | services.elder_scanner:run_elder_scan:599 - Elder scan: 78 setups from 200 stocks
2026-08-15 19:23:32.265 | INFO     | services.instruments:_get_upstox_instrument_master:73 - Loaded 9667 NSE EQ instruments from Upstox master
2026-08-15 19:23:34.716 | INFO     | services.instruments:fetch_index_constituents:151 - Loaded 200 constituents for NIFTY 200
2026-08-15 19:23:41.234 | INFO     | news:fetch_news:226 - Fetched 58 unique news items (deduplicated by company)
2026-08-15 19:23:54.180 | ERROR    | api.upstox_client:get:80 - HTTP 400 for /market-quote/ohlc: {"status":"error","errors":[{"errorCode":"UDAPI1028","message":"Invalid interval","propertyPath":"getOHLC.interval","invalidValue":"1day","error_code":"UDAPI1028","property_path":"getOHLC.interval","i
2026-08-15 19:24:05.182 | INFO     | services.vcp_scanner:run_vcp_scan:306 - VCP scan: 20 setups from 200 stocks
2026-08-15 19:24:05.455 | ERROR    | api.upstox_client:get:80 - HTTP 400 for /market-quote/ohlc: {"status":"error","errors":[{"errorCode":"UDAPI1028","message":"Invalid interval","propertyPath":"getOHLC.interval","invalidValue":"1day","error_code":"UDAPI1028","property_path":"getOHLC.interval","i
2026-08-15 19:24:26.034 | INFO     | services.elder_scanner:run_elder_scan:599 - Elder scan: 78 setups from 200 stocks
2026-08-15 19:31:11.140 | INFO     | services.instruments:_get_upstox_instrument_master:73 - Loaded 9667 NSE EQ instruments from Upstox master
2026-08-15 19:31:13.289 | INFO     | services.instruments:fetch_index_constituents:151 - Loaded 200 constituents for NIFTY 200
2026-08-15 19:31:18.082 | INFO     | news:fetch_news:226 - Fetched 58 unique news items (deduplicated by company)
2026-08-15 19:31:42.158 | ERROR    | api.upstox_client:get:80 - HTTP 400 for /market-quote/ohlc: {"status":"error","errors":[{"errorCode":"UDAPI1028","message":"Invalid interval","propertyPath":"getOHLC.interval","invalidValue":"1day","error_code":"UDAPI1028","property_path":"getOHLC.interval","i
2026-08-15 19:31:53.468 | INFO     | services.vcp_scanner:run_vcp_scan:306 - VCP scan: 20 setups from 200 stocks
2026-08-15 19:31:53.796 | ERROR    | api.upstox_client:get:80 - HTTP 400 for /market-quote/ohlc: {"status":"error","errors":[{"errorCode":"UDAPI1028","message":"Invalid interval","propertyPath":"getOHLC.interval","invalidValue":"1day","error_code":"UDAPI1028","property_path":"getOHLC.interval","i
2026-08-15 19:32:12.826 | INFO     | services.elder_scanner:run_elder_scan:599 - Elder scan: 78 setups from 200 stocks
2026-08-15 19:36:03.069 | INFO     | services.instruments:_get_upstox_instrument_master:73 - Loaded 9667 NSE EQ instruments from Upstox master
2026-08-15 19:36:05.734 | INFO     | services.instruments:fetch_index_constituents:151 - Loaded 200 constituents for NIFTY 200
2026-08-15 19:36:11.610 | ERROR    | api.upstox_client:get:80 - HTTP 400 for /market-quote/ohlc: {"status":"error","errors":[{"errorCode":"UDAPI1028","message":"Invalid interval","propertyPath":"getOHLC.interval","invalidValue":"day","error_code":"UDAPI1028","property_path":"getOHLC.interval","in
2026-08-15 19:36:23.904 | INFO     | services.vcp_scanner:run_vcp_scan:306 - VCP scan: 20 setups from 200 stocks
2026-08-15 19:36:24.107 | ERROR    | api.upstox_client:get:80 - HTTP 400 for /market-quote/ohlc: {"status":"error","errors":[{"errorCode":"UDAPI1028","message":"Invalid interval","propertyPath":"getOHLC.interval","invalidValue":"day","error_code":"UDAPI1028","property_path":"getOHLC.interval","in
2026-08-15 19:36:45.539 | INFO     | services.elder_scanner:run_elder_scan:599 - Elder scan: 78 setups from 200 stocks
2026-08-15 19:36:54.583 | ERROR    | api.upstox_client:get:80 - HTTP 400 for /market-quote/ohlc: {"status":"error","errors":[{"errorCode":"UDAPI1028","message":"Invalid interval","propertyPath":"getOHLC.interval","invalidValue":"day","error_code":"UDAPI1028","property_path":"getOHLC.interval","in
2026-08-15 19:36:55.373 | INFO     | services.vcp_scanner:run_vcp_scan:306 - VCP scan: 20 setups from 200 stocks
2026-08-15 19:36:55.553 | ERROR    | api.upstox_client:get:80 - HTTP 400 for /market-quote/ohlc: {"status":"error","errors":[{"errorCode":"UDAPI1028","message":"Invalid interval","propertyPath":"getOHLC.interval","invalidValue":"day","error_code":"UDAPI1028","property_path":"getOHLC.interval","in
2026-08-15 19:37:04.896 | INFO     | services.elder_scanner:run_elder_scan:599 - Elder scan: 78 setups from 200 stocks
2026-08-15 19:37:10.697 | ERROR    | api.upstox_client:get:80 - HTTP 400 for /market-quote/ohlc: {"status":"error","errors":[{"errorCode":"UDAPI1028","message":"Invalid interval","propertyPath":"getOHLC.interval","invalidValue":"day","error_code":"UDAPI1028","property_path":"getOHLC.interval","in
2026-08-15 19:37:11.591 | INFO     | services.vcp_scanner:run_vcp_scan:306 - VCP scan: 20 setups from 200 stocks
2026-08-15 19:37:11.785 | ERROR    | api.upstox_client:get:80 - HTTP 400 for /market-quote/ohlc: {"status":"error","errors":[{"errorCode":"UDAPI1028","message":"Invalid interval","propertyPath":"getOHLC.interval","invalidValue":"day","error_code":"UDAPI1028","property_path":"getOHLC.interval","in
2026-08-15 19:37:22.513 | INFO     | services.elder_scanner:run_elder_scan:599 - Elder scan: 78 setups from 200 stocks
2026-08-15 19:37:29.533 | ERROR    | api.upstox_client:get:80 - HTTP 400 for /market-quote/ohlc: {"status":"error","errors":[{"errorCode":"UDAPI1028","message":"Invalid interval","propertyPath":"getOHLC.interval","invalidValue":"day","error_code":"UDAPI1028","property_path":"getOHLC.interval","in
2026-08-15 19:37:30.329 | INFO     | services.vcp_scanner:run_vcp_scan:306 - VCP scan: 20 setups from 200 stocks
2026-08-15 19:37:30.482 | ERROR    | api.upstox_client:get:80 - HTTP 400 for /market-quote/ohlc: {"status":"error","errors":[{"errorCode":"UDAPI1028","message":"Invalid interval","propertyPath":"getOHLC.interval","invalidValue":"day","error_code":"UDAPI1028","property_path":"getOHLC.interval","in
2026-08-15 19:37:42.695 | INFO     | services.elder_scanner:run_elder_scan:599 - Elder scan: 78 setups from 200 stocks
2026-08-15 19:39:09.497 | INFO     | services.instruments:_get_upstox_instrument_master:73 - Loaded 9667 NSE EQ instruments from Upstox master
2026-08-15 19:39:12.076 | INFO     | services.instruments:fetch_index_constituents:151 - Loaded 200 constituents for NIFTY 200
2026-08-15 19:39:12.231 | ERROR    | api.upstox_client:get:80 - HTTP 400 for /market-quote/ohlc: {"status":"error","errors":[{"errorCode":"UDAPI1028","message":"Invalid interval","propertyPath":"getOHLC.interval","invalidValue":"day","error_code":"UDAPI1028","property_path":"getOHLC.interval","in
2026-08-15 19:39:27.170 | INFO     | services.vcp_scanner:run_vcp_scan:306 - VCP scan: 20 setups from 200 stocks
2026-08-15 19:39:27.574 | ERROR    | api.upstox_client:get:80 - HTTP 400 for /market-quote/ohlc: {"status":"error","errors":[{"errorCode":"UDAPI1028","message":"Invalid interval","propertyPath":"getOHLC.interval","invalidValue":"day","error_code":"UDAPI1028","property_path":"getOHLC.interval","in
2026-08-15 19:39:39.476 | ERROR    | api.upstox_client:get:80 - HTTP 400 for /market-quote/ohlc: {"status":"error","errors":[{"errorCode":"UDAPI1028","message":"Invalid interval","propertyPath":"getOHLC.interval","invalidValue":"day","error_code":"UDAPI1028","property_path":"getOHLC.interval","in
2026-08-15 19:39:40.684 | INFO     | services.vcp_scanner:run_vcp_scan:306 - VCP scan: 20 setups from 200 stocks
2026-08-15 19:39:40.941 | ERROR    | api.upstox_client:get:80 - HTTP 400 for /market-quote/ohlc: {"status":"error","errors":[{"errorCode":"UDAPI1028","message":"Invalid interval","propertyPath":"getOHLC.interval","invalidValue":"day","error_code":"UDAPI1028","property_path":"getOHLC.interval","in
2026-08-15 19:39:50.831 | INFO     | news:fetch_news:226 - Fetched 58 unique news items (deduplicated by company)
2026-08-15 19:40:01.875 | ERROR    | api.upstox_client:get:80 - HTTP 400 for /market-quote/ohlc: {"status":"error","errors":[{"errorCode":"UDAPI1028","message":"Invalid interval","propertyPath":"getOHLC.interval","invalidValue":"day","error_code":"UDAPI1028","property_path":"getOHLC.interval","in
2026-08-15 19:40:03.583 | INFO     | services.vcp_scanner:run_vcp_scan:306 - VCP scan: 20 setups from 200 stocks
2026-08-15 19:40:04.032 | ERROR    | api.upstox_client:get:80 - HTTP 400 for /market-quote/ohlc: {"status":"error","errors":[{"errorCode":"UDAPI1028","message":"Invalid interval","propertyPath":"getOHLC.interval","invalidValue":"day","error_code":"UDAPI1028","property_path":"getOHLC.interval","in
2026-08-15 19:40:06.701 | INFO     | services.elder_scanner:run_elder_scan:599 - Elder scan: 78 setups from 200 stocks
2026-08-15 19:40:15.247 | INFO     | services.elder_scanner:run_elder_scan:599 - Elder scan: 78 setups from 200 stocks
2026-08-15 19:40:15.942 | ERROR    | api.upstox_client:get:84 - Request failed for /historical-candle/NSE_EQ|INE200M01039/day/2026-08-15/2026-08-15: ReadError: 
2026-08-15 19:40:16.131 | INFO     | services.elder_scanner:run_elder_scan:599 - Elder scan: 78 setups from 200 stocks
2026-08-15 19:42:21.201 | INFO     | services.instruments:_get_upstox_instrument_master:73 - Loaded 9667 NSE EQ instruments from Upstox master
2026-08-15 19:42:25.724 | INFO     | services.instruments:fetch_index_constituents:151 - Loaded 200 constituents for NIFTY 200
2026-08-15 19:42:30.807 | INFO     | news:fetch_news:226 - Fetched 58 unique news items (deduplicated by company)
2026-08-15 19:42:42.893 | ERROR    | api.upstox_client:get:80 - HTTP 400 for /market-quote/ohlc: {"status":"error","errors":[{"errorCode":"UDAPI1028","message":"Invalid interval","propertyPath":"getOHLC.interval","invalidValue":"day","error_code":"UDAPI1028","property_path":"getOHLC.interval","in
2026-08-15 19:43:03.779 | INFO     | services.vcp_scanner:run_vcp_scan:306 - VCP scan: 20 setups from 200 stocks
2026-08-15 19:43:04.640 | ERROR    | api.upstox_client:get:80 - HTTP 400 for /market-quote/ohlc: {"status":"error","errors":[{"errorCode":"UDAPI1028","message":"Invalid interval","propertyPath":"getOHLC.interval","invalidValue":"day","error_code":"UDAPI1028","property_path":"getOHLC.interval","in
2026-08-15 19:43:45.108 | INFO     | services.elder_scanner:run_elder_scan:599 - Elder scan: 78 setups from 200 stocks
2026-08-15 19:44:10.910 | ERROR    | api.upstox_client:get:80 - HTTP 400 for /market-quote/ohlc: {"status":"error","errors":[{"errorCode":"UDAPI1028","message":"Invalid interval","propertyPath":"getOHLC.interval","invalidValue":"day","error_code":"UDAPI1028","property_path":"getOHLC.interval","in
2026-08-15 19:44:12.125 | INFO     | services.vcp_scanner:run_vcp_scan:306 - VCP scan: 20 setups from 200 stocks
2026-08-15 19:44:12.352 | ERROR    | api.upstox_client:get:80 - HTTP 400 for /market-quote/ohlc: {"status":"error","errors":[{"errorCode":"UDAPI1028","message":"Invalid interval","propertyPath":"getOHLC.interval","invalidValue":"day","error_code":"UDAPI1028","property_path":"getOHLC.interval","in
2026-08-15 19:44:30.840 | INFO     | services.elder_scanner:run_elder_scan:599 - Elder scan: 78 setups from 200 stocks
2026-08-15 19:46:08.565 | INFO     | services.instruments:_get_upstox_instrument_master:73 - Loaded 9667 NSE EQ instruments from Upstox master
2026-08-15 19:46:11.343 | INFO     | services.instruments:fetch_index_constituents:151 - Loaded 200 constituents for NIFTY 200
2026-08-15 19:46:12.810 | ERROR    | api.upstox_client:get:80 - HTTP 400 for /market-quote/ohlc: {"status":"error","errors":[{"errorCode":"UDAPI1028","message":"Invalid interval","propertyPath":"getOHLC.interval","invalidValue":"day","error_code":"UDAPI1028","property_path":"getOHLC.interval","in
2026-08-15 19:46:27.500 | INFO     | services.vcp_scanner:run_vcp_scan:306 - VCP scan: 20 setups from 200 stocks
2026-08-15 19:46:28.104 | ERROR    | api.upstox_client:get:80 - HTTP 400 for /market-quote/ohlc: {"status":"error","errors":[{"errorCode":"UDAPI1028","message":"Invalid interval","propertyPath":"getOHLC.interval","invalidValue":"day","error_code":"UDAPI1028","property_path":"getOHLC.interval","in
2026-08-15 19:46:47.081 | ERROR    | api.upstox_client:get:80 - HTTP 400 for /market-quote/ohlc: {"status":"error","errors":[{"errorCode":"UDAPI1028","message":"Invalid interval","propertyPath":"getOHLC.interval","invalidValue":"day","error_code":"UDAPI1028","property_path":"getOHLC.interval","in
2026-08-15 19:46:48.843 | INFO     | services.vcp_scanner:run_vcp_scan:306 - VCP scan: 20 setups from 200 stocks
2026-08-15 19:46:49.329 | ERROR    | api.upstox_client:get:80 - HTTP 400 for /market-quote/ohlc: {"status":"error","errors":[{"errorCode":"UDAPI1028","message":"Invalid interval","propertyPath":"getOHLC.interval","invalidValue":"day","error_code":"UDAPI1028","property_path":"getOHLC.interval","in
2026-08-15 19:47:02.482 | INFO     | news:fetch_news:226 - Fetched 58 unique news items (deduplicated by company)
2026-08-15 19:47:07.984 | INFO     | services.elder_scanner:run_elder_scan:599 - Elder scan: 78 setups from 200 stocks
2026-08-15 19:47:12.470 | INFO     | services.elder_scanner:run_elder_scan:599 - Elder scan: 78 setups from 200 stocks
2026-08-15 19:51:26.525 | INFO     | services.instruments:_get_upstox_instrument_master:73 - Loaded 9667 NSE EQ instruments from Upstox master
2026-08-15 19:51:28.824 | INFO     | services.instruments:fetch_index_constituents:151 - Loaded 200 constituents for NIFTY 200
2026-08-15 19:51:32.443 | INFO     | news:fetch_news:226 - Fetched 58 unique news items (deduplicated by company)
2026-08-15 19:51:39.059 | ERROR    | api.upstox_client:get:80 - HTTP 400 for /market-quote/ohlc: {"status":"error","errors":[{"errorCode":"UDAPI1028","message":"Invalid interval","propertyPath":"getOHLC.interval","invalidValue":"day","error_code":"UDAPI1028","property_path":"getOHLC.interval","in
2026-08-15 19:51:53.103 | INFO     | services.vcp_scanner:run_vcp_scan:306 - VCP scan: 20 setups from 200 stocks
2026-08-15 19:51:53.344 | ERROR    | api.upstox_client:get:80 - HTTP 400 for /market-quote/ohlc: {"status":"error","errors":[{"errorCode":"UDAPI1028","message":"Invalid interval","propertyPath":"getOHLC.interval","invalidValue":"day","error_code":"UDAPI1028","property_path":"getOHLC.interval","in
2026-08-15 19:52:13.222 | INFO     | services.elder_scanner:run_elder_scan:599 - Elder scan: 78 setups from 200 stocks
2026-08-15 19:54:46.100 | ERROR    | api.upstox_client:get:80 - HTTP 400 for /market-quote/ohlc: {"status":"error","errors":[{"errorCode":"UDAPI1028","message":"Invalid interval","propertyPath":"getOHLC.interval","invalidValue":"day","error_code":"UDAPI1028","property_path":"getOHLC.interval","in
2026-08-15 19:54:46.938 | INFO     | services.vcp_scanner:run_vcp_scan:306 - VCP scan: 20 setups from 200 stocks
2026-08-15 19:54:47.116 | ERROR    | api.upstox_client:get:80 - HTTP 400 for /market-quote/ohlc: {"status":"error","errors":[{"errorCode":"UDAPI1028","message":"Invalid interval","propertyPath":"getOHLC.interval","invalidValue":"day","error_code":"UDAPI1028","property_path":"getOHLC.interval","in
2026-08-15 19:54:56.473 | INFO     | services.elder_scanner:run_elder_scan:599 - Elder scan: 78 setups from 200 stocks
2026-08-15 19:58:13.235 | INFO     | services.instruments:_get_upstox_instrument_master:73 - Loaded 9667 NSE EQ instruments from Upstox master
2026-08-15 19:58:15.867 | INFO     | services.instruments:fetch_index_constituents:151 - Loaded 200 constituents for NIFTY 200
2026-08-15 19:58:32.200 | INFO     | news:fetch_news:226 - Fetched 58 unique news items (deduplicated by company)
2026-08-15 19:58:48.067 | ERROR    | api.upstox_client:get:80 - HTTP 400 for /market-quote/ohlc: {"status":"error","errors":[{"errorCode":"UDAPI1028","message":"Invalid interval","propertyPath":"getOHLC.interval","invalidValue":"day","error_code":"UDAPI1028","property_path":"getOHLC.interval","in
2026-08-15 19:58:58.919 | INFO     | services.vcp_scanner:run_vcp_scan:306 - VCP scan: 20 setups from 200 stocks
2026-08-15 19:58:59.172 | ERROR    | api.upstox_client:get:80 - HTTP 400 for /market-quote/ohlc: {"status":"error","errors":[{"errorCode":"UDAPI1028","message":"Invalid interval","propertyPath":"getOHLC.interval","invalidValue":"day","error_code":"UDAPI1028","property_path":"getOHLC.interval","in
2026-08-15 19:59:20.269 | INFO     | services.elder_scanner:run_elder_scan:599 - Elder scan: 78 setups from 200 stocks
2026-08-15 20:02:09.329 | INFO     | services.instruments:_get_upstox_instrument_master:73 - Loaded 9667 NSE EQ instruments from Upstox master
2026-08-15 20:02:13.909 | INFO     | services.instruments:fetch_index_constituents:151 - Loaded 200 constituents for NIFTY 200
2026-08-15 20:02:25.941 | INFO     | news:fetch_news:226 - Fetched 58 unique news items (deduplicated by company)
2026-08-15 20:02:36.300 | ERROR    | api.upstox_client:get:80 - HTTP 400 for /market-quote/ohlc: {"status":"error","errors":[{"errorCode":"UDAPI1028","message":"Invalid interval","propertyPath":"getOHLC.interval","invalidValue":"day","error_code":"UDAPI1028","property_path":"getOHLC.interval","in
2026-08-15 20:02:51.260 | INFO     | services.vcp_scanner:run_vcp_scan:306 - VCP scan: 20 setups from 200 stocks
2026-08-15 20:02:51.689 | ERROR    | api.upstox_client:get:80 - HTTP 400 for /market-quote/ohlc: {"status":"error","errors":[{"errorCode":"UDAPI1028","message":"Invalid interval","propertyPath":"getOHLC.interval","invalidValue":"day","error_code":"UDAPI1028","property_path":"getOHLC.interval","in
2026-08-15 20:03:22.377 | INFO     | services.elder_scanner:run_elder_scan:599 - Elder scan: 78 setups from 200 stocks
2026-08-15 20:05:15.308 | INFO     | services.instruments:_get_upstox_instrument_master:73 - Loaded 9667 NSE EQ instruments from Upstox master
2026-08-15 20:05:17.462 | INFO     | services.instruments:fetch_index_constituents:151 - Loaded 200 constituents for NIFTY 200
2026-08-15 20:05:25.685 | INFO     | news:fetch_news:226 - Fetched 58 unique news items (deduplicated by company)
2026-08-15 20:05:31.246 | ERROR    | api.upstox_client:get:80 - HTTP 400 for /market-quote/ohlc: {"status":"error","errors":[{"errorCode":"UDAPI1028","message":"Invalid interval","propertyPath":"getOHLC.interval","invalidValue":"day","error_code":"UDAPI1028","property_path":"getOHLC.interval","in
2026-08-15 20:05:42.302 | INFO     | services.vcp_scanner:run_vcp_scan:306 - VCP scan: 20 setups from 200 stocks
2026-08-15 20:05:42.601 | ERROR    | api.upstox_client:get:80 - HTTP 400 for /market-quote/ohlc: {"status":"error","errors":[{"errorCode":"UDAPI1028","message":"Invalid interval","propertyPath":"getOHLC.interval","invalidValue":"day","error_code":"UDAPI1028","property_path":"getOHLC.interval","in
2026-08-15 20:05:51.550 | ERROR    | api.upstox_client:get:80 - HTTP 400 for /market-quote/ohlc: {"status":"error","errors":[{"errorCode":"UDAPI1028","message":"Invalid interval","propertyPath":"getOHLC.interval","invalidValue":"day","error_code":"UDAPI1028","property_path":"getOHLC.interval","in
2026-08-15 20:05:52.705 | INFO     | services.vcp_scanner:run_vcp_scan:306 - VCP scan: 20 setups from 200 stocks
2026-08-15 20:05:53.096 | ERROR    | api.upstox_client:get:80 - HTTP 400 for /market-quote/ohlc: {"status":"error","errors":[{"errorCode":"UDAPI1028","message":"Invalid interval","propertyPath":"getOHLC.interval","invalidValue":"day","error_code":"UDAPI1028","property_path":"getOHLC.interval","in
2026-08-15 20:06:00.086 | ERROR    | api.upstox_client:get:80 - HTTP 400 for /market-quote/ohlc: {"status":"error","errors":[{"errorCode":"UDAPI1028","message":"Invalid interval","propertyPath":"getOHLC.interval","invalidValue":"day","error_code":"UDAPI1028","property_path":"getOHLC.interval","in
2026-08-15 20:06:01.547 | INFO     | services.vcp_scanner:run_vcp_scan:306 - VCP scan: 20 setups from 200 stocks
2026-08-15 20:06:01.787 | ERROR    | api.upstox_client:get:80 - HTTP 400 for /market-quote/ohlc: {"status":"error","errors":[{"errorCode":"UDAPI1028","message":"Invalid interval","propertyPath":"getOHLC.interval","invalidValue":"day","error_code":"UDAPI1028","property_path":"getOHLC.interval","in
2026-08-15 20:06:34.208 | INFO     | services.elder_scanner:run_elder_scan:599 - Elder scan: 78 setups from 200 stocks
2026-08-15 20:06:38.154 | INFO     | services.elder_scanner:run_elder_scan:599 - Elder scan: 78 setups from 200 stocks
2026-08-15 20:06:40.157 | INFO     | services.elder_scanner:run_elder_scan:599 - Elder scan: 78 setups from 200 stocks
2026-08-16 11:00:12.566 | ERROR    | api.upstox_client:get:80 - HTTP 401 for /market-quote/quotes: {"status":"error","errors":[{"errorCode":"UDAPI100050","message":"Invalid token used to access API","propertyPath":null,"invalidValue":null,"error_code":"UDAPI100050","property_path":null,"invalid_val
2026-08-16 11:01:43.411 | INFO     | services.instruments:_get_upstox_instrument_master:73 - Loaded 9667 NSE EQ instruments from Upstox master
2026-08-16 11:01:45.935 | INFO     | services.instruments:fetch_index_constituents:151 - Loaded 200 constituents for NIFTY 200
2026-08-16 11:01:46.093 | ERROR    | api.upstox_client:get:80 - HTTP 400 for /market-quote/ohlc: {"status":"error","errors":[{"errorCode":"UDAPI1028","message":"Invalid interval","propertyPath":"getOHLC.interval","invalidValue":"day","error_code":"UDAPI1028","property_path":"getOHLC.interval","in
2026-08-16 11:02:02.077 | INFO     | services.vcp_scanner:run_vcp_scan:306 - VCP scan: 20 setups from 200 stocks
2026-08-16 11:02:03.290 | ERROR    | api.upstox_client:get:80 - HTTP 400 for /market-quote/ohlc: {"status":"error","errors":[{"errorCode":"UDAPI1028","message":"Invalid interval","propertyPath":"getOHLC.interval","invalidValue":"day","error_code":"UDAPI1028","property_path":"getOHLC.interval","in
2026-08-16 11:02:22.283 | INFO     | services.elder_scanner:run_elder_scan:599 - Elder scan: 78 setups from 200 stocks
2026-08-16 11:04:11.825 | INFO     | scanner:run_scan:162 - Starting full Nifty 200 strategy scan...
2026-08-16 11:04:12.110 | ERROR    | api.upstox_client:get:80 - HTTP 400 for /market-quote/ohlc: {"status":"error","errors":[{"errorCode":"UDAPI1028","message":"Invalid interval","propertyPath":"getOHLC.interval","invalidValue":"day","error_code":"UDAPI1028","property_path":"getOHLC.interval","in
2026-08-16 11:04:12.125 | INFO     | scanner:run_scan:173 - Bulk prefetch: 0 candles cached
2026-08-16 11:04:30.729 | INFO     | scanner:run_scan:191 - Scan complete: 199 stocks processed and cached
2026-08-16 11:04:35.441 | ERROR    | api.upstox_client:get:80 - HTTP 400 for /market-quote/ohlc: {"status":"error","errors":[{"errorCode":"UDAPI1028","message":"Invalid interval","propertyPath":"getOHLC.interval","invalidValue":"day","error_code":"UDAPI1028","property_path":"getOHLC.interval","in
2026-08-16 11:04:36.343 | INFO     | services.vcp_scanner:run_vcp_scan:306 - VCP scan: 20 setups from 200 stocks
2026-08-16 11:04:36.557 | ERROR    | api.upstox_client:get:80 - HTTP 400 for /market-quote/ohlc: {"status":"error","errors":[{"errorCode":"UDAPI1028","message":"Invalid interval","propertyPath":"getOHLC.interval","invalidValue":"day","error_code":"UDAPI1028","property_path":"getOHLC.interval","in
2026-08-16 11:04:46.192 | INFO     | services.elder_scanner:run_elder_scan:599 - Elder scan: 78 setups from 200 stocks
2026-08-16 11:05:30.566 | ERROR    | api.upstox_client:get:80 - HTTP 400 for /market-quote/ohlc: {"status":"error","errors":[{"errorCode":"UDAPI1028","message":"Invalid interval","propertyPath":"getOHLC.interval","invalidValue":"day","error_code":"UDAPI1028","property_path":"getOHLC.interval","in
2026-08-16 11:05:31.565 | INFO     | services.vcp_scanner:run_vcp_scan:306 - VCP scan: 20 setups from 200 stocks
2026-08-16 11:05:31.812 | ERROR    | api.upstox_client:get:80 - HTTP 400 for /market-quote/ohlc: {"status":"error","errors":[{"errorCode":"UDAPI1028","message":"Invalid interval","propertyPath":"getOHLC.interval","invalidValue":"day","error_code":"UDAPI1028","property_path":"getOHLC.interval","in
2026-08-16 11:05:42.207 | INFO     | services.elder_scanner:run_elder_scan:599 - Elder scan: 78 setups from 200 stocks
2026-08-16 11:06:26.314 | INFO     | services.instruments:_get_upstox_instrument_master:73 - Loaded 9667 NSE EQ instruments from Upstox master
2026-08-16 11:06:28.796 | INFO     | services.instruments:fetch_index_constituents:151 - Loaded 200 constituents for NIFTY 200
2026-08-16 11:06:28.904 | ERROR    | api.upstox_client:get:80 - HTTP 400 for /market-quote/ohlc: {"status":"error","errors":[{"errorCode":"UDAPI1028","message":"Invalid interval","propertyPath":"getOHLC.interval","invalidValue":"day","error_code":"UDAPI1028","property_path":"getOHLC.interval","in
2026-08-16 11:06:40.521 | INFO     | services.vcp_scanner:run_vcp_scan:306 - VCP scan: 20 setups from 200 stocks
2026-08-16 11:06:40.818 | ERROR    | api.upstox_client:get:80 - HTTP 400 for /market-quote/ohlc: {"status":"error","errors":[{"errorCode":"UDAPI1028","message":"Invalid interval","propertyPath":"getOHLC.interval","invalidValue":"day","error_code":"UDAPI1028","property_path":"getOHLC.interval","in
2026-08-16 11:06:51.464 | ERROR    | api.upstox_client:get:80 - HTTP 400 for /market-quote/ohlc: {"status":"error","errors":[{"errorCode":"UDAPI1028","message":"Invalid interval","propertyPath":"getOHLC.interval","invalidValue":"day","error_code":"UDAPI1028","property_path":"getOHLC.interval","in
2026-08-16 11:06:52.608 | INFO     | services.vcp_scanner:run_vcp_scan:306 - VCP scan: 20 setups from 200 stocks
2026-08-16 11:06:52.924 | ERROR    | api.upstox_client:get:80 - HTTP 400 for /market-quote/ohlc: {"status":"error","errors":[{"errorCode":"UDAPI1028","message":"Invalid interval","propertyPath":"getOHLC.interval","invalidValue":"day","error_code":"UDAPI1028","property_path":"getOHLC.interval","in
2026-08-16 11:07:12.736 | INFO     | services.elder_scanner:run_elder_scan:599 - Elder scan: 78 setups from 200 stocks
2026-08-16 11:07:15.712 | INFO     | services.elder_scanner:run_elder_scan:599 - Elder scan: 78 setups from 200 stocks
2026-08-16 11:08:31.954 | INFO     | news:fetch_news:226 - Fetched 40 unique news items (deduplicated by company)
2026-08-16 11:55:05.074 | ERROR    | api.upstox_client:get:80 - HTTP 400 for /market-quote/ohlc: {"status":"error","errors":[{"errorCode":"UDAPI1028","message":"Invalid interval","propertyPath":"getOHLC.interval","invalidValue":"day","error_code":"UDAPI1028","property_path":"getOHLC.interval","in
2026-08-16 11:55:07.208 | INFO     | services.vcp_scanner:run_vcp_scan:306 - VCP scan: 20 setups from 200 stocks
2026-08-16 11:55:07.637 | ERROR    | api.upstox_client:get:80 - HTTP 400 for /market-quote/ohlc: {"status":"error","errors":[{"errorCode":"UDAPI1028","message":"Invalid interval","propertyPath":"getOHLC.interval","invalidValue":"day","error_code":"UDAPI1028","property_path":"getOHLC.interval","in
2026-08-16 11:55:25.910 | INFO     | services.elder_scanner:run_elder_scan:599 - Elder scan: 78 setups from 200 stocks
2026-08-16 11:55:38.702 | INFO     | news:fetch_news:226 - Fetched 55 unique news items (deduplicated by company)
2026-08-16 11:56:31.769 | ERROR    | api.upstox_client:get:80 - HTTP 400 for /market-quote/ohlc: {"status":"error","errors":[{"errorCode":"UDAPI1028","message":"Invalid interval","propertyPath":"getOHLC.interval","invalidValue":"day","error_code":"UDAPI1028","property_path":"getOHLC.interval","in
2026-08-16 11:56:34.355 | INFO     | services.vcp_scanner:run_vcp_scan:306 - VCP scan: 20 setups from 200 stocks
2026-08-16 11:56:34.900 | ERROR    | api.upstox_client:get:80 - HTTP 400 for /market-quote/ohlc: {"status":"error","errors":[{"errorCode":"UDAPI1028","message":"Invalid interval","propertyPath":"getOHLC.interval","invalidValue":"day","error_code":"UDAPI1028","property_path":"getOHLC.interval","in
2026-08-16 11:57:05.440 | INFO     | services.elder_scanner:run_elder_scan:599 - Elder scan: 78 setups from 200 stocks
2026-08-16 12:10:06.229 | INFO     | services.instruments:_get_upstox_instrument_master:73 - Loaded 9667 NSE EQ instruments from Upstox master
2026-08-16 12:10:08.500 | INFO     | services.instruments:fetch_index_constituents:151 - Loaded 200 constituents for NIFTY 200
2026-08-16 12:10:09.323 | INFO     | news:fetch_news:226 - Fetched 55 unique news items (deduplicated by company)
2026-08-16 12:10:16.092 | ERROR    | api.upstox_client:get:80 - HTTP 400 for /market-quote/ohlc: {"status":"error","errors":[{"errorCode":"UDAPI1028","message":"Invalid interval","propertyPath":"getOHLC.interval","invalidValue":"1day","error_code":"UDAPI1028","property_path":"getOHLC.interval","i
2026-08-16 12:10:33.839 | ERROR    | api.upstox_client:get:80 - HTTP 400 for /market-quote/ohlc: {"status":"error","errors":[{"errorCode":"UDAPI1028","message":"Invalid interval","propertyPath":"getOHLC.interval","invalidValue":"1day","error_code":"UDAPI1028","property_path":"getOHLC.interval","i
2026-08-16 12:10:51.974 | INFO     | services.elder_scanner:run_elder_scan:594 - Elder scan: 42 setups from 200 stocks
2026-08-16 12:12:05.751 | ERROR    | api.upstox_client:get:80 - HTTP 400 for /market-quote/ohlc: {"status":"error","errors":[{"errorCode":"UDAPI1028","message":"Invalid interval","propertyPath":"getOHLC.interval","invalidValue":"1day","error_code":"UDAPI1028","property_path":"getOHLC.interval","i
2026-08-16 12:12:09.848 | ERROR    | api.upstox_client:get:80 - HTTP 400 for /market-quote/ohlc: {"status":"error","errors":[{"errorCode":"UDAPI1028","message":"Invalid interval","propertyPath":"getOHLC.interval","invalidValue":"1day","error_code":"UDAPI1028","property_path":"getOHLC.interval","i
2026-08-16 12:12:19.065 | INFO     | services.elder_scanner:run_elder_scan:594 - Elder scan: 42 setups from 200 stocks
2026-08-16 12:12:35.572 | ERROR    | api.upstox_client:get:80 - HTTP 400 for /market-quote/ohlc: {"status":"error","errors":[{"errorCode":"UDAPI1028","message":"Invalid interval","propertyPath":"getOHLC.interval","invalidValue":"1day","error_code":"UDAPI1028","property_path":"getOHLC.interval","i
2026-08-16 12:19:20.789 | INFO     | services.instruments:_get_upstox_instrument_master:73 - Loaded 9667 NSE EQ instruments from Upstox master
2026-08-16 12:19:23.094 | INFO     | services.instruments:fetch_index_constituents:151 - Loaded 200 constituents for NIFTY 200
2026-08-16 12:19:23.232 | ERROR    | api.upstox_client:get:80 - HTTP 400 for /market-quote/ohlc: {"status":"error","errors":[{"errorCode":"UDAPI1028","message":"Invalid interval","propertyPath":"getOHLC.interval","invalidValue":"1day","error_code":"UDAPI1028","property_path":"getOHLC.interval","i
2026-08-16 12:19:37.301 | ERROR    | api.upstox_client:get:80 - HTTP 400 for /market-quote/ohlc: {"status":"error","errors":[{"errorCode":"UDAPI1028","message":"Invalid interval","propertyPath":"getOHLC.interval","invalidValue":"1day","error_code":"UDAPI1028","property_path":"getOHLC.interval","i
2026-08-16 12:19:54.431 | INFO     | services.elder_scanner:run_elder_scan:594 - Elder scan: 42 setups from 200 stocks
2026-08-16 12:26:02.313 | INFO     | services.instruments:_get_upstox_instrument_master:73 - Loaded 9667 NSE EQ instruments from Upstox master
2026-08-16 12:26:04.733 | INFO     | services.instruments:fetch_index_constituents:151 - Loaded 200 constituents for NIFTY 200
2026-08-16 12:26:04.850 | ERROR    | api.upstox_client:get:80 - HTTP 400 for /market-quote/ohlc: {"status":"error","errors":[{"errorCode":"UDAPI1028","message":"Invalid interval","propertyPath":"getOHLC.interval","invalidValue":"1day","error_code":"UDAPI1028","property_path":"getOHLC.interval","i
2026-08-16 12:26:20.614 | INFO     | services.vcp_scanner:run_vcp_scan:329 - VCP scan: 28 setups from 200 stocks
2026-08-16 12:26:20.885 | ERROR    | api.upstox_client:get:80 - HTTP 400 for /market-quote/ohlc: {"status":"error","errors":[{"errorCode":"UDAPI1028","message":"Invalid interval","propertyPath":"getOHLC.interval","invalidValue":"1day","error_code":"UDAPI1028","property_path":"getOHLC.interval","i
2026-08-16 12:26:38.542 | INFO     | services.elder_scanner:run_elder_scan:594 - Elder scan: 42 setups from 200 stocks
2026-08-16 12:28:50.082 | ERROR    | api.upstox_client:get:80 - HTTP 400 for /market-quote/ohlc: {"status":"error","errors":[{"errorCode":"UDAPI1028","message":"Invalid interval","propertyPath":"getOHLC.interval","invalidValue":"1day","error_code":"UDAPI1028","property_path":"getOHLC.interval","i
2026-08-16 12:28:54.414 | INFO     | services.vcp_scanner:run_vcp_scan:329 - VCP scan: 28 setups from 200 stocks
2026-08-16 12:28:54.599 | ERROR    | api.upstox_client:get:80 - HTTP 400 for /market-quote/ohlc: {"status":"error","errors":[{"errorCode":"UDAPI1028","message":"Invalid interval","propertyPath":"getOHLC.interval","invalidValue":"1day","error_code":"UDAPI1028","property_path":"getOHLC.interval","i
2026-08-16 12:29:02.377 | INFO     | services.elder_scanner:run_elder_scan:594 - Elder scan: 42 setups from 200 stocks
2026-08-16 12:32:48.992 | INFO     | services.instruments:_get_upstox_instrument_master:73 - Loaded 9667 NSE EQ instruments from Upstox master
2026-08-16 12:32:51.568 | INFO     | services.instruments:fetch_index_constituents:151 - Loaded 200 constituents for NIFTY 200
2026-08-16 12:32:51.702 | ERROR    | api.upstox_client:get:80 - HTTP 400 for /market-quote/ohlc: {"status":"error","errors":[{"errorCode":"UDAPI1028","message":"Invalid interval","propertyPath":"getOHLC.interval","invalidValue":"1day","error_code":"UDAPI1028","property_path":"getOHLC.interval","i
2026-08-16 12:33:06.908 | INFO     | services.vcp_scanner:run_vcp_scan:329 - VCP scan: 28 setups from 200 stocks
2026-08-16 12:34:46.629 | INFO     | services.instruments:_get_upstox_instrument_master:73 - Loaded 9667 NSE EQ instruments from Upstox master
2026-08-16 12:34:49.154 | INFO     | services.instruments:fetch_index_constituents:151 - Loaded 200 constituents for NIFTY 200
2026-08-16 12:34:49.270 | ERROR    | api.upstox_client:get:80 - HTTP 400 for /market-quote/ohlc: {"status":"error","errors":[{"errorCode":"UDAPI1028","message":"Invalid interval","propertyPath":"getOHLC.interval","invalidValue":"1day","error_code":"UDAPI1028","property_path":"getOHLC.interval","i
2026-08-16 12:35:03.655 | INFO     | services.vcp_scanner:run_vcp_scan:329 - VCP scan: 28 setups from 200 stocks
2026-08-16 12:35:09.010 | ERROR    | api.upstox_client:get:80 - HTTP 400 for /market-quote/ohlc: {"status":"error","errors":[{"errorCode":"UDAPI1028","message":"Invalid interval","propertyPath":"getOHLC.interval","invalidValue":"1day","error_code":"UDAPI1028","property_path":"getOHLC.interval","i
2026-08-16 12:35:27.929 | INFO     | services.elder_scanner:run_elder_scan:594 - Elder scan: 42 setups from 200 stocks
2026-08-16 12:39:36.028 | INFO     | services.instruments:_get_upstox_instrument_master:73 - Loaded 9667 NSE EQ instruments from Upstox master
2026-08-16 12:39:38.139 | INFO     | services.instruments:fetch_index_constituents:151 - Loaded 200 constituents for NIFTY 200
2026-08-16 12:39:38.250 | ERROR    | api.upstox_client:get:80 - HTTP 400 for /market-quote/ohlc: {"status":"error","errors":[{"errorCode":"UDAPI1028","message":"Invalid interval","propertyPath":"getOHLC.interval","invalidValue":"1day","error_code":"UDAPI1028","property_path":"getOHLC.interval","i
2026-08-16 12:39:52.548 | INFO     | services.vcp_scanner:run_vcp_scan:329 - VCP scan: 28 setups from 200 stocks
2026-08-16 12:43:32.845 | INFO     | services.instruments:_get_upstox_instrument_master:73 - Loaded 9667 NSE EQ instruments from Upstox master
2026-08-16 12:43:35.669 | INFO     | services.instruments:fetch_index_constituents:151 - Loaded 200 constituents for NIFTY 200
2026-08-16 12:43:35.783 | ERROR    | api.upstox_client:get:80 - HTTP 400 for /market-quote/ohlc: {"status":"error","errors":[{"errorCode":"UDAPI1027","message":"interval is required","propertyPath":"getOHLC.interval","invalidValue":null,"error_code":"UDAPI1027","property_path":"getOHLC.interval",
2026-08-16 12:43:50.781 | INFO     | services.vcp_scanner:run_vcp_scan:329 - VCP scan: 28 setups from 200 stocks
2026-08-16 12:43:55.752 | ERROR    | api.upstox_client:get:80 - HTTP 400 for /market-quote/ohlc: {"status":"error","errors":[{"errorCode":"UDAPI1027","message":"interval is required","propertyPath":"getOHLC.interval","invalidValue":null,"error_code":"UDAPI1027","property_path":"getOHLC.interval",
2026-08-16 12:44:16.365 | INFO     | services.elder_scanner:run_elder_scan:594 - Elder scan: 42 setups from 200 stocks
2026-08-16 12:44:35.477 | INFO     | news:fetch_news:226 - Fetched 54 unique news items (deduplicated by company)
2026-08-16 12:46:17.028 | INFO     | services.instruments:_get_upstox_instrument_master:73 - Loaded 9667 NSE EQ instruments from Upstox master
2026-08-16 12:46:19.205 | INFO     | services.instruments:fetch_index_constituents:151 - Loaded 200 constituents for NIFTY 200
2026-08-16 12:47:01.330 | INFO     | services.vcp_scanner:run_vcp_scan:329 - VCP scan: 28 setups from 200 stocks
2026-08-16 12:47:52.872 | INFO     | services.elder_scanner:run_elder_scan:594 - Elder scan: 42 setups from 200 stocks
2026-08-16 13:22:19.158 | INFO     | services.instruments:_get_upstox_instrument_master:73 - Loaded 9667 NSE EQ instruments from Upstox master
2026-08-16 13:22:21.794 | INFO     | services.instruments:fetch_index_constituents:151 - Loaded 200 constituents for NIFTY 200
2026-08-16 13:29:25.660 | INFO     | services.instruments:_get_upstox_instrument_master:73 - Loaded 9667 NSE EQ instruments from Upstox master
2026-08-16 13:29:28.417 | INFO     | services.instruments:fetch_index_constituents:151 - Loaded 200 constituents for NIFTY 200
2026-08-16 13:30:44.717 | INFO     | services.vcp_scanner:run_vcp_scan:329 - VCP scan: 28 setups from 200 stocks
2026-08-16 13:32:22.300 | INFO     | services.elder_scanner:run_elder_scan:450 - Elder scan: 118 setups from 200 stocks
2026-08-16 14:57:53.952 | INFO     | services.instruments:_get_upstox_instrument_master:73 - Loaded 9667 NSE EQ instruments from Upstox master
2026-08-16 14:57:56.749 | INFO     | services.instruments:fetch_index_constituents:151 - Loaded 200 constituents for NIFTY 200
2026-08-16 14:58:47.790 | INFO     | services.vcp_scanner:run_vcp_scan:329 - VCP scan: 28 setups from 200 stocks
2026-08-16 14:59:45.361 | INFO     | services.elder_scanner:run_elder_scan:450 - Elder scan: 118 setups from 200 stocks
2026-08-16 15:25:16.283 | INFO     | services.instruments:_get_upstox_instrument_master:73 - Loaded 9667 NSE EQ instruments from Upstox master
2026-08-16 15:25:18.494 | INFO     | services.instruments:fetch_index_constituents:151 - Loaded 200 constituents for NIFTY 200
2026-08-16 15:25:59.056 | INFO     | services.vcp_scanner:run_vcp_scan:329 - VCP scan: 28 setups from 200 stocks
2026-08-16 15:26:48.654 | INFO     | services.elder_scanner:run_elder_scan:450 - Elder scan: 118 setups from 200 stocks
2026-08-16 15:29:01.679 | INFO     | services.instruments:_get_upstox_instrument_master:73 - Loaded 9667 NSE EQ instruments from Upstox master
2026-08-16 15:29:04.364 | INFO     | services.instruments:fetch_index_constituents:151 - Loaded 200 constituents for NIFTY 200
2026-08-16 15:29:45.513 | INFO     | services.vcp_scanner:run_vcp_scan:329 - VCP scan: 11 setups from 200 stocks
2026-08-16 15:31:06.481 | INFO     | services.instruments:_get_upstox_instrument_master:73 - Loaded 9667 NSE EQ instruments from Upstox master
2026-08-16 15:31:08.794 | INFO     | services.instruments:fetch_index_constituents:151 - Loaded 200 constituents for NIFTY 200
2026-08-16 15:31:54.915 | INFO     | services.vcp_scanner:run_vcp_scan:329 - VCP scan: 11 setups from 200 stocks
2026-08-16 15:32:38.521 | INFO     | services.elder_scanner:run_elder_scan:450 - Elder scan: 118 setups from 200 stocks
2026-08-16 15:35:38.280 | INFO     | services.instruments:_get_upstox_instrument_master:73 - Loaded 9667 NSE EQ instruments from Upstox master
2026-08-16 15:35:40.863 | INFO     | services.instruments:fetch_index_constituents:151 - Loaded 200 constituents for NIFTY 200
2026-08-16 15:36:23.530 | INFO     | services.vcp_scanner:run_vcp_scan:329 - VCP scan: 11 setups from 200 stocks
2026-08-16 15:37:09.458 | INFO     | services.elder_scanner:run_elder_scan:450 - Elder scan: 118 setups from 200 stocks
2026-08-16 15:39:12.233 | INFO     | services.instruments:_get_upstox_instrument_master:73 - Loaded 9667 NSE EQ instruments from Upstox master
2026-08-16 15:39:14.786 | INFO     | services.instruments:fetch_index_constituents:151 - Loaded 200 constituents for NIFTY 200
2026-08-16 15:39:21.317 | INFO     | news:fetch_news:246 - Fetched 39 unique news items (deduplicated by company)
2026-08-16 15:40:11.538 | INFO     | services.vcp_scanner:run_vcp_scan:329 - VCP scan: 11 setups from 200 stocks
2026-08-16 15:40:59.405 | INFO     | services.elder_scanner:run_elder_scan:450 - Elder scan: 118 setups from 200 stocks
2026-08-16 15:42:24.541 | INFO     | services.instruments:_get_upstox_instrument_master:73 - Loaded 9667 NSE EQ instruments from Upstox master
2026-08-16 15:42:26.807 | INFO     | services.instruments:fetch_index_constituents:151 - Loaded 200 constituents for NIFTY 200
2026-08-16 15:43:13.543 | INFO     | services.vcp_scanner:run_vcp_scan:329 - VCP scan: 11 setups from 200 stocks
2026-08-16 15:44:06.171 | INFO     | services.elder_scanner:run_elder_scan:450 - Elder scan: 118 setups from 200 stocks
2026-08-16 15:46:23.717 | INFO     | services.instruments:_get_upstox_instrument_master:73 - Loaded 9667 NSE EQ instruments from Upstox master
2026-08-16 15:46:26.287 | INFO     | services.instruments:fetch_index_constituents:151 - Loaded 200 constituents for NIFTY 200
2026-08-16 15:47:10.746 | INFO     | services.vcp_scanner:run_vcp_scan:329 - VCP scan: 11 setups from 200 stocks
2026-08-16 15:48:00.427 | INFO     | services.elder_scanner:run_elder_scan:450 - Elder scan: 118 setups from 200 stocks
2026-08-16 15:49:12.350 | INFO     | services.instruments:_get_upstox_instrument_master:73 - Loaded 9667 NSE EQ instruments from Upstox master
2026-08-16 15:49:14.671 | INFO     | services.instruments:fetch_index_constituents:151 - Loaded 200 constituents for NIFTY 200
2026-08-16 15:49:56.773 | INFO     | services.vcp_scanner:run_vcp_scan:329 - VCP scan: 11 setups from 200 stocks
2026-08-16 15:51:11.293 | INFO     | services.elder_scanner:run_elder_scan:450 - Elder scan: 118 setups from 200 stocks
2026-08-16 15:53:25.061 | INFO     | services.vcp_scanner:run_vcp_scan:329 - VCP scan: 11 setups from 200 stocks
2026-08-16 15:53:30.602 | INFO     | services.vcp_scanner:run_vcp_scan:329 - VCP scan: 11 setups from 200 stocks
2026-08-16 15:54:03.586 | INFO     | services.elder_scanner:run_elder_scan:450 - Elder scan: 118 setups from 200 stocks
2026-08-16 15:58:23.738 | INFO     | services.instruments:_get_upstox_instrument_master:73 - Loaded 9667 NSE EQ instruments from Upstox master
2026-08-16 15:58:26.689 | INFO     | services.instruments:fetch_index_constituents:151 - Loaded 200 constituents for NIFTY 200
2026-08-16 15:59:10.771 | INFO     | services.vcp_scanner:run_vcp_scan:329 - VCP scan: 11 setups from 200 stocks
2026-08-16 15:59:59.647 | INFO     | services.elder_scanner:run_elder_scan:450 - Elder scan: 118 setups from 200 stocks
2026-08-16 16:02:18.943 | INFO     | services.instruments:_get_upstox_instrument_master:73 - Loaded 9667 NSE EQ instruments from Upstox master
2026-08-16 16:02:21.100 | INFO     | services.instruments:fetch_index_constituents:151 - Loaded 200 constituents for NIFTY 200
2026-08-16 16:02:21.806 | INFO     | news:fetch_news:246 - Fetched 39 unique news items (deduplicated by company)
2026-08-16 16:03:10.217 | INFO     | services.vcp_scanner:run_vcp_scan:329 - VCP scan: 11 setups from 200 stocks
2026-08-16 16:03:55.734 | INFO     | services.elder_scanner:run_elder_scan:450 - Elder scan: 118 setups from 200 stocks
2026-08-16 16:05:22.522 | INFO     | services.instruments:_get_upstox_instrument_master:73 - Loaded 9667 NSE EQ instruments from Upstox master
2026-08-16 16:05:24.688 | INFO     | services.instruments:fetch_index_constituents:151 - Loaded 200 constituents for NIFTY 200
2026-08-16 16:06:11.114 | INFO     | services.vcp_scanner:run_vcp_scan:329 - VCP scan: 11 setups from 200 stocks
2026-08-16 16:07:02.698 | INFO     | services.elder_scanner:run_elder_scan:450 - Elder scan: 118 setups from 200 stocks
2026-08-16 16:08:00.276 | INFO     | news:fetch_news:246 - Fetched 39 unique news items (deduplicated by company)
2026-08-16 16:12:21.423 | INFO     | services.instruments:_get_upstox_instrument_master:73 - Loaded 9667 NSE EQ instruments from Upstox master
2026-08-16 16:12:24.179 | INFO     | services.instruments:fetch_index_constituents:151 - Loaded 200 constituents for NIFTY 200
2026-08-16 16:13:07.787 | INFO     | services.vcp_scanner:run_vcp_scan:329 - VCP scan: 11 setups from 200 stocks
2026-08-16 16:13:55.988 | INFO     | services.elder_scanner:run_elder_scan:450 - Elder scan: 118 setups from 200 stocks
2026-08-16 16:18:34.934 | INFO     | services.instruments:_get_upstox_instrument_master:73 - Loaded 9667 NSE EQ instruments from Upstox master
2026-08-16 16:18:37.740 | INFO     | services.instruments:fetch_index_constituents:151 - Loaded 200 constituents for NIFTY 200
2026-08-16 16:19:21.494 | INFO     | services.vcp_scanner:run_vcp_scan:329 - VCP scan: 11 setups from 200 stocks
2026-08-16 16:20:14.813 | INFO     | services.elder_scanner:run_elder_scan:450 - Elder scan: 118 setups from 200 stocks
2026-08-16 16:23:22.145 | INFO     | services.vcp_scanner:run_vcp_scan:329 - VCP scan: 11 setups from 200 stocks
2026-08-16 16:24:02.874 | INFO     | services.elder_scanner:run_elder_scan:450 - Elder scan: 118 setups from 200 stocks
2026-08-16 16:27:45.143 | INFO     | services.instruments:_get_upstox_instrument_master:73 - Loaded 9667 NSE EQ instruments from Upstox master
2026-08-16 16:27:47.563 | INFO     | services.instruments:fetch_index_constituents:151 - Loaded 200 constituents for NIFTY 200
2026-08-16 16:28:31.882 | INFO     | services.vcp_scanner:run_vcp_scan:329 - VCP scan: 11 setups from 200 stocks
2026-08-16 16:29:18.223 | INFO     | services.elder_scanner:run_elder_scan:450 - Elder scan: 118 setups from 200 stocks
2026-08-16 16:31:11.862 | INFO     | services.instruments:_get_upstox_instrument_master:73 - Loaded 9667 NSE EQ instruments from Upstox master
2026-08-16 16:31:14.732 | INFO     | services.instruments:fetch_index_constituents:151 - Loaded 200 constituents for NIFTY 200
2026-08-16 16:31:58.258 | INFO     | services.vcp_scanner:run_vcp_scan:329 - VCP scan: 11 setups from 200 stocks
2026-08-16 16:32:49.903 | INFO     | services.elder_scanner:run_elder_scan:450 - Elder scan: 118 setups from 200 stocks
2026-08-16 16:38:57.505 | INFO     | services.instruments:_get_upstox_instrument_master:73 - Loaded 9667 NSE EQ instruments from Upstox master
2026-08-16 16:39:00.073 | INFO     | services.instruments:fetch_index_constituents:151 - Loaded 200 constituents for NIFTY 200
2026-08-16 16:39:50.239 | INFO     | services.vcp_scanner:run_vcp_scan:329 - VCP scan: 11 setups from 200 stocks
2026-08-16 16:40:44.999 | INFO     | services.elder_scanner:run_elder_scan:450 - Elder scan: 118 setups from 200 stocks
2026-08-16 16:43:54.719 | INFO     | services.instruments:_get_upstox_instrument_master:73 - Loaded 9667 NSE EQ instruments from Upstox master
2026-08-16 16:43:56.919 | INFO     | services.instruments:fetch_index_constituents:151 - Loaded 200 constituents for NIFTY 200
2026-08-16 16:44:58.279 | INFO     | services.scan_runner:_combined_scan:78 - Combined scan: VCP=11, Elder=118 from 200 stocks
2026-08-16 16:46:13.229 | INFO     | news:fetch_news:246 - Fetched 39 unique news items (deduplicated by company)
2026-08-16 17:03:17.856 | INFO     | services.instruments:_get_upstox_instrument_master:73 - Loaded 9667 NSE EQ instruments from Upstox master
2026-08-16 17:03:20.475 | INFO     | services.instruments:fetch_index_constituents:151 - Loaded 200 constituents for NIFTY 200
2026-08-16 17:04:25.255 | INFO     | services.scan_runner:_combined_scan:78 - Combined scan: VCP=11, Elder=118 from 200 stocks
2026-08-16 17:21:08.125 | INFO     | services.scan_runner:_combined_scan:78 - Combined scan: VCP=11, Elder=118 from 200 stocks
2026-08-16 17:30:05.235 | INFO     | services.instruments:_get_upstox_instrument_master:73 - Loaded 9667 NSE EQ instruments from Upstox master
2026-08-16 17:30:07.403 | INFO     | services.instruments:fetch_index_constituents:151 - Loaded 200 constituents for NIFTY 200
2026-08-16 17:31:04.720 | INFO     | services.scan_runner:_combined_scan:78 - Combined scan: VCP=11, Elder=118 from 200 stocks
2026-08-16 17:49:21.428 | INFO     | news:fetch_news:246 - Fetched 39 unique news items (deduplicated by company)
2026-08-16 21:52:29.184 | INFO     | services.instruments:_get_upstox_instrument_master:73 - Loaded 9667 NSE EQ instruments from Upstox master
2026-08-16 21:52:31.352 | INFO     | services.instruments:fetch_index_constituents:151 - Loaded 200 constituents for NIFTY 200
2026-08-16 21:53:30.853 | INFO     | services.scan_runner:_combined_scan:78 - Combined scan: VCP=11, Elder=118 from 200 stocks
2026-08-16 22:29:17.558 | INFO     | services.instruments:_get_upstox_instrument_master:73 - Loaded 9667 NSE EQ instruments from Upstox master
2026-08-16 22:29:19.791 | INFO     | services.instruments:fetch_index_constituents:151 - Loaded 200 constituents for NIFTY 200
2026-08-16 22:30:36.496 | INFO     | services.scan_runner:_combined_scan:78 - Combined scan: VCP=11, Elder=118 from 200 stocks
2026-08-16 22:30:36.496 | INFO     | pages.ai_picks:_render_vcp:188 - VCP UI: Before filtering - 11 setups, 2 breakouts
2026-08-16 22:30:36.496 | INFO     | pages.ai_picks:_render_vcp:204 - VCP UI: After filtering - 10 setups, 2 breakouts, 8 near pivot
2026-08-16 22:30:36.496 | INFO     | pages.ai_picks:_render_vcp:205 - VCP UI: Filtered out 1 low-score non-breakout setups
